unique_key,created_date,closed_date,agency,agency_name,complaint_type,descriptor,location_type,incident_zip,incident_address,street_name,cross_street_1,cross_street_2,address_type,city,facility_type,status,due_date,resolution_description,resolution_action_updated_date,community_board,borough,x_coordinate_state_plane,y_coordinate_state_plane,park_facility_name,park_borough,latitude,longitude,location,intersection_street_1,intersection_street_2,taxi_pick_up_location
34439635,2016-09-30T00:00:00.000,2016-10-06T00:00:00.000,DOHMH,Department of Health and Mental Hygiene,Rodent,Condition Attracting Rodents,3+ Family Apt. Building,10459,810 EAST  168 STREET,EAST  168 STREET,UNION AVENUE,PROSPECT AVENUE,ADDRESS,BRONX,N/A,Closed,2016-10-30T14:41:03.000,The Department of Health and Mental Hygiene will review your complaint to determine appropriate action.  Complaints of this type usually result in an inspection.  Please call 311 in 30 days from the date of your complaint for status,2016-10-06T00:00:00.000,03 BRONX,BRONX,1012245,241222,Unspecified,BRONX,40.82872977245334,-73.89884202415638,"{'type': 'Point', 'coordinates': [-73.89884202415638, 40.82872977245334]}",,,
34441818,2016-09-30T00:00:00.000,2016-10-14T00:00:00.000,DOHMH,Department of Health and Mental Hygiene,Unsanitary Animal Pvt Property,Dog,3+ Family Apartment Building,11207,629 WILSON AVENUE,WILSON AVENUE,DECATUR STREET,COOPER STREET,ADDRESS,BROOKLYN,N/A,Closed,2016-10-30T08:02:14.000,The Department of Health and Mental Hygiene will review your complaint to determine appropriate action.  Complaints of this type usually result in an inspection.  Please call 311 in 30 days from the date of your complaint for status,2016-10-14T00:00:00.000,04 BROOKLYN,BROOKLYN,1010243,190548,Unspecified,BROOKLYN,40.68964884630271,-73.90627202762974,"{'type': 'Point', 'coordinates': [-73.90627202762974, 40.68964884630271]}",,,
34440924,2016-09-30T00:00:00.000,2016-10-12T00:00:00.000,DOHMH,Department of Health and Mental Hygiene,Rodent,Rat Sighting,3+ Family Apt. Building,11377,40-08 57 STREET,57 STREET,WOODSIDE AVENUE,ROOSEVELT AVENUE,ADDRESS,Woodside,N/A,Closed,2016-10-30T13:48:42.000,The Department of Health and Mental Hygiene will review your complaint to determine appropriate action.  Complaints of this type usually result in an inspection.  Please call 311 in 30 days from the date of your complaint for status,2016-10-12T00:00:00.000,02 QUEENS,QUEENS,1009929,210994,Unspecified,QUEENS,40.745769091470585,-73.907326278452,"{'type': 'Point', 'coordinates': [-73.907326278452, 40.745769091470585]}",,,
34440946,2016-09-30T00:00:00.000,2016-10-06T00:00:00.000,DOHMH,Department of Health and Mental Hygiene,Rodent,Rat Sighting,3+ Family Mixed Use Building,10456,EAST 169 STREET,EAST 169 STREET,PARK AVENUE,WASHINGTON AVENUE,BLOCKFACE,BRONX,N/A,Closed,2016-10-30T12:37:29.000,The Department of Health and Mental Hygiene will review your complaint to determine appropriate action.  Complaints of this type usually result in an inspection.  Please call 311 in 30 days from the date of your complaint for status,2016-10-06T00:00:00.000,Unspecified BRONX,BRONX,,,Unspecified,BRONX,,,,,,
34443086,2016-09-30T00:00:00.000,2016-10-02T00:00:00.000,DOHMH,Department of Health and Mental Hygiene,Rodent,Rat Sighting,1-2 Family Dwelling,10472,1134 ROSEDALE AVENUE,ROSEDALE AVENUE,WATSON AVENUE,GLEASON AVENUE,ADDRESS,BRONX,N/A,Closed,2016-10-30T11:29:01.000,The Department of Health and Mental Hygiene will review your complaint to determine appropriate action.  Complaints of this type usually result in an inspection.  Please call 311 in 30 days from the date of your complaint for status,2016-10-02T00:00:00.000,09 BRONX,BRONX,1020659,241113,Unspecified,BRONX,40.828399922040205,-73.86843925521042,"{'type': 'Point', 'coordinates': [-73.86843925521042, 40.828399922040205]}",,,
34440838,2016-09-30T00:00:00.000,2016-09-30T00:00:00.000,DOHMH,Department of Health and Mental Hygiene,Rodent,Condition Attracting Rodents,1-2 Family Dwelling,10465,220 REVERE AVENUE,REVERE AVENUE,HARDING AVENUE,LAWTON AVENUE,ADDRESS,BRONX,N/A,Closed,2016-10-30T18:31:11.000,The Department of Health and Mental Hygiene will review your complaint to determine appropriate action.  Complaints of this type usually result in an inspection.  Please call 311 in 30 days from the date of your complaint for status,2016-09-30T18:34:55.000,10 BRONX,BRONX,1034909,236775,Unspecified,BRONX,40.816423128515986,-73.81698100240278,"{'type': 'Point', 'coordinates': [-73.81698100240278, 40.816423128515986]}",,,
34440231,2016-09-30T00:00:00.000,2016-10-19T00:00:00.000,DOHMH,Department of Health and Mental Hygiene,Rodent,Rat Sighting,3+ Family Apt. Building,10028,445 EAST   83 STREET,EAST   83 STREET,1 AVENUE,YORK AVENUE,ADDRESS,NEW YORK,N/A,Closed,2016-10-30T18:52:33.000,The Department of Health and Mental Hygiene will review your complaint to determine appropriate action.  Complaints of this type usually result in an inspection.  Please call 311 in 30 days from the date of your complaint for status,2016-10-19T00:00:00.000,08 MANHATTAN,MANHATTAN,998168,221450,Unspecified,MANHATTAN,40.77449445696748,-73.94974924771603,"{'type': 'Point', 'coordinates': [-73.94974924771603, 40.77449445696748]}",,,
34440936,2016-09-30T00:00:00.000,2016-09-30T00:00:00.000,DOHMH,Department of Health and Mental Hygiene,Rodent,Rat Sighting,3+ Family Apt. Building,10467,679 MAGENTA STREET,MAGENTA STREET,OLINVILLE AVENUE,WHITE PLAINS ROAD,ADDRESS,BRONX,N/A,Closed,2016-10-30T10:16:33.000,The Department of Health and Mental Hygiene will review your complaint to determine appropriate action.  Complaints of this type usually result in an inspection.  Please call 311 in 30 days from the date of your complaint for status,2016-09-30T10:24:19.000,12 BRONX,BRONX,1020811,258198,Unspecified,BRONX,40.87529249437939,-73.86779684567934,"{'type': 'Point', 'coordinates': [-73.86779684567934, 40.87529249437939]}",,,
34443132,2016-09-30T00:00:00.000,2016-10-06T00:00:00.000,DOHMH,Department of Health and Mental Hygiene,Rodent,Rat Sighting,3+ Family Apt. Building,10459,1417 PROSPECT AVENUE,PROSPECT AVENUE,JENNINGS STREET,EAST 170 STREET,ADDRESS,BRONX,N/A,Closed,2016-10-30T23:18:41.000,The Department of Health and Mental Hygiene will review your complaint to determine appropriate action.  Complaints of this type usually result in an inspection.  Please call 311 in 30 days from the date of your complaint for status,2016-10-06T00:00:00.000,03 BRONX,BRONX,1012869,242619,Unspecified,BRONX,40.832562134246665,-73.89658128613883,"{'type': 'Point', 'coordinates': [-73.89658128613883, 40.832562134246665]}",,,
34438587,2016-09-30T00:00:00.000,2016-09-30T00:00:00.000,DOHMH,Department of Health and Mental Hygiene,Unsanitary Animal Pvt Property,Dog,1-2 Family Dwelling,10465,3135 COUNTRY CLUB ROAD,COUNTRY CLUB ROAD,KEARNEY AVENUE,ROBERTSON PLACE,ADDRESS,BRONX,N/A,Closed,2016-10-30T12:26:07.000,The Department of Health and Mental Hygiene will review your complaint to determine appropriate action.  Complaints of this type usually result in an inspection.  Please call 311 in 30 days from the date of your complaint for status,2016-09-30T12:33:27.000,10 BRONX,BRONX,1032853,246276,Unspecified,BRONX,40.84251215227546,-73.82433999222908,"{'type': 'Point', 'coordinates': [-73.82433999222908, 40.84251215227546]}",,,
34440947,2016-09-30T00:00:00.000,2016-10-05T00:00:00.000,DOHMH,Department of Health and Mental Hygiene,Rodent,Rat Sighting,Other (Explain Below),10019,WEST 49 STREET,WEST 49 STREET,9 AVENUE,10 AVENUE,BLOCKFACE,NEW YORK,N/A,Closed,2016-10-30T14:59:52.000,The Department of Health and Mental Hygiene will review your complaint to determine appropriate action.  Complaints of this type usually result in an inspection.  Please call 311 in 30 days from the date of your complaint for status,2016-10-05T00:00:00.000,Unspecified MANHATTAN,MANHATTAN,986792,217425,Unspecified,MANHATTAN,40.763457470026104,-73.99082366446505,"{'type': 'Point', 'coordinates': [-73.99082366446505, 40.763457470026104]}",,,
34440215,2016-09-30T00:00:00.000,2016-10-07T00:00:00.000,DOHMH,Department of Health and Mental Hygiene,Rodent,Rat Sighting,3+ Family Apt. Building,10034,577 ISHAM STREET,ISHAM STREET,,,LATLONG,NEW YORK,N/A,Closed,2016-10-30T21:47:31.000,The Department of Health and Mental Hygiene will review your complaint to determine appropriate action.  Complaints of this type usually result in an inspection.  Please call 311 in 30 days from the date of your complaint for status,2016-10-07T00:00:00.000,Unspecified MANHATTAN,MANHATTAN,1006495,255683,Unspecified,MANHATTAN,40.86843728462006,-73.91957125646472,"{'type': 'Point', 'coordinates': [-73.91957125646472, 40.86843728462006]}",,,
34441186,2016-09-30T00:00:00.000,2016-09-30T00:00:00.000,DOHMH,Department of Health and Mental Hygiene,Rodent,Condition Attracting Rodents,3+ Family Apt. Building,10461,2437 LYVERE STREET,LYVERE STREET,BEND,EAST TREMONT AVENUE,ADDRESS,BRONX,N/A,Closed,2016-10-30T18:25:59.000,The Department of Health and Mental Hygiene will review your complaint to determine appropriate action.  Complaints of this type usually result in an inspection.  Please call 311 in 30 days from the date of your complaint for status,2016-09-30T18:34:54.000,10 BRONX,BRONX,1025139,246143,Unspecified,BRONX,40.84218619518547,-73.85222053252758,"{'type': 'Point', 'coordinates': [-73.85222053252758, 40.84218619518547]}",,,
34438427,2016-09-30T00:00:00.000,2016-10-02T00:00:00.000,DOHMH,Department of Health and Mental Hygiene,Unsanitary Pigeon Condition,Pigeon Waste,1-2 Family Dwelling,10472,1157 MANOR AVENUE,MANOR AVENUE,WATSON AVENUE,WESTCHESTER AVENUE,ADDRESS,BRONX,N/A,Closed,2016-10-30T10:38:59.000,The Department of Health and Mental Hygiene will review your complaint to determine appropriate action.  Complaints of this type usually result in an inspection.  Please call 311 in 30 days from the date of your complaint for status,2016-10-02T00:00:00.000,09 BRONX,BRONX,1018525,240912,Unspecified,BRONX,40.827856774058226,-73.87615129428903,"{'type': 'Point', 'coordinates': [-73.87615129428903, 40.827856774058226]}",,,
34441415,2016-09-30T00:00:00.000,2016-10-07T00:00:00.000,DOHMH,Department of Health and Mental Hygiene,Rodent,Mouse Sighting,3+ Family Apt. Building,11229,KINGS HWY,KINGS HWY,,,LATLONG,BROOKLYN,N/A,Closed,2016-10-30T17:45:54.000,The Department of Health and Mental Hygiene will review your complaint to determine appropriate action.  Complaints of this type usually result in an inspection.  Please call 311 in 30 days from the date of your complaint for status,2016-10-07T00:00:00.000,Unspecified BROOKLYN,BROOKLYN,998808,163003,Unspecified,BROOKLYN,40.614070032653416,-73.94756485332485,"{'type': 'Point', 'coordinates': [-73.94756485332485, 40.614070032653416]}",,,
34437926,2016-09-30T00:00:00.000,2016-10-11T00:00:00.000,DOHMH,Department of Health and Mental Hygiene,Rodent,Rat Sighting,Other (Explain Below),10468,2630 UNIVERSITY AVENUE,UNIVERSITY AVENUE,WEST 192 STREET,WEST KINGSBRIDGE ROAD,ADDRESS,BRONX,N/A,Closed,2016-10-30T14:01:55.000,The Department of Health and Mental Hygiene will review your complaint to determine appropriate action.  Complaints of this type usually result in an inspection.  Please call 311 in 30 days from the date of your complaint for status,2016-10-11T00:00:00.000,07 BRONX,BRONX,1011446,255345,Unspecified,BRONX,40.867495712743846,-73.90167186828475,"{'type': 'Point', 'coordinates': [-73.90167186828475, 40.867495712743846]}",,,
34442263,2016-09-30T00:00:00.000,2016-09-30T00:00:00.000,DOHMH,Department of Health and Mental Hygiene,Rodent,Condition Attracting Rodents,Commercial Building,10011,77 7TH AVENUE,7TH AVENUE,,,LATLONG,NEW YORK,N/A,Closed,2016-10-30T11:09:35.000,The Department of Health and Mental Hygiene will review your complaint to determine appropriate action.  Complaints of this type usually result in an inspection.  Please call 311 in 30 days from the date of your complaint for status,2016-09-30T11:12:09.000,Unspecified MANHATTAN,MANHATTAN,984495,208430,Unspecified,MANHATTAN,40.73876883084029,-73.9991159051341,"{'type': 'Point', 'coordinates': [-73.9991159051341, 40.73876883084029]}",,,
34439411,2016-09-30T00:00:00.000,2016-10-04T00:00:00.000,DOHMH,Department of Health and Mental Hygiene,Rodent,Condition Attracting Rodents,1-2 Family Dwelling,11411,,,SPRINGFIELD BOULEVARD,120 AVENUE,INTERSECTION,Cambria Heights,N/A,Closed,2016-10-30T12:39:20.000,The Department of Health and Mental Hygiene will review your complaint to determine appropriate action.  Complaints of this type usually result in an inspection.  Please call 311 in 30 days from the date of your complaint for status,2016-10-04T13:01:03.000,Unspecified QUEENS,QUEENS,1054621,191230,Unspecified,QUEENS,40.691279180753845,-73.74624320450889,"{'type': 'Point', 'coordinates': [-73.74624320450889, 40.691279180753845]}",SPRINGFIELD BOULEVARD,120 AVENUE,
34441895,2016-09-30T00:00:00.000,2016-10-07T00:00:00.000,DOHMH,Department of Health and Mental Hygiene,Rodent,Condition Attracting Rodents,3+ Family Apt. Building,11226,1804 CHURCH AVE,CHURCH AVE,,,LATLONG,BROOKLYN,N/A,Closed,2016-10-30T08:21:04.000,The Department of Health and Mental Hygiene will review your complaint to determine appropriate action.  Complaints of this type usually result in an inspection.  Please call 311 in 30 days from the date of your complaint for status,2016-10-07T00:00:00.000,Unspecified BROOKLYN,BROOKLYN,994566,175844,Unspecified,BROOKLYN,40.64932181147257,-73.96282409950838,"{'type': 'Point', 'coordinates': [-73.96282409950838, 40.64932181147257]}",,,
34441657,2016-09-30T00:00:00.000,2016-10-04T00:00:00.000,DOHMH,Department of Health and Mental Hygiene,Rodent,Rat Sighting,3+ Family Apt. Building,11217,SOUTH OXFORD STREET,SOUTH OXFORD STREET,HANSON PLACE,ATLANTIC AVENUE,BLOCKFACE,BROOKLYN,N/A,Closed,2016-10-30T08:51:08.000,The Department of Health and Mental Hygiene will review your complaint to determine appropriate action.  Complaints of this type usually result in an inspection.  Please call 311 in 30 days from the date of your complaint for status,2016-10-04T00:00:00.000,Unspecified BROOKLYN,BROOKLYN,991689,188799,Unspecified,BROOKLYN,40.684883285269095,-73.9731776849451,"{'type': 'Point', 'coordinates': [-73.9731776849451, 40.684883285269095]}",,,
34441854,2016-09-30T00:00:00.000,2016-09-30T15:40:35.000,DOHMH,Department of Health and Mental Hygiene,Food Poisoning,1 or 2,Restaurant/Bar/Deli/Bakery,11235,621 BRIGHTON BEACH AVENUE,BRIGHTON BEACH AVENUE,BRIGHTON 6 STREET,BRIGHTON 7 STREET,ADDRESS,BROOKLYN,N/A,Closed,2016-10-14T11:34:42.000,"The Department of Health and Mental Hygiene will review your complaint within 24 hours.  Complaints of this type usually result in complainant contact and/or inspection by the agency. Initial status will be available 14 days after the date of your complaint by calling 311. If you are experiencing medical symptoms, please seek medical attention or consult the NYC Poison Control Center which can be reached through 311.   Please note your Service Request number for future reference.",2016-09-30T15:40:22.000,13 BROOKLYN,BROOKLYN,995031,149741,Unspecified,BROOKLYN,40.57767392007969,-73.96119004999974,"{'type': 'Point', 'coordinates': [-73.96119004999974, 40.57767392007969]}",,,
34442278,2016-09-30T00:00:00.000,2016-10-07T00:00:01.000,DOHMH,Department of Health and Mental Hygiene,Food Poisoning,1 or 2,Restaurant/Bar/Deli/Bakery,11222,,,NORMAN AVENUE,MANHATTAN AVENUE,ADDRESS,BROOKLYN,N/A,Closed,2016-10-14T15:35:41.000,"The Department of Health and Mental Hygiene will review your complaint within 24 hours.  Complaints of this type usually result in complainant contact and/or inspection by the agency. Initial status will be available 14 days after the date of your complaint by calling 311. If you are experiencing medical symptoms, please seek medical attention or consult the NYC Poison Control Center which can be reached through 311.   Please note your Service Request number for future reference.",2016-10-07T11:13:04.000,Unspecified BROOKLYN,BROOKLYN,997627,203576,Unspecified,BROOKLYN,40.725435680911936,-73.95173807563845,"{'type': 'Point', 'coordinates': [-73.95173807563845, 40.725435680911936]}",MANHATTAN AVENUE,NORMAN AVENUE,
34441559,2016-09-30T00:00:00.000,2016-09-30T00:00:00.000,DOHMH,Department of Health and Mental Hygiene,Rodent,Mouse Sighting,3+ Family Apt. Building,10002,202 RIVINGTON STREET,RIVINGTON STREET,RIDGE STREET,PITT STREET,ADDRESS,NEW YORK,N/A,Closed,2016-10-30T20:03:33.000,The Department of Health and Mental Hygiene will review your complaint to determine appropriate action.  Complaints of this type usually result in an inspection.  Please call 311 in 30 days from the date of your complaint for status,2016-09-30T20:08:09.000,03 MANHATTAN,MANHATTAN,988937,201041,Unspecified,MANHATTAN,40.71848659137099,-73.9830918707806,"{'type': 'Point', 'coordinates': [-73.9830918707806, 40.71848659137099]}",,,
34440242,2016-09-30T00:00:00.000,2016-10-07T16:09:03.000,DOHMH,Department of Health and Mental Hygiene,Rodent,Rat Sighting,1-2 Family Dwelling,11420,115-59 122 STREET,122 STREET,115 AVENUE,116 AVENUE,ADDRESS,South Ozone Park,N/A,Closed,2016-10-30T10:19:33.000,The Department of Health and Mental Hygiene will review your complaint to determine appropriate action.  Complaints of this type usually result in an inspection.  Please call 311 in 30 days from the date of your complaint for status,2016-10-07T16:09:03.000,10 QUEENS,QUEENS,1035202,185768,Unspecified,QUEENS,40.676420370107756,-73.81630889184167,"{'type': 'Point', 'coordinates': [-73.81630889184167, 40.676420370107756]}",,,
34434865,2016-09-30T00:00:00.000,2016-09-27T16:30:21.000,DOHMH,Department of Health and Mental Hygiene,Rodent,Mouse Sighting,3+ Family Apt. Building,10011,119 WEST   15 STREET,WEST   15 STREET,AVENUE OF THE AMERICAS,7 AVENUE,ADDRESS,NEW YORK,N/A,Pending,2016-10-30T01:29:18.000,The Department of Health and Mental Hygiene will review your complaint to determine appropriate action.  Complaints of this type usually result in an inspection.  Please call 311 in 30 days from the date of your complaint for status,2016-09-27T16:30:21.000,04 MANHATTAN,MANHATTAN,985047,208290,Unspecified,MANHATTAN,40.73838453302526,-73.99712400186061,"{'type': 'Point', 'coordinates': [-73.99712400186061, 40.73838453302526]}",,,
34441683,2016-09-30T00:00:00.000,2016-10-12T00:00:00.000,DOHMH,Department of Health and Mental Hygiene,Rodent,Rat Sighting,3+ Family Apt. Building,10453,1640 UNIVERSITY AVENUE,UNIVERSITY AVENUE,WEST 175 STREET,TENNEY PLACE,ADDRESS,BRONX,N/A,Closed,2016-10-30T02:39:56.000,The Department of Health and Mental Hygiene will review your complaint to determine appropriate action.  Complaints of this type usually result in an inspection.  Please call 311 in 30 days from the date of your complaint for status,2016-10-12T00:00:00.000,05 BRONX,BRONX,1006620,248165,Unspecified,BRONX,40.84780232135824,-73.91914439829421,"{'type': 'Point', 'coordinates': [-73.91914439829421, 40.84780232135824]}",,,
34439648,2016-09-30T00:00:00.000,2016-10-07T00:00:00.000,DOHMH,Department of Health and Mental Hygiene,Rodent,Condition Attracting Rodents,3+ Family Apt. Building,11417,109-15 CENTERVILLE STREET,CENTERVILLE STREET,PLATTWOOD AVENUE,ROSITA ROAD,ADDRESS,Ozone Park,N/A,Closed,2016-10-30T13:15:10.000,The Department of Health and Mental Hygiene will review your complaint to determine appropriate action.  Complaints of this type usually result in an inspection.  Please call 311 in 30 days from the date of your complaint for status,2016-10-07T00:00:00.000,10 QUEENS,QUEENS,1030234,186625,Unspecified,QUEENS,40.67879983788429,-73.83421353129934,"{'type': 'Point', 'coordinates': [-73.83421353129934, 40.67879983788429]}",,,
34430450,2016-09-30T00:00:00.000,2016-10-05T00:00:00.000,DOHMH,Department of Health and Mental Hygiene,Rodent,Condition Attracting Rodents,1-2 Family Dwelling,11216,257 HANCOCK STREET,HANCOCK STREET,MARCY AVENUE,TOMPKINS AVENUE,ADDRESS,BROOKLYN,N/A,Closed,2016-10-29T23:59:27.000,The Department of Health and Mental Hygiene will review your complaint to determine appropriate action.  Complaints of this type usually result in an inspection.  Please call 311 in 30 days from the date of your complaint for status,2016-10-05T00:00:00.000,03 BROOKLYN,BROOKLYN,999315,188132,Unspecified,BROOKLYN,40.68304282831504,-73.9456826127719,"{'type': 'Point', 'coordinates': [-73.9456826127719, 40.68304282831504]}",,,
34438710,2016-09-30T00:00:00.000,2016-09-19T00:00:00.000,DOHMH,Department of Health and Mental Hygiene,Rodent,Rat Sighting,1-2 Family Dwelling,10473,1217 HARDING PARK,HARDING PARK,,,LATLONG,BRONX,N/A,Pending,2016-10-30T10:58:42.000,The Department of Health and Mental Hygiene will review your complaint to determine appropriate action.  Complaints of this type usually result in an inspection.  Please call 311 in 30 days from the date of your complaint for status,2016-09-30T11:01:45.000,Unspecified BRONX,BRONX,1023546,234141,Unspecified,BRONX,40.80925139644508,-73.85804817510484,"{'type': 'Point', 'coordinates': [-73.85804817510484, 40.80925139644508]}",,,
34440945,2016-09-30T00:00:00.000,2016-10-06T00:00:00.000,DOHMH,Department of Health and Mental Hygiene,Rodent,Rat Sighting,3+ Family Apt. Building,10456,1465 WASHINGTON AVENUE,WASHINGTON AVENUE,ST PAULS PLACE,EAST 171 STREET,ADDRESS,BRONX,N/A,Closed,2016-10-30T08:36:23.000,The Department of Health and Mental Hygiene will review your complaint to determine appropriate action.  Complaints of this type usually result in an inspection.  Please call 311 in 30 days from the date of your complaint for status,2016-10-06T00:00:00.000,03 BRONX,BRONX,1010879,244199,Unspecified,BRONX,40.83690499980585,-73.9037661478319,"{'type': 'Point', 'coordinates': [-73.9037661478319, 40.83690499980585]}",,,
34440232,2016-09-30T00:00:00.000,2016-09-26T13:25:34.000,DOHMH,Department of Health and Mental Hygiene,Rodent,Rat Sighting,3+ Family Apt. Building,10462,20 METROPOLITAN OVAL,METROPOLITAN OVAL,BEND,BEND,ADDRESS,BRONX,N/A,Pending,2016-10-30T16:16:06.000,The Department of Health and Mental Hygiene will review your complaint to determine appropriate action.  Complaints of this type usually result in an inspection.  Please call 311 in 30 days from the date of your complaint for status,2016-09-30T16:22:38.000,09 BRONX,BRONX,1023232,244698,Unspecified,BRONX,40.83822872044477,-73.85912112622498,"{'type': 'Point', 'coordinates': [-73.85912112622498, 40.83822872044477]}",,,
34449588,2016-09-30T00:00:00.000,2016-10-06T00:00:00.000,HPD,Department of Housing Preservation and Development,HEAT/HOT WATER,ENTIRE BUILDING,RESIDENTIAL BUILDING,11203,374 EAST   49 STREET,EAST   49 STREET,,,ADDRESS,BROOKLYN,,Closed,,"The Department of Housing Preservation and Development has closed this complaint administratively. Please file a new complaint through 311MOBILE, 311ONLINE or by calling 311 if the condition still exists.",2016-10-06T00:00:00.000,17 BROOKLYN,BROOKLYN,1003252,177119,Unspecified,BROOKLYN,40.65280703038938,-73.9315186685526,"{'type': 'Point', 'coordinates': [-73.9315186685526, 40.65280703038938]}",,,
34441560,2016-09-30T00:00:00.000,2016-10-12T00:00:00.000,DOHMH,Department of Health and Mental Hygiene,Rodent,Mouse Sighting,3+ Family Mixed Use Building,10460,437 MORRIS PARK AVENUE,MORRIS PARK AVENUE,EAST TREMONT AVENUE,LEBANON STREET,ADDRESS,BRONX,N/A,Closed,2016-10-30T12:48:54.000,The Department of Health and Mental Hygiene will review your complaint to determine appropriate action.  Complaints of this type usually result in an inspection.  Please call 311 in 30 days from the date of your complaint for status,2016-10-12T00:00:00.000,06 BRONX,BRONX,1019285,245370,Unspecified,BRONX,40.84008970392234,-73.87338184282072,"{'type': 'Point', 'coordinates': [-73.87338184282072, 40.84008970392234]}",,,
34440944,2016-09-30T00:00:00.000,2016-09-30T00:00:00.000,DOHMH,Department of Health and Mental Hygiene,Rodent,Rat Sighting,3+ Family Apt. Building,11207,11 COOPER STREET,COOPER STREET,BROADWAY,BUSHWICK AVENUE,ADDRESS,BROOKLYN,N/A,Closed,2016-10-30T13:40:26.000,The Department of Health and Mental Hygiene will review your complaint to determine appropriate action.  Complaints of this type usually result in an inspection.  Please call 311 in 30 days from the date of your complaint for status,2016-09-30T13:46:30.000,04 BROOKLYN,BROOKLYN,1008900,188462,Unspecified,BROOKLYN,40.68392709946152,-73.91112237012467,"{'type': 'Point', 'coordinates': [-73.91112237012467, 40.68392709946152]}",,,
34440839,2016-09-30T00:00:00.000,2016-11-30T00:00:00.000,DOHMH,Department of Health and Mental Hygiene,Rodent,Condition Attracting Rodents,1-2 Family Dwelling,10314,228 MERRILL AVENUE,MERRILL AVENUE,FIRTH ROAD,GRAHAM AVENUE,ADDRESS,STATEN ISLAND,N/A,Closed,2016-10-30T15:22:40.000,The Department of Health and Mental Hygiene will review your complaint to determine appropriate action.  Complaints of this type usually result in an inspection.  Please call 311 in 30 days from the date of your complaint for status,2016-11-30T00:00:00.000,02 STATEN ISLAND,STATEN ISLAND,937540,161935,Unspecified,STATEN ISLAND,40.611027437388444,-74.1682329599826,"{'type': 'Point', 'coordinates': [-74.1682329599826, 40.611027437388444]}",,,
34439966,2016-09-30T00:00:00.000,2016-10-03T00:00:01.000,DOHMH,Department of Health and Mental Hygiene,Food Poisoning,1 or 2,Restaurant/Bar/Deli/Bakery,10029,1872 THIRD AVENUE,THIRD AVENUE,EAST 103 STREET,EAST 104 STREET,ADDRESS,NEW YORK,N/A,Closed,2016-10-14T17:17:04.000,"The Department of Health and Mental Hygiene will review your complaint within 24 hours.  Complaints of this type usually result in complainant contact and/or inspection by the agency. Initial status will be available 14 days after the date of your complaint by calling 311. If you are experiencing medical symptoms, please seek medical attention or consult the NYC Poison Control Center which can be reached through 311.   Please note your Service Request number for future reference.",2016-10-07T11:14:42.000,11 MANHATTAN,MANHATTAN,999192,226996,Unspecified,MANHATTAN,40.789715080525056,-73.94603977564717,"{'type': 'Point', 'coordinates': [-73.94603977564717, 40.789715080525056]}",,,
34438706,2016-09-30T00:00:00.000,2016-10-04T11:44:44.000,DOHMH,Department of Health and Mental Hygiene,Rodent,Rat Sighting,3+ Family Apt. Building,11225,145 LINCOLN ROAD,LINCOLN ROAD,FLATBUSH AVENUE,BEDFORD AVENUE,ADDRESS,BROOKLYN,N/A,Closed,2016-10-30T11:14:03.000,The Department of Health and Mental Hygiene will review your complaint to determine appropriate action.  Complaints of this type usually result in an inspection.  Please call 311 in 30 days from the date of your complaint for status,2016-10-04T11:44:44.000,09 BROOKLYN,BROOKLYN,995872,180142,Unspecified,BROOKLYN,40.66111726234065,-73.95811024450647,"{'type': 'Point', 'coordinates': [-73.95811024450647, 40.66111726234065]}",,,
34443087,2016-09-30T00:00:00.000,2016-10-24T00:00:00.000,DOHMH,Department of Health and Mental Hygiene,Standing Water,Swimming Pool Cover,1-2 Family Dwelling,11357,169-19 24 ROAD,24 ROAD,169 STREET,UTOPIA PARKWAY,ADDRESS,Whitestone,N/A,Closed,2016-10-30T14:25:27.000,The Department of Health and Mental Hygiene will review this Service Request. These types of complaints usually result in agency contact or an inspection. Status will be available at www.nyc.gov/311 within 30 days of the date you submitted the request. Note the Service Request number for future reference.,2016-10-24T00:00:00.000,07 QUEENS,QUEENS,1041108,221660,Unspecified,QUEENS,40.77489894325327,-73.7947135302056,"{'type': 'Point', 'coordinates': [-73.7947135302056, 40.77489894325327]}",,,
34441642,2016-09-30T00:00:00.000,2016-10-18T00:00:00.000,DOHMH,Department of Health and Mental Hygiene,Unsanitary Animal Pvt Property,Cat,3+ Family Apartment Building,10462,2198 CRUGER AVENUE,CRUGER AVENUE,LYDIG AVENUE,PELHAM PARKWAY,ADDRESS,BRONX,N/A,Closed,2016-10-30T11:44:07.000,The Department of Health and Mental Hygiene will review your complaint to determine appropriate action.  Complaints of this type usually result in an inspection.  Please call 311 in 30 days from the date of your complaint for status,2016-10-18T00:00:00.000,11 BRONX,BRONX,1021145,251285,Unspecified,BRONX,40.85631703985628,-73.86662717636435,"{'type': 'Point', 'coordinates': [-73.86662717636435, 40.85631703985628]}",,,
34442153,2016-09-30T00:00:00.000,2016-09-30T00:00:00.000,DOHMH,Department of Health and Mental Hygiene,Rodent,Mouse Sighting,3+ Family Apt. Building,10028,156 EAST   85 STREET,EAST   85 STREET,LEXINGTON AVENUE,3 AVENUE,ADDRESS,NEW YORK,N/A,Closed,2016-10-30T22:36:08.000,The Department of Health and Mental Hygiene will review your complaint to determine appropriate action.  Complaints of this type usually result in an inspection.  Please call 311 in 30 days from the date of your complaint for status,2016-09-30T00:00:00.000,08 MANHATTAN,MANHATTAN,996556,222940,Unspecified,MANHATTAN,40.77858650563962,-73.95556662223163,"{'type': 'Point', 'coordinates': [-73.95556662223163, 40.77858650563962]}",,,
34435221,2016-09-30T00:00:00.000,2016-10-07T00:00:00.000,DOHMH,Department of Health and Mental Hygiene,Rodent,Rat Sighting,Commercial Building,10001,18 WEST 30TH STREET,WEST 30TH STREET,,,LATLONG,NEW YORK,N/A,Closed,2016-10-30T00:14:27.000,The Department of Health and Mental Hygiene will review your complaint to determine appropriate action.  Complaints of this type usually result in an inspection.  Please call 311 in 30 days from the date of your complaint for status,2016-10-07T00:00:00.000,Unspecified MANHATTAN,MANHATTAN,987687,211130,Unspecified,MANHATTAN,40.74617899298568,-73.9875960324635,"{'type': 'Point', 'coordinates': [-73.9875960324635, 40.74617899298568]}",,,
34441722,2016-09-30T00:00:00.000,2016-10-04T00:00:00.000,DOHMH,Department of Health and Mental Hygiene,Rodent,Rat Sighting,3+ Family Apt. Building,11212,94 ROCKAWAY PARKWAY,ROCKAWAY PARKWAY,RUTLAND ROAD,WINTHROP STREET,ADDRESS,BROOKLYN,N/A,Closed,2016-10-30T20:21:41.000,The Department of Health and Mental Hygiene will review your complaint to determine appropriate action.  Complaints of this type usually result in an inspection.  Please call 311 in 30 days from the date of your complaint for status,2016-10-04T00:00:00.000,17 BROOKLYN,BROOKLYN,1005529,181184,Unspecified,BROOKLYN,40.6639593791275,-73.923299761958,"{'type': 'Point', 'coordinates': [-73.923299761958, 40.6639593791275]}",,,
34437853,2016-09-30T00:00:00.000,2016-10-04T00:00:00.000,DOHMH,Department of Health and Mental Hygiene,Rodent,Condition Attracting Rodents,1-2 Family Dwelling,11427,,,218 STREET,85 AVENUE,INTERSECTION,Queens Village,N/A,Closed,2016-10-30T16:34:33.000,The Department of Health and Mental Hygiene will review your complaint to determine appropriate action.  Complaints of this type usually result in an inspection.  Please call 311 in 30 days from the date of your complaint for status,2016-10-04T13:01:22.000,Unspecified QUEENS,QUEENS,1053073,205788,Unspecified,QUEENS,40.73124944222503,-73.75167642277093,"{'type': 'Point', 'coordinates': [-73.75167642277093, 40.73124944222503]}",218 STREET,85 AVENUE,
34438586,2016-09-30T00:00:00.000,2016-09-30T00:00:00.000,DOHMH,Department of Health and Mental Hygiene,Rodent,Condition Attracting Rodents,Construction Site,10024,7 WEST   82 STREET,WEST   82 STREET,CENTRAL PARK WEST,COLUMBUS AVENUE,ADDRESS,NEW YORK,N/A,Closed,2016-10-30T10:48:21.000,The Department of Health and Mental Hygiene will review your complaint to determine appropriate action.  Complaints of this type usually result in an inspection.  Please call 311 in 30 days from the date of your complaint for status,2016-09-30T10:54:49.000,07 MANHATTAN,MANHATTAN,992069,224526,Unspecified,MANHATTAN,40.782944763549786,-73.97176602368206,"{'type': 'Point', 'coordinates': [-73.97176602368206, 40.782944763549786]}",,,
34440942,2016-09-30T00:00:00.000,2016-10-13T00:00:00.000,DOHMH,Department of Health and Mental Hygiene,Rodent,Rat Sighting,1-2 Family Dwelling,10306,79C HETT AVENUE,HETT AVENUE,,,LATLONG,STATEN ISLAND,N/A,Closed,2016-10-30T19:13:54.000,The Department of Health and Mental Hygiene will review your complaint to determine appropriate action.  Complaints of this type usually result in an inspection.  Please call 311 in 30 days from the date of your complaint for status,2016-10-13T00:00:00.000,Unspecified STATEN ISLAND,STATEN ISLAND,955684,144832,Unspecified,STATEN ISLAND,40.56416021484198,-74.10281244643798,"{'type': 'Point', 'coordinates': [-74.10281244643798, 40.56416021484198]}",,,
34441656,2016-09-30T00:00:00.000,2016-09-30T00:00:00.000,DOHMH,Department of Health and Mental Hygiene,Rodent,Rat Sighting,3+ Family Apt. Building,11221,540 KOSCIUSZKO STREET,KOSCIUSZKO STREET,STUYVESANT AVENUE,MALCOLM X BOULEVARD,ADDRESS,BROOKLYN,N/A,Closed,2016-10-30T19:45:20.000,The Department of Health and Mental Hygiene will review your complaint to determine appropriate action.  Complaints of this type usually result in an inspection.  Please call 311 in 30 days from the date of your complaint for status,2016-09-30T19:54:20.000,03 BROOKLYN,BROOKLYN,1002975,191686,Unspecified,BROOKLYN,40.69279075390608,-73.9324764811843,"{'type': 'Point', 'coordinates': [-73.9324764811843, 40.69279075390608]}",,,
34440241,2016-09-30T00:00:00.000,2016-10-21T00:00:00.000,DOHMH,Department of Health and Mental Hygiene,Rodent,Rat Sighting,3+ Family Apt. Building,11385,18-63 LINDEN STREET,LINDEN STREET,,,LATLONG,RIDGEWOOD,N/A,Closed,2016-10-30T15:23:16.000,The Department of Health and Mental Hygiene will review your complaint to determine appropriate action.  Complaints of this type usually result in an inspection.  Please call 311 in 30 days from the date of your complaint for status,2016-10-21T00:00:00.000,Unspecified QUEENS,QUEENS,1009729,196166,Unspecified,QUEENS,40.70507043483777,-73.90810420317888,"{'type': 'Point', 'coordinates': [-73.90810420317888, 40.70507043483777]}",,,
34438707,2016-09-30T00:00:00.000,2016-10-07T00:00:00.000,DOHMH,Department of Health and Mental Hygiene,Rodent,Rat Sighting,Other (Explain Below),11237,278 WILSON AVENUE,WILSON AVENUE,BLEECKER STREET,MENAHAN STREET,ADDRESS,BROOKLYN,N/A,Closed,2016-10-30T08:08:59.000,The Department of Health and Mental Hygiene will review your complaint to determine appropriate action.  Complaints of this type usually result in an inspection.  Please call 311 in 30 days from the date of your complaint for status,2016-10-07T00:00:00.000,04 BROOKLYN,BROOKLYN,1006652,193219,Unspecified,BROOKLYN,40.69698993807407,-73.91921189818586,"{'type': 'Point', 'coordinates': [-73.91921189818586, 40.69698993807407]}",,,
34440116,2016-09-30T00:00:00.000,2016-10-04T00:00:00.000,DOHMH,Department of Health and Mental Hygiene,Rodent,Condition Attracting Rodents,Other (Explain Below),11205,140 VANDERBILT AVENUE,VANDERBILT AVENUE,PARK AVENUE,MYRTLE AVENUE,ADDRESS,BROOKLYN,N/A,Closed,2016-10-30T17:10:22.000,The Department of Health and Mental Hygiene will review your complaint to determine appropriate action.  Complaints of this type usually result in an inspection.  Please call 311 in 30 days from the date of your complaint for status,2016-10-04T00:00:00.000,02 BROOKLYN,BROOKLYN,992581,192018,Unspecified,BROOKLYN,40.693717904898584,-73.96995747860747,"{'type': 'Point', 'coordinates': [-73.96995747860747, 40.693717904898584]}",,,
34440233,2016-09-30T00:00:00.000,2016-10-04T00:00:00.000,DOHMH,Department of Health and Mental Hygiene,Rodent,Rat Sighting,Commercial Building,10306,2131 HYLAN BOULEVARD,HYLAN BOULEVARD,BEDFORD AVENUE,MIDLAND AVENUE,ADDRESS,STATEN ISLAND,N/A,Closed,2016-10-30T08:01:28.000,The Department of Health and Mental Hygiene will review your complaint to determine appropriate action.  Complaints of this type usually result in an inspection.  Please call 311 in 30 days from the date of your complaint for status,2016-10-04T00:00:00.000,02 STATEN ISLAND,STATEN ISLAND,955979,150066,Unspecified,STATEN ISLAND,40.578527458563734,-74.10177259335245,"{'type': 'Point', 'coordinates': [-74.10177259335245, 40.578527458563734]}",,,
34441684,2016-09-30T00:00:00.000,2016-10-12T00:00:00.000,DOHMH,Department of Health and Mental Hygiene,Rodent,Rat Sighting,3+ Family Apt. Building,10458,2386 RYER AVENUE,RYER AVENUE,EAST 184 STREET,EAST 187 STREET,ADDRESS,BRONX,N/A,Closed,2016-10-30T14:52:49.000,The Department of Health and Mental Hygiene will review your complaint to determine appropriate action.  Complaints of this type usually result in an inspection.  Please call 311 in 30 days from the date of your complaint for status,2016-10-12T00:00:00.000,05 BRONX,BRONX,1012476,252463,Unspecified,BRONX,40.859582266222574,-73.89796000694189,"{'type': 'Point', 'coordinates': [-73.89796000694189, 40.859582266222574]}",,,
34437143,2016-09-30T00:00:00.000,2016-09-30T00:00:00.000,DOHMH,Department of Health and Mental Hygiene,Rodent,Rat Sighting,Commercial Building,10001,20 WEST 30TH STREET,WEST 30TH STREET,,,LATLONG,NEW YORK,N/A,Closed,2016-10-30T00:14:58.000,The Department of Health and Mental Hygiene will review your complaint to determine appropriate action.  Complaints of this type usually result in an inspection.  Please call 311 in 30 days from the date of your complaint for status,2016-09-30T00:00:00.000,Unspecified MANHATTAN,MANHATTAN,987662,211140,Unspecified,MANHATTAN,40.74620645015837,-73.98768625118555,"{'type': 'Point', 'coordinates': [-73.98768625118555, 40.74620645015837]}",,,
34437675,2016-09-30T00:00:00.000,2016-10-07T00:00:01.000,DOHMH,Department of Health and Mental Hygiene,Food Poisoning,1 or 2,Restaurant/Bar/Deli/Bakery,10453,1601 DR MARTIN LUTHER KING JR BLVD,DR MARTIN LUTHER KING JR BLVD,FEATHERBED LANE,WEST 175 STREET,ADDRESS,BRONX,N/A,Closed,2016-10-14T16:20:24.000,"The Department of Health and Mental Hygiene will review your complaint within 24 hours.  Complaints of this type usually result in complainant contact and/or inspection by the agency. Initial status will be available 14 days after the date of your complaint by calling 311. If you are experiencing medical symptoms, please seek medical attention or consult the NYC Poison Control Center which can be reached through 311.   Please note your Service Request number for future reference.",2016-10-07T11:13:51.000,05 BRONX,BRONX,1006255,247864,Unspecified,BRONX,40.846977082554716,-73.92046466543435,"{'type': 'Point', 'coordinates': [-73.92046466543435, 40.846977082554716]}",,,
34442392,2016-09-30T00:00:00.000,2016-10-31T00:00:00.000,DOHMH,Department of Health and Mental Hygiene,Rodent,Rat Sighting,1-2 Family Dwelling,10306,148 SPRATT AVENUE,SPRATT AVENUE,DURANT AVENUE,THOLLEN STREET,ADDRESS,STATEN ISLAND,N/A,Closed,2016-10-30T20:03:35.000,The Department of Health and Mental Hygiene will review your complaint to determine appropriate action.  Complaints of this type usually result in an inspection.  Please call 311 in 30 days from the date of your complaint for status,2016-10-31T00:00:00.000,03 STATEN ISLAND,STATEN ISLAND,947688,141926,Unspecified,STATEN ISLAND,40.55615444859429,-74.13157525709566,"{'type': 'Point', 'coordinates': [-74.13157525709566, 40.55615444859429]}",,,
34438711,2016-09-30T00:00:00.000,2016-10-15T00:00:00.000,DOHMH,Department of Health and Mental Hygiene,Rodent,Rat Sighting,3+ Family Apt. Building,11218,495 MCDONALD AVENUE,MCDONALD AVENUE,CHURCH AVENUE,AVENUE C,ADDRESS,BROOKLYN,N/A,Closed,2016-10-30T11:58:55.000,The Department of Health and Mental Hygiene will review your complaint to determine appropriate action.  Complaints of this type usually result in an inspection.  Please call 311 in 30 days from the date of your complaint for status,2016-10-15T00:00:00.000,12 BROOKLYN,BROOKLYN,990000,173193,Unspecified,BROOKLYN,40.6420495304292,-73.97928091060714,"{'type': 'Point', 'coordinates': [-73.97928091060714, 40.6420495304292]}",,,
34443106,2016-09-30T00:00:00.000,2016-09-30T00:00:00.000,DOHMH,Department of Health and Mental Hygiene,Rodent,Rat Sighting,3+ Family Apt. Building,10026,16 WEST  111 STREET,WEST  111 STREET,5 AVENUE,LENOX AVENUE,ADDRESS,NEW YORK,N/A,Closed,2016-10-30T10:37:09.000,The Department of Health and Mental Hygiene will review your complaint to determine appropriate action.  Complaints of this type usually result in an inspection.  Please call 311 in 30 days from the date of your complaint for status,2016-09-30T10:42:59.000,10 MANHATTAN,MANHATTAN,998209,229944,Unspecified,MANHATTAN,40.797808149527235,-73.9495835671901,"{'type': 'Point', 'coordinates': [-73.9495835671901, 40.797808149527235]}",,,
34440634,2016-09-30T00:00:00.000,2016-10-18T00:00:00.000,DOHMH,Department of Health and Mental Hygiene,Rodent,Mouse Sighting,3+ Family Apt. Building,10451,750 GRANDCONCOURSE,GRANDCONCOURSE,EAST 153 STREET,EAST 156 STREET,ADDRESS,BRONX,N/A,Closed,2016-10-30T08:20:50.000,The Department of Health and Mental Hygiene will review your complaint to determine appropriate action.  Complaints of this type usually result in an inspection.  Please call 311 in 30 days from the date of your complaint for status,2016-10-18T00:00:00.000,04 BRONX,BRONX,1005126,239165,Unspecified,BRONX,40.823103590506854,-73.92457241840457,"{'type': 'Point', 'coordinates': [-73.92457241840457, 40.823103590506854]}",,,
34440291,2016-09-30T00:00:00.000,2016-10-12T00:00:00.000,DOHMH,Department of Health and Mental Hygiene,Rodent,Rat Sighting,3+ Family Apt. Building,11201,222 PACIFIC STREET,PACIFIC STREET,COURT STREET,BOERUM PLACE,ADDRESS,BROOKLYN,N/A,Closed,2016-10-30T09:46:39.000,The Department of Health and Mental Hygiene will review your complaint to determine appropriate action.  Complaints of this type usually result in an inspection.  Please call 311 in 30 days from the date of your complaint for status,2016-10-12T00:00:00.000,02 BROOKLYN,BROOKLYN,986530,190234,Unspecified,BROOKLYN,40.68882486387145,-73.99177866749676,"{'type': 'Point', 'coordinates': [-73.99177866749676, 40.68882486387145]}",,,
34437901,2016-09-30T00:00:00.000,2016-10-11T00:00:00.000,DOHMH,Department of Health and Mental Hygiene,Standing Water,Other - Explain Below,Other,11419,103-07 131 STREET,131 STREET,103 AVENUE,BEND,ADDRESS,South Richmond Hill,N/A,Closed,2016-10-30T13:03:11.000,The Department of Health and Mental Hygiene will review this Service Request. These types of complaints usually result in agency contact or an inspection. Status will be available at www.nyc.gov/311 within 30 days of the date you submitted the request. Note the Service Request number for future reference.,2016-10-11T00:00:00.000,10 QUEENS,QUEENS,1035511,190939,Unspecified,QUEENS,40.69061177066571,-73.81515555624723,"{'type': 'Point', 'coordinates': [-73.81515555624723, 40.69061177066571]}",,,
34438713,2016-09-30T00:00:00.000,2016-10-04T00:00:00.000,DOHMH,Department of Health and Mental Hygiene,Rodent,Rat Sighting,Vacant Lot,10014,HUDSON STREET,HUDSON STREET,WEST HOUSTON STREET,CLARKSON STREET,BLOCKFACE,NEW YORK,N/A,Closed,2016-10-30T16:55:48.000,The Department of Health and Mental Hygiene will review your complaint to determine appropriate action.  Complaints of this type usually result in an inspection.  Please call 311 in 30 days from the date of your complaint for status,2016-10-04T00:00:00.000,Unspecified MANHATTAN,MANHATTAN,982301,204919,Unspecified,MANHATTAN,40.72913178860441,-74.00703204777719,"{'type': 'Point', 'coordinates': [-74.00703204777719, 40.72913178860441]}",,,
34439431,2016-09-30T00:00:00.000,2016-09-30T00:00:00.000,DOHMH,Department of Health and Mental Hygiene,Rodent,Rat Sighting,3+ Family Apt. Building,11237,333 MENAHAN STREET,MENAHAN STREET,IRVING AVENUE,WYCKOFF AVENUE,ADDRESS,BROOKLYN,N/A,Closed,2016-10-30T12:42:15.000,The Department of Health and Mental Hygiene will review your complaint to determine appropriate action.  Complaints of this type usually result in an inspection.  Please call 311 in 30 days from the date of your complaint for status,2016-09-30T12:49:02.000,04 BROOKLYN,BROOKLYN,1007896,194524,Unspecified,BROOKLYN,40.70056862048637,-73.91472109490813,"{'type': 'Point', 'coordinates': [-73.91472109490813, 40.70056862048637]}",,,
34439555,2016-09-30T00:00:00.000,2016-10-08T00:00:00.000,DOHMH,Department of Health and Mental Hygiene,Unsanitary Animal Pvt Property,Dog,3+ Family Apartment Building,11206,87 MELROSE STREET,MELROSE STREET,BEND,STANWIX STREET,ADDRESS,BROOKLYN,N/A,Closed,2016-10-30T17:17:41.000,The Department of Health and Mental Hygiene will review your complaint to determine appropriate action.  Complaints of this type usually result in an inspection.  Please call 311 in 30 days from the date of your complaint for status,2016-10-08T00:00:00.000,04 BROOKLYN,BROOKLYN,1002517,193974,Unspecified,BROOKLYN,40.69907173792487,-73.93412185216508,"{'type': 'Point', 'coordinates': [-73.93412185216508, 40.69907173792487]}",,,
34439901,2016-09-30T00:00:00.000,2016-10-06T00:00:00.000,DOHMH,Department of Health and Mental Hygiene,Rodent,Mouse Sighting,3+ Family Mixed Use Building,10036,531 WEST   48 STREET,WEST   48 STREET,AMTRAK RAILROAD,11 AVENUE,ADDRESS,NEW YORK,N/A,Closed,2016-10-30T11:00:56.000,The Department of Health and Mental Hygiene will review your complaint to determine appropriate action.  Complaints of this type usually result in an inspection.  Please call 311 in 30 days from the date of your complaint for status,2016-10-06T00:00:00.000,04 MANHATTAN,MANHATTAN,985905,217621,Unspecified,MANHATTAN,40.76399565003656,-73.99402558693548,"{'type': 'Point', 'coordinates': [-73.99402558693548, 40.76399565003656]}",,,
34442571,2016-09-30T00:00:00.000,2016-10-11T00:00:00.000,DOHMH,Department of Health and Mental Hygiene,Standing Water,Tires,1-2 Family Dwelling,11420,109-48 132 STREET,132 STREET,109 AVENUE,111 AVENUE,ADDRESS,South Ozone Park,N/A,Closed,2016-10-30T09:50:40.000,The Department of Health and Mental Hygiene will review this Service Request. These types of complaints usually result in agency contact or an inspection. Status will be available at www.nyc.gov/311 within 30 days of the date you submitted the request. Note the Service Request number for future reference.,2016-10-11T00:00:00.000,10 QUEENS,QUEENS,1036536,188995,Unspecified,QUEENS,40.685269953085395,-73.81147455869163,"{'type': 'Point', 'coordinates': [-73.81147455869163, 40.685269953085395]}",,,
34437928,2016-09-30T00:00:00.000,2016-09-30T00:00:00.000,DOHMH,Department of Health and Mental Hygiene,Rodent,Rat Sighting,3+ Family Apt. Building,10452,1064 WALTON AVENUE,WALTON AVENUE,EAST 165 STREET,EAST 166 STREET,ADDRESS,BRONX,N/A,Closed,2016-10-30T20:17:12.000,The Department of Health and Mental Hygiene will review your complaint to determine appropriate action.  Complaints of this type usually result in an inspection.  Please call 311 in 30 days from the date of your complaint for status,2016-09-30T20:21:52.000,04 BRONX,BRONX,1006005,242327,Unspecified,BRONX,40.831780253657385,-73.92138623082427,"{'type': 'Point', 'coordinates': [-73.92138623082427, 40.831780253657385]}",,,
34440587,2016-09-30T00:00:00.000,2016-10-04T00:00:00.000,DOHMH,Department of Health and Mental Hygiene,Rodent,Signs of Rodents,3+ Family Apt. Building,11210,2728 KINGS HIGHWAY,KINGS HIGHWAY,,,LATLONG,BROOKLYN,N/A,Closed,2016-10-30T17:52:43.000,The Department of Health and Mental Hygiene will review your complaint to determine appropriate action.  Complaints of this type usually result in an inspection.  Please call 311 in 30 days from the date of your complaint for status,2016-10-04T00:00:00.000,Unspecified BROOKLYN,BROOKLYN,998988,163189,Unspecified,BROOKLYN,40.61458026656819,-73.94691612174226,"{'type': 'Point', 'coordinates': [-73.94691612174226, 40.61458026656819]}",,,
34438815,2016-09-30T00:00:00.000,2016-10-07T00:30:00.000,DEP,Department of Environmental Protection,Noise,Noise: Construction Before/After Hours (NM1),,10016,340 EAST   34 STREET,EAST   34 STREET,QUEENS MIDTOWN TUNNEL APPROA,1 AVE,ADDRESS,NEW YORK,N/A,Closed,,The Department of Environmental Protection determined that this complaint is a duplicate of a previously filed complaint. The original complaint is being addressed.,2016-10-07T00:30:00.000,06 MANHATTAN,MANHATTAN,991293,210419,Unspecified,MANHATTAN,40.74422533939709,-73.97458289714352,"{'type': 'Point', 'coordinates': [-73.97458289714352, 40.74422533939709]}",,,
34442433,2016-09-30T00:00:00.000,2016-10-04T00:00:00.000,DOHMH,Department of Health and Mental Hygiene,Rodent,Mouse Sighting,Other (Explain Below),10039,247 WEST  145 STREET,WEST  145 STREET,7 AVENUE,8 AVENUE,ADDRESS,NEW YORK,N/A,Closed,2016-10-30T15:29:33.000,The Department of Health and Mental Hygiene will review your complaint to determine appropriate action.  Complaints of this type usually result in an inspection.  Please call 311 in 30 days from the date of your complaint for status,2016-10-04T00:00:00.000,10 MANHATTAN,MANHATTAN,1000726,238846,Unspecified,MANHATTAN,40.822237329107956,-73.94047094277528,"{'type': 'Point', 'coordinates': [-73.94047094277528, 40.822237329107956]}",,,
34441067,2016-09-30T00:00:00.000,2016-10-14T00:00:00.000,DOHMH,Department of Health and Mental Hygiene,Unsanitary Animal Pvt Property,Dog,3+ Family Apartment Building,11207,629 WILSON AVENUE,WILSON AVENUE,DECATUR STREET,COOPER STREET,ADDRESS,BROOKLYN,N/A,Closed,2016-10-30T08:21:41.000,The Department of Health and Mental Hygiene will review your complaint to determine appropriate action.  Complaints of this type usually result in an inspection.  Please call 311 in 30 days from the date of your complaint for status,2016-10-14T00:00:00.000,04 BROOKLYN,BROOKLYN,1010243,190548,Unspecified,BROOKLYN,40.68964884630271,-73.90627202762974,"{'type': 'Point', 'coordinates': [-73.90627202762974, 40.68964884630271]}",,,
53043118,2016-09-30T00:00:00.000,2025-04-09T12:10:00.000,DSNY,Department of Sanitation,Adopt-A-Basket,Adopt-A-Basket,Sidewalk,10467,769 ALLERTON AVENUE,ALLERTON AVENUE,,,ADDRESS,BRONX,,Closed,,,2025-04-07T00:00:00.000,11 BRONX,BRONX,1021667,254629,Unspecified,BRONX,40.86549310506128,-73.8647215178768,"{'type': 'Point', 'coordinates': [-73.8647215178768, 40.86549310506128]}",,,
34442713,2016-09-30T00:00:00.000,2016-10-07T00:00:00.000,DOHMH,Department of Health and Mental Hygiene,Rodent,Signs of Rodents,3+ Family Apt. Building,11226,398 EAST 18TH STREET,EAST 18TH STREET,,,LATLONG,BROOKLYN,N/A,Closed,2016-10-30T13:44:17.000,The Department of Health and Mental Hygiene will review your complaint to determine appropriate action.  Complaints of this type usually result in an inspection.  Please call 311 in 30 days from the date of your complaint for status,2016-10-07T00:00:00.000,Unspecified BROOKLYN,BROOKLYN,994836,172999,Unspecified,BROOKLYN,40.64151258223217,-73.96185556169797,"{'type': 'Point', 'coordinates': [-73.96185556169797, 40.64151258223217]}",,,
34437920,2016-09-30T00:00:00.000,2016-10-21T00:00:00.000,DOHMH,Department of Health and Mental Hygiene,Rodent,Rat Sighting,1-2 Family Dwelling,10308,48 BARLOW AVENUE,BARLOW AVENUE,CORBIN AVENUE,GREAVES AVENUE,ADDRESS,STATEN ISLAND,N/A,Closed,2016-10-30T09:24:53.000,The Department of Health and Mental Hygiene will review your complaint to determine appropriate action.  Complaints of this type usually result in an inspection.  Please call 311 in 30 days from the date of your complaint for status,2016-10-21T00:00:00.000,03 STATEN ISLAND,STATEN ISLAND,942793,143786,Unspecified,STATEN ISLAND,40.56123825142574,-74.14920220730589,"{'type': 'Point', 'coordinates': [-74.14920220730589, 40.56123825142574]}",,,
34437946,2016-09-30T00:00:00.000,2016-09-30T00:00:00.000,DOHMH,Department of Health and Mental Hygiene,Rodent,Rat Sighting,3+ Family Apt. Building,10452,1064 WALTON AVENUE,WALTON AVENUE,EAST 165 STREET,EAST 166 STREET,ADDRESS,BRONX,N/A,Closed,2016-10-30T20:21:12.000,The Department of Health and Mental Hygiene will review your complaint to determine appropriate action.  Complaints of this type usually result in an inspection.  Please call 311 in 30 days from the date of your complaint for status,2016-09-30T20:27:15.000,04 BRONX,BRONX,1006005,242327,Unspecified,BRONX,40.831780253657385,-73.92138623082427,"{'type': 'Point', 'coordinates': [-73.92138623082427, 40.831780253657385]}",,,
34440243,2016-09-30T00:00:00.000,2016-10-02T00:00:00.000,DOHMH,Department of Health and Mental Hygiene,Rodent,Rat Sighting,Other (Explain Below),10453,WEST 177 STREET,WEST 177 STREET,DAVIDSON AVENUE,WEST TREMONT AVENUE,BLOCKFACE,BRONX,N/A,Closed,2016-10-30T09:17:48.000,The Department of Health and Mental Hygiene will review your complaint to determine appropriate action.  Complaints of this type usually result in an inspection.  Please call 311 in 30 days from the date of your complaint for status,2016-10-02T00:00:00.000,Unspecified BRONX,BRONX,1008660,249024,Unspecified,BRONX,40.8501546174946,-73.9117677653479,"{'type': 'Point', 'coordinates': [-73.9117677653479, 40.8501546174946]}",,,
34437927,2016-09-30T00:00:00.000,2016-10-04T00:00:00.000,DOHMH,Department of Health and Mental Hygiene,Rodent,Rat Sighting,1-2 Family Dwelling,11217,125 FORT GREENE PLACE,FORT GREENE PLACE,LAFAYETTE AVENUE,HANSON PLACE,ADDRESS,BROOKLYN,N/A,Closed,2016-10-30T22:47:03.000,The Department of Health and Mental Hygiene will review your complaint to determine appropriate action.  Complaints of this type usually result in an inspection.  Please call 311 in 30 days from the date of your complaint for status,2016-10-04T00:00:00.000,02 BROOKLYN,BROOKLYN,990808,189246,Unspecified,BROOKLYN,40.68611089460863,-73.97635381370523,"{'type': 'Point', 'coordinates': [-73.97635381370523, 40.68611089460863]}",,,
34442469,2016-09-30T00:00:00.000,2016-10-11T00:00:00.000,DOHMH,Department of Health and Mental Hygiene,Standing Water,Puddle in Ground,Public Garden/Park,11361,,,,,INTERSECTION,Bayside,N/A,Closed,2016-10-30T16:28:00.000,The Department of Health and Mental Hygiene will review this Service Request. These types of complaints usually result in agency contact or an inspection. Status will be available at www.nyc.gov/311 within 30 days of the date you submitted the request. Note the Service Request number for future reference.,2016-10-11T00:00:00.000,11 QUEENS,QUEENS,1047955,220989,Unspecified,QUEENS,40.77301053618259,-73.7699988257151,"{'type': 'Point', 'coordinates': [-73.7699988257151, 40.77301053618259]}",33 AVENUE,215 PLACE,
34440216,2016-09-30T00:00:00.000,2016-10-11T00:00:00.000,DOHMH,Department of Health and Mental Hygiene,Rodent,Rat Sighting,3+ Family Apt. Building,11235,2850 OCEAN AVENUE,OCEAN AVENUE,AVENUE X,AVENUE Y,ADDRESS,BROOKLYN,N/A,Closed,2016-10-30T10:39:29.000,The Department of Health and Mental Hygiene will review your complaint to determine appropriate action.  Complaints of this type usually result in an inspection.  Please call 311 in 30 days from the date of your complaint for status,2016-10-11T00:00:00.000,15 BROOKLYN,BROOKLYN,998142,154883,Unspecified,BROOKLYN,40.591783357373174,-73.94998035850269,"{'type': 'Point', 'coordinates': [-73.94998035850269, 40.591783357373174]}",,,
34438975,2016-09-30T00:00:00.000,2016-10-06T00:00:00.000,DOHMH,Department of Health and Mental Hygiene,Unsanitary Animal Pvt Property,Cat,1-2 Family Dwelling,11355,149-30 46 AVENUE,46 AVENUE,149 STREET,156 STREET,ADDRESS,Flushing,N/A,Closed,2016-10-30T13:03:52.000,The Department of Health and Mental Hygiene will review your complaint to determine appropriate action.  Complaints of this type usually result in an inspection.  Please call 311 in 30 days from the date of your complaint for status,2016-10-06T00:00:00.000,07 QUEENS,QUEENS,1036351,214108,Unspecified,QUEENS,40.75420001938324,-73.81194721431119,"{'type': 'Point', 'coordinates': [-73.81194721431119, 40.75420001938324]}",,,
34437945,2016-09-30T00:00:00.000,2016-10-11T00:00:00.000,DOHMH,Department of Health and Mental Hygiene,Rodent,Rat Sighting,Other (Explain Below),10468,2630 UNIVERSITY AVENUE,UNIVERSITY AVENUE,WEST 192 STREET,WEST KINGSBRIDGE ROAD,ADDRESS,BRONX,N/A,Closed,2016-10-30T13:55:44.000,The Department of Health and Mental Hygiene will review your complaint to determine appropriate action.  Complaints of this type usually result in an inspection.  Please call 311 in 30 days from the date of your complaint for status,2016-10-11T00:00:00.000,07 BRONX,BRONX,1011446,255345,Unspecified,BRONX,40.867495712743846,-73.90167186828475,"{'type': 'Point', 'coordinates': [-73.90167186828475, 40.867495712743846]}",,,
34443133,2016-09-30T00:00:00.000,2016-10-03T00:00:00.000,DOHMH,Department of Health and Mental Hygiene,Rodent,Rat Sighting,Other (Explain Below),11211,366 UNION AVENUE,UNION AVENUE,GRAND STREET,HOPE STREET,ADDRESS,BROOKLYN,N/A,Closed,2016-10-30T11:29:33.000,The Department of Health and Mental Hygiene will review your complaint to determine appropriate action.  Complaints of this type usually result in an inspection.  Please call 311 in 30 days from the date of your complaint for status,2016-10-03T00:00:00.000,01 BROOKLYN,BROOKLYN,997787,198444,Unspecified,BROOKLYN,40.711349332895544,-73.95117114409372,"{'type': 'Point', 'coordinates': [-73.95117114409372, 40.711349332895544]}",,,
34439198,2016-09-30T00:00:00.000,2016-10-04T00:00:00.000,DOHMH,Department of Health and Mental Hygiene,Rodent,Mouse Sighting,3+ Family Apt. Building,11229,2728 KINGS HIGHWAY,KINGS HIGHWAY,,,LATLONG,BROOKLYN,N/A,Closed,2016-10-30T17:46:42.000,The Department of Health and Mental Hygiene will review your complaint to determine appropriate action.  Complaints of this type usually result in an inspection.  Please call 311 in 30 days from the date of your complaint for status,2016-10-04T00:00:00.000,Unspecified BROOKLYN,BROOKLYN,998984,163035,Unspecified,BROOKLYN,40.61415757511048,-73.94693086513215,"{'type': 'Point', 'coordinates': [-73.94693086513215, 40.61415757511048]}",,,
34441068,2016-09-30T00:00:00.000,2016-10-06T00:00:00.000,DOHMH,Department of Health and Mental Hygiene,Unsanitary Animal Pvt Property,Cat,1-2 Family Dwelling,10301,49 BRIGHTON AVENUE,BRIGHTON AVENUE,ELY STREET,PINE STREET,ADDRESS,STATEN ISLAND,N/A,Closed,2016-10-30T08:33:28.000,The Department of Health and Mental Hygiene will review your complaint to determine appropriate action.  Complaints of this type usually result in an inspection.  Please call 311 in 30 days from the date of your complaint for status,2016-10-06T00:00:00.000,01 STATEN ISLAND,STATEN ISLAND,959667,171386,Unspecified,STATEN ISLAND,40.63705745479677,-74.08857380063858,"{'type': 'Point', 'coordinates': [-74.08857380063858, 40.63705745479677]}",,,
34442377,2016-09-30T00:00:00.000,2016-10-06T00:00:00.000,DOHMH,Department of Health and Mental Hygiene,Rodent,Condition Attracting Rodents,1-2 Family Dwelling,11411,119-37 217 STREET,217 STREET,FRANCIS LEWIS BOULEVARD,120 AVENUE,ADDRESS,Cambria Heights,N/A,Closed,2016-10-30T11:44:48.000,The Department of Health and Mental Hygiene will review your complaint to determine appropriate action.  Complaints of this type usually result in an inspection.  Please call 311 in 30 days from the date of your complaint for status,2016-10-06T00:00:00.000,13 QUEENS,QUEENS,1055051,191414,Unspecified,QUEENS,40.69178078669576,-73.74469070573687,"{'type': 'Point', 'coordinates': [-73.74469070573687, 40.69178078669576]}",,,
34441672,2016-09-30T00:00:00.000,2016-09-30T00:00:00.000,DOHMH,Department of Health and Mental Hygiene,Rodent,Rat Sighting,3+ Family Apt. Building,10462,2131 WALLACE AVENUE,WALLACE AVENUE,BRADY AVENUE,LYDIG AVENUE,ADDRESS,BRONX,N/A,Closed,2016-10-30T14:22:53.000,The Department of Health and Mental Hygiene will review your complaint to determine appropriate action.  Complaints of this type usually result in an inspection.  Please call 311 in 30 days from the date of your complaint for status,2016-09-30T14:26:47.000,11 BRONX,BRONX,1021641,250422,Unspecified,BRONX,40.85394627842468,-73.86483898777793,"{'type': 'Point', 'coordinates': [-73.86483898777793, 40.85394627842468]}",,,
34443019,2016-09-30T00:00:00.000,2016-10-11T09:01:23.000,DOHMH,Department of Health and Mental Hygiene,Rodent,Mouse Sighting,3+ Family Apt. Building,11385,61-32 WOODBINE STREET,WOODBINE STREET,FRESH POND ROAD,64 STREET,ADDRESS,Ridgewood,N/A,Closed,2016-10-30T15:25:16.000,The Department of Health and Mental Hygiene will review your complaint to determine appropriate action.  Complaints of this type usually result in an inspection.  Please call 311 in 30 days from the date of your complaint for status,2016-10-11T09:01:23.000,05 QUEENS,QUEENS,1012739,197176,Unspecified,QUEENS,40.70783346549878,-73.89724369119668,"{'type': 'Point', 'coordinates': [-73.89724369119668, 40.70783346549878]}",,,
34440863,2016-09-30T00:00:00.000,2016-10-13T00:00:00.000,DOHMH,Department of Health and Mental Hygiene,Rodent,Condition Attracting Rodents,Other (Explain Below),11434,,,,,INTERSECTION,Jamaica,N/A,Closed,2016-10-30T15:53:15.000,The Department of Health and Mental Hygiene will review your complaint to determine appropriate action.  Complaints of this type usually result in an inspection.  Please call 311 in 30 days from the date of your complaint for status,2016-10-13T00:00:00.000,12 QUEENS,QUEENS,1046747,191114,Unspecified,QUEENS,40.691019893640885,-73.77463767616923,"{'type': 'Point', 'coordinates': [-73.77463767616923, 40.691019893640885]}",175 STREET,115 AVENUE,
34440782,2016-09-30T00:00:00.000,2016-10-17T00:00:00.000,DOHMH,Department of Health and Mental Hygiene,Rodent,Mouse Sighting,Other (Explain Below),11378,64-21 58 ROAD,58 ROAD,64 STREET,66 STREET,ADDRESS,Maspeth,N/A,Closed,2016-10-30T15:42:50.000,The Department of Health and Mental Hygiene will review your complaint to determine appropriate action.  Complaints of this type usually result in an inspection.  Please call 311 in 30 days from the date of your complaint for status,2016-10-17T00:00:00.000,05 QUEENS,QUEENS,1011920,201916,Unspecified,QUEENS,40.7208462241554,-73.90017823809329,"{'type': 'Point', 'coordinates': [-73.90017823809329, 40.7208462241554]}",,,
34443229,2016-09-30T00:00:00.000,2016-10-17T00:00:00.000,DOHMH,Department of Health and Mental Hygiene,Standing Water,Puddle on Roof,3+ Family Apartment Building,10014,54 JANE STREET,JANE STREET,8 AVENUE,HUDSON STREET,ADDRESS,NEW YORK,N/A,Closed,2016-10-30T10:00:21.000,The Department of Health and Mental Hygiene will review this Service Request. These types of complaints usually result in agency contact or an inspection. Status will be available at www.nyc.gov/311 within 30 days of the date you submitted the request. Note the Service Request number for future reference.,2016-10-17T00:00:00.000,02 MANHATTAN,MANHATTAN,982794,208198,Unspecified,MANHATTAN,40.738131931880815,-74.0052539992691,"{'type': 'Point', 'coordinates': [-74.0052539992691, 40.738131931880815]}",,,
34442712,2016-09-30T00:00:00.000,2016-10-19T18:41:11.000,DOHMH,Department of Health and Mental Hygiene,Rodent,Signs of Rodents,3+ Family Apt. Building,10454,260 BROOK AVENUE,BROOK AVENUE,EAST 138 STREET,EAST 139 STREET,ADDRESS,BRONX,N/A,Closed,2016-10-30T19:40:53.000,The Department of Health and Mental Hygiene will review your complaint to determine appropriate action.  Complaints of this type usually result in an inspection.  Please call 311 in 30 days from the date of your complaint for status,2016-10-19T18:41:11.000,01 BRONX,BRONX,1006689,233668,Unspecified,BRONX,40.80801203850809,-73.91894348666274,"{'type': 'Point', 'coordinates': [-73.91894348666274, 40.80801203850809]}",,,
34443084,2016-09-30T00:00:00.000,2016-10-11T00:00:00.000,DOHMH,Department of Health and Mental Hygiene,Rodent,Rat Sighting,3+ Family Apt. Building,11235,2850 OCEAN AVENUE,OCEAN AVENUE,AVENUE X,AVENUE Y,ADDRESS,BROOKLYN,N/A,Closed,2016-10-30T10:21:47.000,The Department of Health and Mental Hygiene will review your complaint to determine appropriate action.  Complaints of this type usually result in an inspection.  Please call 311 in 30 days from the date of your complaint for status,2016-10-11T00:00:00.000,15 BROOKLYN,BROOKLYN,998142,154883,Unspecified,BROOKLYN,40.591783357373174,-73.94998035850269,"{'type': 'Point', 'coordinates': [-73.94998035850269, 40.591783357373174]}",,,
34438698,2016-09-30T00:00:00.000,2016-10-11T00:00:00.000,DOHMH,Department of Health and Mental Hygiene,Standing Water,Container - Over 5 Gallons,1-2 Family Dwelling,11435,147-16 FERNDALE AVENUE,FERNDALE AVENUE,LIVERPOOL STREET,SUTPHIN BOULEVARD,ADDRESS,Jamaica,N/A,Closed,2016-10-30T14:51:03.000,The Department of Health and Mental Hygiene will review this Service Request. These types of complaints usually result in agency contact or an inspection. Status will be available at www.nyc.gov/311 within 30 days of the date you submitted the request. Note the Service Request number for future reference.,2016-10-11T00:00:00.000,12 QUEENS,QUEENS,1039971,190841,Unspecified,QUEENS,40.69031582828462,-73.79907389782093,"{'type': 'Point', 'coordinates': [-73.79907389782093, 40.69031582828462]}",,,
34438992,2016-09-30T00:00:00.000,2016-10-07T00:00:00.000,DOHMH,Department of Health and Mental Hygiene,Rodent,Condition Attracting Rodents,3+ Family Apt. Building,11417,109-21 CENTREVILLE STREET,CENTREVILLE STREET,PLATTWOOD AVENUE,ROSITA ROAD,ADDRESS,Ozone Park,N/A,Closed,2016-10-30T13:51:21.000,The Department of Health and Mental Hygiene will review your complaint to determine appropriate action.  Complaints of this type usually result in an inspection.  Please call 311 in 30 days from the date of your complaint for status,2016-10-07T00:00:00.000,10 QUEENS,QUEENS,1030231,186617,Unspecified,QUEENS,40.678777895318476,-73.83422440178018,"{'type': 'Point', 'coordinates': [-73.83422440178018, 40.678777895318476]}",,,
34437548,2016-09-30T00:00:00.000,2016-09-30T00:00:01.000,DOHMH,Department of Health and Mental Hygiene,Food Poisoning,1 or 2,Other (Explain Below),11237,1087 FLUSHING AVENUE,FLUSHING AVENUE,KNICKERBOCKER AVENUE,PORTER AVENUE,ADDRESS,BROOKLYN,N/A,Closed,2016-10-14T10:51:55.000,"The Department of Health and Mental Hygiene will review your complaint within 24 hours.  Complaints of this type usually result in complainant contact and/or inspection by the agency. Initial status will be available 14 days after the date of your complaint by calling 311. If you are experiencing medical symptoms, please seek medical attention or consult the NYC Poison Control Center which can be reached through 311.   Please note your Service Request number for future reference.",2016-10-07T11:11:13.000,01 BROOKLYN,BROOKLYN,1004073,196069,Unspecified,BROOKLYN,40.704818671301595,-73.92850412619288,"{'type': 'Point', 'coordinates': [-73.92850412619288, 40.704818671301595]}",,,
34438712,2016-09-30T00:00:00.000,2016-10-18T00:00:00.000,DOHMH,Department of Health and Mental Hygiene,Rodent,Rat Sighting,3+ Family Apt. Building,10023,140 WEST   71 STREET,WEST   71 STREET,COLUMBUS AVENUE,BROADWAY,ADDRESS,NEW YORK,N/A,Closed,2016-10-30T06:01:15.000,The Department of Health and Mental Hygiene will review your complaint to determine appropriate action.  Complaints of this type usually result in an inspection.  Please call 311 in 30 days from the date of your complaint for status,2016-10-18T00:00:00.000,07 MANHATTAN,MANHATTAN,989650,222449,Unspecified,MANHATTAN,40.777245757150894,-73.9805025678064,"{'type': 'Point', 'coordinates': [-73.9805025678064, 40.777245757150894]}",,,
34439441,2016-09-30T00:00:00.000,2016-10-31T00:00:00.000,DOHMH,Department of Health and Mental Hygiene,Rodent,Rat Sighting,1-2 Family Dwelling,10306,150 SPRATT AVENUE,SPRATT AVENUE,DURANT AVENUE,THOLLEN STREET,ADDRESS,STATEN ISLAND,N/A,Closed,2016-10-30T20:34:35.000,The Department of Health and Mental Hygiene will review your complaint to determine appropriate action.  Complaints of this type usually result in an inspection.  Please call 311 in 30 days from the date of your complaint for status,2016-10-31T00:00:00.000,03 STATEN ISLAND,STATEN ISLAND,947699,141918,Unspecified,STATEN ISLAND,40.55613253549647,-74.13153562834906,"{'type': 'Point', 'coordinates': [-74.13153562834906, 40.55613253549647]}",,,
34443085,2016-09-30T00:00:00.000,2016-10-13T00:00:00.000,DOHMH,Department of Health and Mental Hygiene,Rodent,Rat Sighting,3+ Family Apt. Building,11237,1385 WILLOUGHBY AVENUE,WILLOUGHBY AVENUE,ST NICHOLAS AVENUE,CYPRESS AVENUE,ADDRESS,BROOKLYN,N/A,Closed,2016-10-30T14:02:17.000,The Department of Health and Mental Hygiene will review your complaint to determine appropriate action.  Complaints of this type usually result in an inspection.  Please call 311 in 30 days from the date of your complaint for status,2016-10-13T00:00:00.000,04 BROOKLYN,BROOKLYN,1006462,196931,Unspecified,BROOKLYN,40.70717898260812,-73.91988484970707,"{'type': 'Point', 'coordinates': [-73.91988484970707, 40.70717898260812]}",,,
34437114,2016-09-30T00:00:00.000,2016-09-30T00:00:00.000,DOHMH,Department of Health and Mental Hygiene,Rodent,Rat Sighting,1-2 Family Dwelling,10128,337 EAST   87 STREET,EAST   87 STREET,2 AVENUE,1 AVENUE,ADDRESS,NEW YORK,N/A,Closed,2016-10-30T01:20:21.000,The Department of Health and Mental Hygiene will review your complaint to determine appropriate action.  Complaints of this type usually result in an inspection.  Please call 311 in 30 days from the date of your complaint for status,2016-09-30T00:00:00.000,08 MANHATTAN,MANHATTAN,998021,222783,Unspecified,MANHATTAN,40.778153421064886,-73.95027725725613,"{'type': 'Point', 'coordinates': [-73.95027725725613, 40.778153421064886]}",,,
34437921,2016-09-30T00:00:00.000,2016-08-01T00:00:00.000,DOHMH,Department of Health and Mental Hygiene,Rodent,Rat Sighting,3+ Family Apt. Building,11233,106 THOMAS S BOYLAND STREET,THOMAS S BOYLAND STREET,MARION STREET,SUMPTER STREET,ADDRESS,BROOKLYN,N/A,Pending,2016-10-30T17:35:23.000,The Department of Health and Mental Hygiene will review your complaint to determine appropriate action.  Complaints of this type usually result in an inspection.  Please call 311 in 30 days from the date of your complaint for status,2016-09-30T17:40:49.000,16 BROOKLYN,BROOKLYN,1008057,187504,Unspecified,BROOKLYN,40.681299916357254,-73.91416525956775,"{'type': 'Point', 'coordinates': [-73.91416525956775, 40.681299916357254]}",,,
34439442,2016-09-30T00:00:00.000,2016-10-12T00:00:00.000,DOHMH,Department of Health and Mental Hygiene,Rodent,Rat Sighting,Commercial Building,10455,558 PROSPECT AVENUE,PROSPECT AVENUE,EAST 149 STREET,EAST 150 STREET,ADDRESS,BRONX,N/A,Closed,2016-10-30T18:09:58.000,The Department of Health and Mental Hygiene will review your complaint to determine appropriate action.  Complaints of this type usually result in an inspection.  Please call 311 in 30 days from the date of your complaint for status,2016-10-12T00:00:00.000,02 BRONX,BRONX,1010720,235308,Unspecified,BRONX,40.81250222319302,-73.90437582859725,"{'type': 'Point', 'coordinates': [-73.90437582859725, 40.81250222319302]}",,,
34442410,2016-09-30T00:00:00.000,2016-11-07T00:00:00.000,DOHMH,Department of Health and Mental Hygiene,Rodent,Rat Sighting,Vacant Lot,10305,188 SAINT MARYS AVENUE,SAINT MARYS AVENUE,TOMPKINS AVENUE,WHITE PLAINS AVENUE,ADDRESS,STATEN ISLAND,N/A,Closed,2016-10-30T12:43:16.000,The Department of Health and Mental Hygiene will review your complaint to determine appropriate action.  Complaints of this type usually result in an inspection.  Please call 311 in 30 days from the date of your complaint for status,2016-11-07T00:00:00.000,01 STATEN ISLAND,STATEN ISLAND,963870,162846,Unspecified,STATEN ISLAND,40.61362762184245,-74.07340440089673,"{'type': 'Point', 'coordinates': [-74.07340440089673, 40.61362762184245]}",,,
34437934,2016-09-30T00:00:00.000,2016-10-03T00:00:00.000,DOHMH,Department of Health and Mental Hygiene,Rodent,Rat Sighting,Other (Explain Below),11212,1561 EAST NEW YORK AVENUE,EAST NEW YORK AVENUE,PROSPECT PLACE,ST MARKS AVENUE,ADDRESS,BROOKLYN,N/A,Closed,2016-10-30T11:45:16.000,The Department of Health and Mental Hygiene will review your complaint to determine appropriate action.  Complaints of this type usually result in an inspection.  Please call 311 in 30 days from the date of your complaint for status,2016-10-03T00:00:00.000,16 BROOKLYN,BROOKLYN,1009118,184300,Unspecified,BROOKLYN,40.672502747108986,-73.91035171130136,"{'type': 'Point', 'coordinates': [-73.91035171130136, 40.672502747108986]}",,,
34440003,2016-09-30T00:00:00.000,2016-09-30T00:00:00.000,DOHMH,Department of Health and Mental Hygiene,Rodent,Mouse Sighting,3+ Family Apt. Building,10002,202 RIVINGTON STREET,RIVINGTON STREET,RIDGE STREET,PITT STREET,ADDRESS,NEW YORK,N/A,Closed,2016-10-30T19:55:00.000,The Department of Health and Mental Hygiene will review your complaint to determine appropriate action.  Complaints of this type usually result in an inspection.  Please call 311 in 30 days from the date of your complaint for status,2016-09-30T19:58:36.000,03 MANHATTAN,MANHATTAN,988937,201041,Unspecified,MANHATTAN,40.71848659137099,-73.9830918707806,"{'type': 'Point', 'coordinates': [-73.9830918707806, 40.71848659137099]}",,,
34439609,2016-09-30T00:00:00.000,2016-10-11T00:00:00.000,DOHMH,Department of Health and Mental Hygiene,Standing Water,Container - Under 5 Gallons,Other,10466,,,,,INTERSECTION,BRONX,N/A,Closed,2016-10-30T07:10:53.000,The Department of Health and Mental Hygiene will review this Service Request. These types of complaints usually result in agency contact or an inspection. Status will be available at www.nyc.gov/311 within 30 days of the date you submitted the request. Note the Service Request number for future reference.,2016-10-11T00:00:00.000,12 BRONX,BRONX,1028591,260264,Unspecified,BRONX,40.880927358978354,-73.83965105046869,"{'type': 'Point', 'coordinates': [-73.83965105046869, 40.880927358978354]}",EDSON AVENUE,BOSTON ROAD,
34440925,2016-09-30T00:00:00.000,2016-10-12T00:00:00.000,DOHMH,Department of Health and Mental Hygiene,Rodent,Rat Sighting,Other (Explain Below),11201,SMITH STREET,SMITH STREET,DEAN STREET,BERGEN STREET,BLOCKFACE,BROOKLYN,N/A,Closed,2016-10-30T22:49:48.000,The Department of Health and Mental Hygiene will review your complaint to determine appropriate action.  Complaints of this type usually result in an inspection.  Please call 311 in 30 days from the date of your complaint for status,2016-10-12T00:00:00.000,Unspecified BROOKLYN,BROOKLYN,986953,189586,Unspecified,BROOKLYN,40.68704613351208,-73.9902536539545,"{'type': 'Point', 'coordinates': [-73.9902536539545, 40.68704613351208]}",,,
34441502,2016-09-30T00:00:00.000,2016-10-07T00:00:00.000,DOHMH,Department of Health and Mental Hygiene,Rodent,Condition Attracting Rodents,1-2 Family Dwelling,11420,109-50 132 STREET,132 STREET,109 AVENUE,111 AVENUE,ADDRESS,South Ozone Park,N/A,Closed,2016-10-30T09:46:44.000,The Department of Health and Mental Hygiene will review your complaint to determine appropriate action.  Complaints of this type usually result in an inspection.  Please call 311 in 30 days from the date of your complaint for status,2016-10-07T00:00:00.000,10 QUEENS,QUEENS,1036536,188994,Unspecified,QUEENS,40.68526720832035,-73.81147456645166,"{'type': 'Point', 'coordinates': [-73.81147456645166, 40.68526720832035]}",,,
34442382,2016-09-30T00:00:00.000,2016-10-18T00:00:00.000,DOHMH,Department of Health and Mental Hygiene,Unsanitary Animal Pvt Property,Cat,3+ Family Apartment Building,10456,1047 TELLER AVENUE,TELLER AVENUE,EAST 165 STREET,EAST 166 STREET,ADDRESS,BRONX,N/A,Closed,2016-10-30T04:12:13.000,The Department of Health and Mental Hygiene will review your complaint to determine appropriate action.  Complaints of this type usually result in an inspection.  Please call 311 in 30 days from the date of your complaint for status,2016-10-18T00:00:00.000,04 BRONX,BRONX,1008120,241209,Unspecified,BRONX,40.82870620259666,-73.9137474591343,"{'type': 'Point', 'coordinates': [-73.9137474591343, 40.82870620259666]}",,,
34441968,2016-09-30T00:00:00.000,2016-09-30T00:00:00.000,DOHMH,Department of Health and Mental Hygiene,Rodent,Condition Attracting Rodents,3+ Family Apt. Building,11237,371 MENAHAN STREET,MENAHAN STREET,,,LATLONG,BROOKLYN,N/A,Closed,2016-10-30T20:56:06.000,The Department of Health and Mental Hygiene will review your complaint to determine appropriate action.  Complaints of this type usually result in an inspection.  Please call 311 in 30 days from the date of your complaint for status,2016-09-30T20:59:11.000,Unspecified BROOKLYN,BROOKLYN,1008135,194939,Unspecified,BROOKLYN,40.70170705593048,-73.9138576741109,"{'type': 'Point', 'coordinates': [-73.9138576741109, 40.70170705593048]}",,,
34437943,2016-09-30T00:00:00.000,2016-10-25T00:00:00.000,DOHMH,Department of Health and Mental Hygiene,Rodent,Rat Sighting,1-2 Family Dwelling,10301,60 PINE STREET,PINE STREET,CORSON AVENUE,STANLEY AVENUE,ADDRESS,STATEN ISLAND,N/A,Closed,2016-10-30T11:09:29.000,The Department of Health and Mental Hygiene will review your complaint to determine appropriate action.  Complaints of this type usually result in an inspection.  Please call 311 in 30 days from the date of your complaint for status,2016-10-25T00:00:00.000,01 STATEN ISLAND,STATEN ISLAND,960099,170968,Unspecified,STATEN ISLAND,40.63591132282345,-74.08701578759857,"{'type': 'Point', 'coordinates': [-74.08701578759857, 40.63591132282345]}",,,
34434356,2016-09-29T23:59:29.000,2016-09-30T01:39:50.000,NYPD,New York City Police Department,Noise - Residential,Loud Music/Party,Residential Building/House,10012,199 PRINCE STREET,PRINCE STREET,SULLIVAN STREET,MAC DOUGAL STREET,ADDRESS,NEW YORK,Precinct,Closed,2016-09-30T07:59:29.000,The Police Department responded to the complaint and with the information available observed no evidence of the violation at that time.,2016-09-30T01:39:50.000,02 MANHATTAN,MANHATTAN,983486,204036,Unspecified,MANHATTAN,40.72670835063373,-74.00275643361864,"{'type': 'Point', 'coordinates': [-74.00275643361864, 40.72670835063373]}",,,
34430994,2016-09-29T23:59:11.000,2016-10-07T13:21:20.000,HPD,Department of Housing Preservation and Development,HEAT/HOT WATER,ENTIRE BUILDING,RESIDENTIAL BUILDING,11221,43 HOWARD AVENUE,HOWARD AVENUE,,,ADDRESS,BROOKLYN,N/A,Closed,,The Department of Housing Preservation and Development contacted an occupant of the apartment or building and verified that the complaint was addressed.  The complaint has been closed.,2016-10-07T13:21:20.000,03 BROOKLYN,BROOKLYN,1006203,189658,Unspecified,BROOKLYN,40.68721694458562,-73.92084272604303,"{'type': 'Point', 'coordinates': [-73.92084272604303, 40.68721694458562]}",,,
34432191,2016-09-29T23:59:06.000,2016-09-30T00:50:00.000,NYPD,New York City Police Department,Noise - Residential,Loud Music/Party,Residential Building/House,11420,111-05 128 STREET,128 STREET,111 AVENUE,LINDEN BOULEVARD,ADDRESS,SOUTH OZONE PARK,Precinct,Closed,2016-09-30T07:59:06.000,The Police Department responded to the complaint and with the information available observed no evidence of the violation at that time.,2016-09-30T00:50:00.000,10 QUEENS,QUEENS,1036038,187982,Unspecified,QUEENS,40.68249243327391,-73.8132779566938,"{'type': 'Point', 'coordinates': [-73.8132779566938, 40.68249243327391]}",,,
34430424,2016-09-29T23:58:58.000,2016-09-30T00:40:20.000,NYPD,New York City Police Department,Noise - Commercial,Loud Music/Party,Club/Bar/Restaurant,10025,,,,,INTERSECTION,NEW YORK,Precinct,Closed,2016-09-30T07:58:58.000,The Police Department responded to the complaint and determined that police action was not necessary.,2016-09-30T00:40:20.000,07 MANHATTAN,MANHATTAN,993079,231595,Unspecified,MANHATTAN,40.802346308210154,-73.96810967706041,"{'type': 'Point', 'coordinates': [-73.96810967706041, 40.802346308210154]}",WEST END AVENUE,WEST  107 STREET,
34431529,2016-09-29T23:58:48.000,2016-09-30T01:11:28.000,NYPD,New York City Police Department,Illegal Parking,Blocked Hydrant,Street/Sidewalk,11238,122 SAINT JAMES PLACE,SAINT JAMES PLACE,GREENE AVENUE,GATES AVENUE,ADDRESS,BROOKLYN,Precinct,Closed,2016-09-30T07:58:48.000,The Police Department issued a summons in response to the complaint.,2016-09-30T01:11:28.000,02 BROOKLYN,BROOKLYN,994137,189281,Unspecified,BROOKLYN,40.686203868994525,-73.964350385257,"{'type': 'Point', 'coordinates': [-73.964350385257, 40.686203868994525]}",,,
34431340,2016-09-29T23:58:24.000,2016-09-30T01:15:03.000,NYPD,New York City Police Department,Noise - Residential,Loud Music/Party,Residential Building/House,11237,5 RIDGEWOOD PLACE,RIDGEWOOD PLACE,PALMETTO STREET,WOODBINE STREET,ADDRESS,BROOKLYN,Precinct,Closed,2016-09-30T07:58:24.000,The Police Department responded to the complaint and took action to fix the condition.,2016-09-30T01:15:03.000,04 BROOKLYN,BROOKLYN,1008779,193828,Unspecified,BROOKLYN,40.69865586046121,-73.91153910710374,"{'type': 'Point', 'coordinates': [-73.91153910710374, 40.69865586046121]}",,,
34436913,2016-09-29T23:58:14.000,2016-09-30T01:28:42.000,NYPD,New York City Police Department,Noise - Residential,Loud Music/Party,Residential Building/House,10029,1660 MADISON AVENUE,MADISON AVENUE,EAST 110 STREET,EAST 111 STREET,ADDRESS,NEW YORK,Precinct,Closed,2016-09-30T07:58:14.000,The Police Department responded to the complaint and with the information available observed no evidence of the violation at that time.,2016-09-30T01:28:42.000,11 MANHATTAN,MANHATTAN,998803,229452,Unspecified,MANHATTAN,40.796456785179494,-73.9474392538126,"{'type': 'Point', 'coordinates': [-73.9474392538126, 40.796456785179494]}",,,
34435952,2016-09-29T23:57:58.000,2016-09-30T03:26:38.000,NYPD,New York City Police Department,Noise - Street/Sidewalk,Loud Talking,Street/Sidewalk,10034,674 ACADEMY STREET,ACADEMY STREET,BROADWAY,COOPER STREET,ADDRESS,NEW YORK,Precinct,Closed,2016-09-30T07:57:58.000,The Police Department responded to the complaint and took action to fix the condition.,2016-09-30T03:26:38.000,12 MANHATTAN,MANHATTAN,1004908,255083,Unspecified,MANHATTAN,40.866794324578265,-73.92531104058831,"{'type': 'Point', 'coordinates': [-73.92531104058831, 40.866794324578265]}",,,
34438336,2016-09-29T23:57:20.000,2016-09-30T22:30:00.000,DOT,Department of Transportation,Street Condition,Pothole,,11220,2 AVENUE,2 AVENUE,53 STREET,54 STREET,BLOCKFACE,BROOKLYN,N/A,Closed,,The Department of Transportation inspected this complaint and repaired the problem.,2016-09-30T22:30:00.000,07 BROOKLYN,BROOKLYN,978987,175044,Unspecified,BROOKLYN,40.647130429309264,-74.01896571673122,"{'type': 'Point', 'coordinates': [-74.01896571673122, 40.647130429309264]}",,,
34430329,2016-09-29T23:56:43.000,2016-09-30T04:27:52.000,NYPD,New York City Police Department,Noise - Commercial,Loud Music/Party,Club/Bar/Restaurant,10009,218 AVENUE A,AVENUE A,EAST 13 STREET,EAST 14 STREET,ADDRESS,NEW YORK,Precinct,Closed,2016-09-30T07:56:43.000,The Police Department responded to the complaint and took action to fix the condition.,2016-09-30T04:27:52.000,03 MANHATTAN,MANHATTAN,989616,205239,Unspecified,MANHATTAN,40.73000869745565,-73.98063906352208,"{'type': 'Point', 'coordinates': [-73.98063906352208, 40.73000869745565]}",,,
34435817,2016-09-29T23:56:34.000,2016-09-30T04:51:07.000,NYPD,New York City Police Department,Blocked Driveway,No Access,Street/Sidewalk,11249,79 NORTH 11 STREET,NORTH 11 STREET,WYTHE AVENUE,BERRY STREET,ADDRESS,BROOKLYN,Precinct,Closed,2016-09-30T07:56:34.000,The Police Department responded and upon arrival those responsible for the condition were gone.,2016-09-30T04:51:07.000,01 BROOKLYN,BROOKLYN,995937,202180,Unspecified,BROOKLYN,40.721606393680474,-73.95783772929187,"{'type': 'Point', 'coordinates': [-73.95783772929187, 40.721606393680474]}",,,
34432826,2016-09-29T23:55:00.000,2016-10-11T13:12:00.000,DOT,Department of Transportation,Street Light Condition,Street Light Out,,,,,3 AVE,50 ST E,INTERSECTION,,N/A,Closed,,"Service Request status for this request is available on the Department of Transportation's website. Please click the ""Learn More"" link below.",2016-10-11T13:12:00.000,Unspecified MANHATTAN,MANHATTAN,,,Unspecified,MANHATTAN,,,,3 AVE,50 ST E,
34436249,2016-09-29T23:55:00.000,2016-10-07T00:30:00.000,DEP,Department of Environmental Protection,Noise,Noise: Construction Before/After Hours (NM1),,10016,30 EAST   34 STREET,EAST   34 STREET,2 AVENUE,1 AVENUE,BLOCKFACE,NEW YORK,N/A,Closed,,The Department of Environmental Protection determined that this complaint is a duplicate of a previously filed complaint. The original complaint is being addressed.,2016-10-07T00:30:00.000,06 MANHATTAN,MANHATTAN,991024,210570,Unspecified,MANHATTAN,40.74464000675362,-73.9755535246047,"{'type': 'Point', 'coordinates': [-73.9755535246047, 40.74464000675362]}",,,
34432140,2016-09-29T23:54:31.000,2016-09-30T02:42:30.000,NYPD,New York City Police Department,Noise - Commercial,Banging/Pounding,Club/Bar/Restaurant,11211,484 UNION AVENUE,UNION AVENUE,CONSELYEA STREET,MEEKER AVENUE,ADDRESS,BROOKLYN,Precinct,Closed,2016-09-30T07:54:31.000,The Police Department responded to the complaint and took action to fix the condition.,2016-09-30T02:42:30.000,01 BROOKLYN,BROOKLYN,997625,199756,Unspecified,BROOKLYN,40.71495070597848,-73.95175288214118,"{'type': 'Point', 'coordinates': [-73.95175288214118, 40.71495070597848]}",,,
34432417,2016-09-29T23:54:20.000,2016-09-30T06:59:59.000,NYPD,New York City Police Department,Illegal Parking,Posted Parking Sign Violation,Street/Sidewalk,11385,72-32 66 PLACE,66 PLACE,MYRTLE AVENUE,COOPER AVENUE,ADDRESS,RIDGEWOOD,Precinct,Closed,2016-09-30T07:54:20.000,The Police Department responded and upon arrival those responsible for the condition were gone.,2016-09-30T06:59:59.000,05 QUEENS,QUEENS,1015604,194625,Unspecified,QUEENS,40.70082188789992,-73.88692187818695,"{'type': 'Point', 'coordinates': [-73.88692187818695, 40.70082188789992]}",,,
34433227,2016-09-29T23:53:53.000,2016-09-30T02:33:04.000,NYPD,New York City Police Department,Noise - Residential,Loud Talking,Residential Building/House,11238,505 ST MARKS AVENUE,ST MARKS AVENUE,CLASSON AVENUE,NYCTA SUBWAY,ADDRESS,BROOKLYN,Precinct,Closed,2016-09-30T07:53:53.000,The Police Department responded to the complaint and with the information available observed no evidence of the violation at that time.,2016-09-30T02:33:04.000,08 BROOKLYN,BROOKLYN,995986,185665,Unspecified,BROOKLYN,40.67627651321712,-73.9576897334936,"{'type': 'Point', 'coordinates': [-73.9576897334936, 40.67627651321712]}",,,
34435307,2016-09-29T23:53:47.000,2016-09-30T00:35:01.000,NYPD,New York City Police Department,Noise - Residential,Loud Music/Party,Residential Building/House,11201,,,,,INTERSECTION,BROOKLYN,Precinct,Closed,2016-09-30T07:53:47.000,The Police Department responded to the complaint and took action to fix the condition.,2016-09-30T00:35:01.000,02 BROOKLYN,BROOKLYN,990368,190592,Unspecified,BROOKLYN,40.68980567066739,-73.97793909974656,"{'type': 'Point', 'coordinates': [-73.97793909974656, 40.68980567066739]}",DEKALB AVENUE,ST FELIX STREET,
34434044,2016-09-29T23:53:40.000,2016-09-30T03:26:37.000,NYPD,New York City Police Department,Noise - Commercial,Loud Music/Party,Store/Commercial,10033,4325 BROADWAY,BROADWAY,WEST 184 STREET,WEST 185 STREET,ADDRESS,NEW YORK,Precinct,Closed,2016-09-30T07:53:40.000,The Police Department responded to the complaint and took action to fix the condition.,2016-09-30T03:26:37.000,12 MANHATTAN,MANHATTAN,1002335,249826,Unspecified,MANHATTAN,40.85237108974576,-73.93462789776359,"{'type': 'Point', 'coordinates': [-73.93462789776359, 40.85237108974576]}",,,
34436112,2016-09-29T23:53:02.000,2016-09-30T00:41:24.000,NYPD,New York City Police Department,Noise - Street/Sidewalk,Loud Talking,Street/Sidewalk,11373,91 PLACE,91 PLACE,CORONA AVENUE,48 AVENUE,BLOCKFACE,ELMHURST,Precinct,Closed,2016-09-30T07:53:02.000,The Police Department responded to the complaint and took action to fix the condition.,2016-09-30T00:41:24.000,04 QUEENS,QUEENS,1019386,209665,Unspecified,QUEENS,40.74208880439335,-73.87320360828761,"{'type': 'Point', 'coordinates': [-73.87320360828761, 40.74208880439335]}",,,
34436912,2016-09-29T23:53:02.000,2016-09-30T01:08:09.000,NYPD,New York City Police Department,Noise - Residential,Loud Music/Party,Residential Building/House,11230,,,,,INTERSECTION,BROOKLYN,Precinct,Closed,2016-09-30T07:53:02.000,The Police Department responded to the complaint and took action to fix the condition.,2016-09-30T01:08:10.000,12 BROOKLYN,BROOKLYN,993080,164997,Unspecified,BROOKLYN,40.61955070873821,-73.96819340951298,"{'type': 'Point', 'coordinates': [-73.96819340951298, 40.61955070873821]}",EAST    7 STREET,AVENUE L,
34433995,2016-09-29T23:52:47.000,2016-09-30T00:53:20.000,NYPD,New York City Police Department,Panhandling,N/A,Street/Sidewalk,10038,200 WATER STREET,WATER STREET,JOHN STREET,FULTON STREET,ADDRESS,NEW YORK,Precinct,Closed,2016-09-30T07:52:47.000,The Police Department responded to the complaint and with the information available observed no evidence of the violation at that time.,2016-09-30T00:53:20.000,01 MANHATTAN,MANHATTAN,983066,196971,Unspecified,MANHATTAN,40.707316573568,-74.00427050785834,"{'type': 'Point', 'coordinates': [-74.00427050785834, 40.707316573568]}",,,
34434326,2016-09-29T23:52:09.000,2016-09-30T01:09:13.000,NYPD,New York City Police Department,Noise - Residential,Loud Music/Party,Residential Building/House,11230,EAST 7 STREET,EAST 7 STREET,AVENUE L,AVENUE M,BLOCKFACE,BROOKLYN,Precinct,Closed,2016-09-30T07:52:09.000,The Police Department responded to the complaint and took action to fix the condition.,2016-09-30T01:09:14.000,12 BROOKLYN,BROOKLYN,993143,164561,Unspecified,BROOKLYN,40.61835391643698,-73.96796705120836,"{'type': 'Point', 'coordinates': [-73.96796705120836, 40.61835391643698]}",,,
34430428,2016-09-29T23:52:09.000,2016-09-30T07:04:54.000,NYPD,New York City Police Department,Noise - Residential,Loud Music/Party,Residential Building/House,10460,770 GARDEN STREET,GARDEN STREET,PROSPECT AVENUE,CROTONA PARKWAY,ADDRESS,BRONX,Precinct,Closed,2016-09-30T07:52:09.000,The Police Department responded to the complaint and took action to fix the condition.,2016-09-30T07:04:54.000,06 BRONX,BRONX,1016356,248873,Unspecified,BRONX,40.84971553715756,-73.88395060319702,"{'type': 'Point', 'coordinates': [-73.88395060319702, 40.84971553715756]}",,,
34436920,2016-09-29T23:52:03.000,2016-09-30T00:29:46.000,NYPD,New York City Police Department,Noise - Street/Sidewalk,Loud Talking,Street/Sidewalk,11422,,,,,INTERSECTION,ROSEDALE,Precinct,Closed,2016-09-30T07:52:03.000,The Police Department responded and upon arrival those responsible for the condition were gone.,2016-09-30T00:29:46.000,13 QUEENS,QUEENS,1057727,180703,Unspecified,QUEENS,40.66235983298796,-73.73515784967232,"{'type': 'Point', 'coordinates': [-73.73515784967232, 40.66235983298796]}",248 STREET,MEMPHIS AVENUE,
34430586,2016-09-29T23:51:22.000,2016-09-30T00:17:02.000,NYPD,New York City Police Department,Illegal Parking,Overnight Commercial Storage,Street/Sidewalk,11214,2233 84 STREET,84 STREET,BAY PARKWAY,23 AVENUE,ADDRESS,BROOKLYN,Precinct,Closed,2016-09-30T07:51:22.000,The Police Department responded to the complaint and with the information available observed no evidence of the violation at that time.,2016-09-30T00:17:02.000,11 BROOKLYN,BROOKLYN,986536,158815,Unspecified,BROOKLYN,40.60258649543935,-73.99176767951833,"{'type': 'Point', 'coordinates': [-73.99176767951833, 40.60258649543935]}",,,
34430129,2016-09-29T23:51:00.000,2016-09-30T07:32:47.000,NYPD,New York City Police Department,Blocked Driveway,No Access,Street/Sidewalk,11206,187 HART STREET,HART STREET,TOMPKINS AVENUE,THROOP AVENUE,ADDRESS,BROOKLYN,Precinct,Closed,2016-09-30T07:51:00.000,The Police Department issued a summons in response to the complaint.,2016-09-30T07:32:47.000,03 BROOKLYN,BROOKLYN,999758,192022,Unspecified,BROOKLYN,40.69371921777572,-73.94407640698067,"{'type': 'Point', 'coordinates': [-73.94407640698067, 40.69371921777572]}",,,
34435094,2016-09-29T23:50:20.000,2016-09-30T01:15:02.000,NYPD,New York City Police Department,Noise - Street/Sidewalk,Loud Music/Party,Street/Sidewalk,11237,3 RIDGEWOOD PLACE,RIDGEWOOD PLACE,PALMETTO STREET,WOODBINE STREET,ADDRESS,BROOKLYN,Precinct,Closed,2016-09-30T07:50:20.000,The Police Department responded to the complaint and took action to fix the condition.,2016-09-30T01:15:02.000,04 BROOKLYN,BROOKLYN,1008762,193841,Unspecified,BROOKLYN,40.69869158951615,-73.91160036820827,"{'type': 'Point', 'coordinates': [-73.91160036820827, 40.69869158951615]}",,,
34441612,2016-09-29T23:50:00.000,2016-09-30T12:00:00.000,DSNY,Department of Sanitation,Sanitation Condition,12 Dead Animals,Sidewalk,11206,TOMPKINS AVENUE,TOMPKINS AVENUE,HART STREET,WILLOUGHBY AVENUE,BLOCKFACE,BROOKLYN,DSNY Garage,Closed,,The Department of Sanitation investigated this complaint and found no condition at the location.,2016-09-30T12:00:00.000,03 BROOKLYN,BROOKLYN,999223,192074,Unspecified,BROOKLYN,40.693862867024386,-73.94600556109857,"{'type': 'Point', 'coordinates': [-73.94600556109857, 40.693862867024386]}",,,
34430322,2016-09-29T23:50:00.000,2016-09-30T23:05:00.000,DOT,Department of Transportation,Street Light Condition,Street Light Out,,10031,749 RIVERSIDE DRIVE,RIVERSIDE DRIVE,RIVERSIDE DR,152 ST W,INTERSECTION,NEW YORK,N/A,Closed,,Service Request status for this request is available on the Department of Transportationâs website. Please click the âLearn Moreâ link below.,2016-09-30T23:05:00.000,09 MANHATTAN,MANHATTAN,998287,242249,Unspecified,MANHATTAN,40.83158180502167,-73.94927611582962,"{'type': 'Point', 'coordinates': [-73.94927611582962, 40.83158180502167]}",RIVERSIDE DR,152 ST W,
34430432,2016-09-29T23:49:55.000,2016-09-30T00:43:32.000,NYPD,New York City Police Department,Noise - Street/Sidewalk,Loud Music/Party,Street/Sidewalk,11221,81 CORNELIA STREET,CORNELIA STREET,BUSHWICK AVENUE,EVERGREEN AVENUE,ADDRESS,BROOKLYN,Precinct,Closed,2016-09-30T07:49:55.000,The Police Department issued a summons in response to the complaint.,2016-09-30T00:43:32.000,04 BROOKLYN,BROOKLYN,1007474,190476,Unspecified,BROOKLYN,40.68945892199327,-73.9162569866349,"{'type': 'Point', 'coordinates': [-73.9162569866349, 40.68945892199327]}",,,
34436994,2016-09-29T23:49:54.000,2016-12-02T13:06:34.000,TLC,Taxi and Limousine Commission,Taxi Complaint,Driver Complaint,,10016,,,,,INTERSECTION,NEW YORK,N/A,Closed,2016-11-14T09:07:25.000,The Taxi and Limousine Commission reviewed your complaint. The driver or owner pled guilty to a violation and paid a fine. TLC has sent you a written confirmation of this outcome.,2016-12-02T13:06:35.000,06 MANHATTAN,MANHATTAN,991083,209344,Unspecified,MANHATTAN,40.74127489746624,-73.97534184683835,"{'type': 'Point', 'coordinates': [-73.97534184683835, 40.74127489746624]}",EAST   30 STREET,FIRST AVENUE,Other
34436085,2016-09-29T23:48:06.000,2016-09-29T23:56:14.000,NYPD,New York City Police Department,Noise - Commercial,Loud Music/Party,Club/Bar/Restaurant,11217,6 ST FELIX STREET,ST FELIX STREET,DEKALB AVENUE,FULTON STREET,ADDRESS,BROOKLYN,Precinct,Closed,2016-09-30T07:48:06.000,The Police Department responded to the complaint and took action to fix the condition.,2016-09-29T23:56:14.000,02 BROOKLYN,BROOKLYN,990388,190438,Unspecified,BROOKLYN,40.68938296226122,-73.97786712204423,"{'type': 'Point', 'coordinates': [-73.97786712204423, 40.68938296226122]}",,,
34431403,2016-09-29T23:48:00.000,2016-10-04T14:45:00.000,DEP,Department of Environmental Protection,Air Quality,"Air: Odor/Fumes, Vehicle Idling (AD3)",,11411,117-01 SPRINGFIELD BOULEVARD,SPRINGFIELD BOULEVARD,LINDEN BLVD,117 RD,ADDRESS,Cambria Heights,N/A,Closed,,The Department of Environmental Protection determined that this complaint is a duplicate of a previously filed complaint. The original complaint is being addressed.,2016-10-04T14:45:00.000,13 QUEENS,QUEENS,1055343,192986,Unspecified,QUEENS,40.69609320344547,-73.74362116515917,"{'type': 'Point', 'coordinates': [-73.74362116515917, 40.69609320344547]}",,,
34436971,2016-09-29T23:47:49.000,2016-09-30T00:01:53.000,DHS,Operations Unit - Department of Homeless Services,Homeless Person Assistance,N/A,Street/Sidewalk,10024,518 AMSTERDAM AVENUE,AMSTERDAM AVENUE,WEST 84 STREET,WEST 85 STREET,ADDRESS,NEW YORK,N/A,Closed,2016-09-30T00:47:49.000,"Based on the information you provided, the Department of Homeless Services has referred this request to the New York City Police Department.",2016-09-30T00:01:54.000,07 MANHATTAN,MANHATTAN,991009,225971,Unspecified,MANHATTAN,40.78691177736751,-73.97559217093466,"{'type': 'Point', 'coordinates': [-73.97559217093466, 40.78691177736751]}",,,
34436940,2016-09-29T23:47:34.000,2016-09-30T00:22:26.000,NYPD,New York City Police Department,Noise - Street/Sidewalk,Loud Talking,Street/Sidewalk,11217,101 6 AVENUE,6 AVENUE,PROSPECT PLACE,PARK PLACE,ADDRESS,BROOKLYN,Precinct,Closed,2016-09-30T07:47:34.000,The Police Department responded to the complaint and with the information available observed no evidence of the violation at that time.,2016-09-30T00:22:26.000,06 BROOKLYN,BROOKLYN,991061,186705,Unspecified,BROOKLYN,40.67913623734708,-73.97544413981153,"{'type': 'Point', 'coordinates': [-73.97544413981153, 40.67913623734708]}",,,
34431519,2016-09-29T23:47:33.000,2016-09-30T04:13:25.000,NYPD,New York City Police Department,Illegal Parking,Commercial Overnight Parking,Street/Sidewalk,11232,28 STREET,28 STREET,3 AVENUE,4 AVENUE,BLOCKFACE,BROOKLYN,Precinct,Closed,2016-09-30T07:47:33.000,The Police Department responded to the complaint and determined that police action was not necessary.,2016-09-30T04:13:25.000,07 BROOKLYN,BROOKLYN,984049,179504,Unspecified,BROOKLYN,40.65937371801841,-74.00072445538346,"{'type': 'Point', 'coordinates': [-74.00072445538346, 40.65937371801841]}",,,
34436904,2016-09-29T23:46:54.000,2016-09-30T02:15:55.000,NYPD,New York City Police Department,Blocked Driveway,No Access,Street/Sidewalk,11432,87-21 168 PLACE,168 PLACE,HIGHLAND AVENUE,HILLSIDE AVENUE,ADDRESS,JAMAICA,Precinct,Closed,2016-09-30T07:46:54.000,The Police Department responded to the complaint and with the information available observed no evidence of the violation at that time.,2016-09-30T02:15:55.000,08 QUEENS,QUEENS,1041240,198543,Unspecified,QUEENS,40.71144787749486,-73.79443281212964,"{'type': 'Point', 'coordinates': [-73.79443281212964, 40.71144787749486]}",,,
34434127,2016-09-29T23:46:22.000,2016-09-30T01:55:07.000,NYPD,New York City Police Department,Noise - Residential,Loud Music/Party,Residential Building/House,10036,307 WEST 45 STREET,WEST 45 STREET,8 AVENUE,9 AVENUE,ADDRESS,NEW YORK,Precinct,Closed,2016-09-30T07:46:22.000,The Police Department responded to the complaint and determined that police action was not necessary.,2016-09-30T01:55:07.000,04 MANHATTAN,MANHATTAN,987316,215947,Unspecified,MANHATTAN,40.75940057352794,-73.98893275721122,"{'type': 'Point', 'coordinates': [-73.98893275721122, 40.75940057352794]}",,,
34436233,2016-09-29T23:45:49.000,2016-09-30T01:53:22.000,NYPD,New York City Police Department,Noise - Residential,Loud Music/Party,Residential Building/House,10304,237 MOSEL AVENUE,MOSEL AVENUE,LEEWOOD LOOP,LEEWOOD LOOP,ADDRESS,STATEN ISLAND,Precinct,Closed,2016-09-30T07:45:49.000,The Police Department responded to the complaint and took action to fix the condition.,2016-09-30T01:53:22.000,01 STATEN ISLAND,STATEN ISLAND,962163,161586,Unspecified,STATEN ISLAND,40.61016509202896,-74.07954852527381,"{'type': 'Point', 'coordinates': [-74.07954852527381, 40.61016509202896]}",,,
34433301,2016-09-29T23:45:14.000,2016-09-30T07:03:04.000,NYPD,New York City Police Department,Illegal Parking,Posted Parking Sign Violation,Street/Sidewalk,11385,69-05 66 PLACE,66 PLACE,OTTO ROAD,70 AVENUE,ADDRESS,RIDGEWOOD,Precinct,Closed,2016-09-30T07:45:14.000,The Police Department responded and upon arrival those responsible for the condition were gone.,2016-09-30T07:03:04.000,05 QUEENS,QUEENS,1015021,196287,Unspecified,QUEENS,40.70538573052209,-73.88901686972609,"{'type': 'Point', 'coordinates': [-73.88901686972609, 40.70538573052209]}",,,
34436646,2016-09-29T23:44:54.000,2016-10-15T11:25:28.000,HPD,Department of Housing Preservation and Development,PLUMBING,BASIN/SINK,RESIDENTIAL BUILDING,10019,320 WEST   55 STREET,WEST   55 STREET,,,ADDRESS,NEW YORK,N/A,Closed,,The Department of Housing Preservation and Development inspected the following conditions. No violations were issued. The complaint has been closed.,2016-10-15T11:25:28.000,04 MANHATTAN,MANHATTAN,988499,218265,Unspecified,MANHATTAN,40.76576239752895,-73.98466105460929,"{'type': 'Point', 'coordinates': [-73.98466105460929, 40.76576239752895]}",,,
34432921,2016-09-29T23:44:53.000,2016-09-30T08:09:45.000,NYPD,New York City Police Department,Noise - Commercial,Loud Music/Party,Store/Commercial,10024,WEST 88 STREET,WEST 88 STREET,AMSTERDAM AVENUE,BROADWAY,BLOCKFACE,NEW YORK,Precinct,Closed,2016-09-30T07:44:53.000,The Police Department responded to the complaint and with the information available observed no evidence of the violation at that time.,2016-09-30T08:09:46.000,07 MANHATTAN,MANHATTAN,991250,226828,Unspecified,MANHATTAN,40.789263825058725,-73.97472098837703,"{'type': 'Point', 'coordinates': [-73.97472098837703, 40.789263825058725]}",,,
34434186,2016-09-29T23:43:59.000,,DOHMH,Department of Health and Mental Hygiene,Food Establishment,Food Temperature,Restaurant/Bar/Deli/Bakery,10468,2371 GRAND CONCOURSE,GRAND CONCOURSE,FIELD PLACE,EAST 184 STREET,ADDRESS,BRONX,N/A,Pending,2016-11-05T23:43:59.000,The Department of Health and Mental Hygiene has received and processed your complaint.  All restaurants and mobile food vendors are inspected annually.  Restaurant inspection results can be found on WWW.NYC.GOV or a copy of the inspection can be requested from 311.,2016-09-30T10:45:12.000,05 BRONX,BRONX,1012206,252310,Unspecified,BRONX,40.859163186586024,-73.89893672293678,"{'type': 'Point', 'coordinates': [-73.89893672293678, 40.859163186586024]}",,,
34432200,2016-09-29T23:43:56.000,2016-09-30T00:26:34.000,NYPD,New York City Police Department,Homeless Encampment,N/A,Residential Building/House,10026,357 WEST 116 STREET,WEST 116 STREET,MANHATTAN AVENUE,MORNINGSIDE AVENUE,ADDRESS,NEW YORK,Precinct,Closed,2016-09-30T07:43:56.000,The Police Department responded to the complaint and took action to fix the condition.,2016-09-30T00:26:34.000,10 MANHATTAN,MANHATTAN,996116,232626,Unspecified,MANHATTAN,40.805172563049126,-73.95713822105023,"{'type': 'Point', 'coordinates': [-73.95713822105023, 40.805172563049126]}",,,
34436984,2016-09-29T23:43:46.000,2016-09-30T10:01:34.000,NYPD,New York City Police Department,Noise - Commercial,Loud Music/Party,Store/Commercial,11104,46-12 GREENPOINT AVENUE,GREENPOINT AVENUE,46 STREET,47 STREET,ADDRESS,SUNNYSIDE,Precinct,Closed,2016-09-30T07:43:46.000,The Police Department responded to the complaint and with the information available observed no evidence of the violation at that time.,2016-09-30T10:01:34.000,02 QUEENS,QUEENS,1006792,209711,Unspecified,QUEENS,40.742256131575154,-73.91865178582931,"{'type': 'Point', 'coordinates': [-73.91865178582931, 40.742256131575154]}",,,
34432936,2016-09-29T23:42:47.000,2016-09-30T01:50:09.000,NYPD,New York City Police Department,Blocked Driveway,No Access,Street/Sidewalk,11208,27 LOGAN STREET,LOGAN STREET,JAMAICA AVENUE,ETNA STREET,ADDRESS,BROOKLYN,Precinct,Closed,2016-09-30T07:42:47.000,The Police Department responded and upon arrival those responsible for the condition were gone.,2016-09-30T01:50:10.000,05 BROOKLYN,BROOKLYN,1017838,189296,Unspecified,BROOKLYN,40.68618683259511,-73.87889154420162,"{'type': 'Point', 'coordinates': [-73.87889154420162, 40.68618683259511]}",,,
34437698,2016-09-29T23:42:47.000,2016-10-05T00:00:00.000,DOB,Department of Buildings,Boilers,Boiler - Defective/Inoperative/No Permit,,11373,94-25 57 AVENUE,57 AVENUE,,,ADDRESS,Elmhurst,N/A,Closed,,The Department of Buildings investigated this complaint and determined that no further action was necessary.,2016-10-05T00:00:00.000,Unspecified QUEENS,QUEENS,1021109,207565,Unspecified,QUEENS,40.73631781874827,-73.86699727967387,"{'type': 'Point', 'coordinates': [-73.86699727967387, 40.73631781874827]}",,,
34431348,2016-09-29T23:42:10.000,2016-09-30T03:54:09.000,NYPD,New York City Police Department,Noise - Residential,Loud Music/Party,Residential Building/House,10468,2609 AQUEDUCT AVENUE,AQUEDUCT AVENUE,WEST 192 STREET,BEND,ADDRESS,BRONX,Precinct,Closed,2016-09-30T07:42:10.000,The Police Department responded to the complaint and with the information available observed no evidence of the violation at that time.,2016-09-30T03:54:09.000,07 BRONX,BRONX,1011737,255309,Unspecified,BRONX,40.867396002416676,-73.90061989571716,"{'type': 'Point', 'coordinates': [-73.90061989571716, 40.867396002416676]}",,,
34431353,2016-09-29T23:42:09.000,2016-09-30T03:07:03.000,NYPD,New York City Police Department,Noise - Residential,Loud Music/Party,Residential Building/House,11206,146 MESEROLE STREET,MESEROLE STREET,MANHATTAN AVENUE,GRAHAM AVENUE,ADDRESS,BROOKLYN,Precinct,Closed,2016-09-30T07:42:09.000,The Police Department responded to the complaint and with the information available observed no evidence of the violation at that time.,2016-09-30T03:07:03.000,01 BROOKLYN,BROOKLYN,999812,197229,Unspecified,BROOKLYN,40.7080111167005,-73.94386964505776,"{'type': 'Point', 'coordinates': [-73.94386964505776, 40.7080111167005]}",,,
34436638,2016-09-29T23:42:00.000,2016-09-30T22:53:00.000,DOT,Department of Transportation,Street Light Condition,Street Light Out,,10452,,,FEATHERBED LA,JESUP AVE,INTERSECTION,BRONX,N/A,Closed,,Service Request status for this request is available on the Department of Transportationâs website. Please click the âLearn Moreâ link below.,2016-09-30T22:53:00.000,05 BRONX,BRONX,1006888,247596,Unspecified,BRONX,40.84623990154889,-73.91817764304537,"{'type': 'Point', 'coordinates': [-73.91817764304537, 40.84623990154889]}",FEATHERBED LANE,JESUP AVENUE,
34435175,2016-09-29T23:40:03.000,2016-09-30T00:14:48.000,NYPD,New York City Police Department,Noise - Street/Sidewalk,Loud Talking,Street/Sidewalk,10032,558 WEST 164 STREET,WEST 164 STREET,ST NICHOLAS AVENUE,BROADWAY,ADDRESS,NEW YORK,Precinct,Closed,2016-09-30T07:40:03.000,The Police Department responded to the complaint and with the information available observed no evidence of the violation at that time.,2016-09-30T00:14:48.000,12 MANHATTAN,MANHATTAN,1000650,244594,Unspecified,MANHATTAN,40.83801407976737,-73.94073148488742,"{'type': 'Point', 'coordinates': [-73.94073148488742, 40.83801407976737]}",,,
34430501,2016-09-29T23:40:00.000,2016-10-04T14:45:00.000,DEP,Department of Environmental Protection,Air Quality,"Air: Odor/Fumes, Vehicle Idling (AD3)",,11411,117-01 SPRINGFIELD BOULEVARD,SPRINGFIELD BOULEVARD,LINDEN BLVD,117 RD,ADDRESS,Cambria Heights,N/A,Closed,,"The Department of Environmental Protection (DEP) didn't observe a violation of the NYC Air or Noise Code at the time of inspection and couldn't issue a summons.  If the problem still exists, please go to nyc.gov/311 or call 311 to file a new Service Request. If you're outside of New York City, please call (212) NEW-YORK (212-639-9675).",2016-10-04T14:45:00.000,13 QUEENS,QUEENS,1055343,192986,Unspecified,QUEENS,40.69609320344547,-73.74362116515917,"{'type': 'Point', 'coordinates': [-73.74362116515917, 40.69609320344547]}",,,
34433375,2016-09-29T23:39:56.000,2016-09-30T08:13:53.000,NYPD,New York City Police Department,Illegal Parking,Commercial Overnight Parking,Street/Sidewalk,11223,1 AVENUE V,AVENUE V,STILLWELL AVENUE,WEST 13 STREET,ADDRESS,BROOKLYN,Precinct,Closed,2016-09-30T07:39:56.000,The Police Department responded to the complaint and with the information available observed no evidence of the violation at that time.,2016-09-30T08:13:53.000,13 BROOKLYN,BROOKLYN,988537,155530,Unspecified,BROOKLYN,40.5935690924429,-73.98456378296277,"{'type': 'Point', 'coordinates': [-73.98456378296277, 40.5935690924429]}",,,
34436039,2016-09-29T23:39:46.000,2016-09-30T15:40:00.000,NYPD,New York City Police Department,Illegal Parking,Double Parked Blocking Vehicle,Street/Sidewalk,10470,4315 WEBSTER AVENUE,WEBSTER AVENUE,EAST 236 STREET,BOROUGH BOUNDARY,ADDRESS,BRONX,Precinct,Closed,2016-09-30T07:39:46.000,The Police Department responded to the complaint and with the information available observed no evidence of the violation at that time.,2016-09-30T15:40:00.000,12 BRONX,BRONX,1022401,267062,Unspecified,BRONX,40.89961462822548,-73.86199698147234,"{'type': 'Point', 'coordinates': [-73.86199698147234, 40.89961462822548]}",,,
34434001,2016-09-29T23:39:19.000,2016-09-30T02:29:49.000,NYPD,New York City Police Department,Noise - Commercial,Loud Music/Party,Club/Bar/Restaurant,11421,97-07 JAMAICA AVENUE,JAMAICA AVENUE,97 STREET,98 STREET,ADDRESS,WOODHAVEN,Precinct,Closed,2016-09-30T07:39:19.000,The Police Department responded to the complaint and with the information available observed no evidence of the violation at that time.,2016-09-30T02:29:49.000,09 QUEENS,QUEENS,1026303,192398,Unspecified,QUEENS,40.694664924377776,-73.84834993357725,"{'type': 'Point', 'coordinates': [-73.84834993357725, 40.694664924377776]}",,,
34435989,2016-09-29T23:39:01.000,2016-09-30T01:09:14.000,NYPD,New York City Police Department,Noise - Residential,Loud Music/Party,Residential Building/House,11230,,,,,INTERSECTION,BROOKLYN,Precinct,Closed,2016-09-30T07:39:01.000,The Police Department responded to the complaint and took action to fix the condition.,2016-09-30T01:09:14.000,12 BROOKLYN,BROOKLYN,993378,165041,Unspecified,BROOKLYN,40.619671177566346,-73.96711992271851,"{'type': 'Point', 'coordinates': [-73.96711992271851, 40.619671177566346]}",EAST    8 STREET,AVENUE L,
34430433,2016-09-29T23:38:52.000,2016-09-30T03:26:36.000,NYPD,New York City Police Department,Noise - Commercial,Loud Music/Party,Club/Bar/Restaurant,10033,4325 BROADWAY,BROADWAY,WEST 184 STREET,WEST 185 STREET,ADDRESS,NEW YORK,Precinct,Closed,2016-09-30T07:38:52.000,The Police Department responded to the complaint and took action to fix the condition.,2016-09-30T03:26:36.000,12 MANHATTAN,MANHATTAN,1002335,249826,Unspecified,MANHATTAN,40.85237108974576,-73.93462789776359,"{'type': 'Point', 'coordinates': [-73.93462789776359, 40.85237108974576]}",,,
34435926,2016-09-29T23:38:19.000,2016-09-30T21:10:59.000,NYPD,New York City Police Department,Noise - Residential,Loud Music/Party,Residential Building/House,10452,105 EAST CLARKE PLACE,EAST CLARKE PLACE,WALTON AVENUE,GRAND CONCOURSE,ADDRESS,BRONX,Precinct,Closed,2016-09-30T07:38:19.000,The Police Department responded to the complaint and determined that police action was not necessary.,2016-09-30T21:11:00.000,04 BRONX,BRONX,1007268,244425,Unspecified,BRONX,40.83753545410419,-73.91681506298184,"{'type': 'Point', 'coordinates': [-73.91681506298184, 40.83753545410419]}",,,
34434838,2016-09-29T23:38:06.000,2016-10-12T20:59:09.000,HPD,Department of Housing Preservation and Development,UNSANITARY CONDITION,MOLD,RESIDENTIAL BUILDING,10039,2852 FREDERICK DOUGLASS BOULEVARD,FREDERICK DOUGLASS BOULEVARD,,,ADDRESS,NEW YORK,N/A,Closed,,The Department of Housing Preservation and Development inspected the following conditions. No violations were issued. The complaint has been closed.,2016-10-12T20:59:09.000,10 MANHATTAN,MANHATTAN,1001238,240706,Unspecified,MANHATTAN,40.82734152956878,-73.93861633867164,"{'type': 'Point', 'coordinates': [-73.93861633867164, 40.82734152956878]}",,,
34433938,2016-09-29T23:38:06.000,2016-10-25T02:05:25.000,HPD,Department of Housing Preservation and Development,WATER LEAK,SLOW LEAK,RESIDENTIAL BUILDING,10039,2852 FREDERICK DOUGLASS BOULEVARD,FREDERICK DOUGLASS BOULEVARD,,,ADDRESS,NEW YORK,N/A,Closed,,The Department of Housing Preservation and Development inspected the following conditions. No violations were issued. The complaint has been closed.,2016-10-25T02:05:25.000,10 MANHATTAN,MANHATTAN,1001238,240706,Unspecified,MANHATTAN,40.82734152956878,-73.93861633867164,"{'type': 'Point', 'coordinates': [-73.93861633867164, 40.82734152956878]}",,,
34432010,2016-09-29T23:38:06.000,2016-10-25T02:05:25.000,HPD,Department of Housing Preservation and Development,WATER LEAK,DAMP SPOT,RESIDENTIAL BUILDING,10039,2852 FREDERICK DOUGLASS BOULEVARD,FREDERICK DOUGLASS BOULEVARD,,,ADDRESS,NEW YORK,N/A,Closed,,The Department of Housing Preservation and Development inspected the following conditions. No violations were issued. The complaint has been closed.,2016-10-25T02:05:25.000,10 MANHATTAN,MANHATTAN,1001238,240706,Unspecified,MANHATTAN,40.82734152956878,-73.93861633867164,"{'type': 'Point', 'coordinates': [-73.93861633867164, 40.82734152956878]}",,,
34436666,2016-09-29T23:38:05.000,2016-10-12T20:59:09.000,HPD,Department of Housing Preservation and Development,UNSANITARY CONDITION,MOLD,RESIDENTIAL BUILDING,10039,2852 FREDERICK DOUGLASS BOULEVARD,FREDERICK DOUGLASS BOULEVARD,,,ADDRESS,NEW YORK,N/A,Closed,,The Department of Housing Preservation and Development inspected the following conditions. No violations were issued. The complaint has been closed.,2016-10-12T20:59:09.000,10 MANHATTAN,MANHATTAN,1001238,240706,Unspecified,MANHATTAN,40.82734152956878,-73.93861633867164,"{'type': 'Point', 'coordinates': [-73.93861633867164, 40.82734152956878]}",,,
34430364,2016-09-29T23:37:53.000,2016-09-30T02:42:32.000,NYPD,New York City Police Department,Noise - Commercial,Loud Music/Party,Store/Commercial,11211,484 UNION AVENUE,UNION AVENUE,CONSELYEA STREET,MEEKER AVENUE,ADDRESS,BROOKLYN,Precinct,Closed,2016-09-30T07:37:53.000,The Police Department responded to the complaint and took action to fix the condition.,2016-09-30T02:42:32.000,01 BROOKLYN,BROOKLYN,997625,199756,Unspecified,BROOKLYN,40.71495070597848,-73.95175288214118,"{'type': 'Point', 'coordinates': [-73.95175288214118, 40.71495070597848]}",,,
34432101,2016-09-29T23:37:47.000,2016-10-19T13:43:37.000,TLC,Taxi and Limousine Commission,Taxi Complaint,Driver Complaint,Street,10065,,,,,INTERSECTION,NEW YORK,N/A,Closed,2016-11-14T09:06:33.000,"A representative from the Taxi and Limousine Commission (TLC) called and left a message for you and emailed you but has not been able to get in touch with you to confirm the details of your complaint. As a result, the TLC has closed your complaint. If you would like to have your complaint reopened, please call (212) 676-1046.",2016-10-19T13:43:37.000,08 MANHATTAN,MANHATTAN,993760,217189,Unspecified,MANHATTAN,40.762804961422916,-73.96567029973424,"{'type': 'Point', 'coordinates': [-73.96567029973424, 40.762804961422916]}",EAST   61 STREET,3 AVENUE,
34431312,2016-09-29T23:37:34.000,2016-09-30T02:02:55.000,NYPD,New York City Police Department,Noise - Residential,Loud Talking,Residential Building/House,11249,101 SOUTH 3 STREET,SOUTH 3 STREET,BERRY STREET,BEDFORD AVENUE,ADDRESS,BROOKLYN,Precinct,Closed,2016-09-30T07:37:34.000,The Police Department responded to the complaint and took action to fix the condition.,2016-09-30T02:02:55.000,01 BROOKLYN,BROOKLYN,994368,199001,Unspecified,BROOKLYN,40.712882735663364,-73.96350286485367,"{'type': 'Point', 'coordinates': [-73.96350286485367, 40.712882735663364]}",,,
34434047,2016-09-29T23:37:01.000,2016-09-30T02:24:27.000,NYPD,New York City Police Department,Noise - Street/Sidewalk,Loud Talking,Street/Sidewalk,11368,104-12 37 ROAD,37 ROAD,104 STREET,107 STREET,ADDRESS,CORONA,Precinct,Closed,2016-09-30T07:37:01.000,The Police Department responded to the complaint and with the information available observed no evidence of the violation at that time.,2016-09-30T02:24:27.000,03 QUEENS,QUEENS,1022236,213586,Unspecified,QUEENS,40.752839168470686,-73.86289659284071,"{'type': 'Point', 'coordinates': [-73.86289659284071, 40.752839168470686]}",,,
34433321,2016-09-29T23:36:56.000,2016-09-30T07:02:17.000,NYPD,New York City Police Department,Illegal Parking,Posted Parking Sign Violation,Street/Sidewalk,11385,65-54 OTTO ROAD,OTTO ROAD,65 STREET,66 STREET,ADDRESS,RIDGEWOOD,Precinct,Closed,2016-09-30T07:36:56.000,The Police Department responded and upon arrival those responsible for the condition were gone.,2016-09-30T07:02:17.000,05 QUEENS,QUEENS,1014624,195920,Unspecified,QUEENS,40.704379774377635,-73.89045040112364,"{'type': 'Point', 'coordinates': [-73.89045040112364, 40.704379774377635]}",,,
34433396,2016-09-29T23:36:51.000,2016-09-30T00:35:02.000,NYPD,New York City Police Department,Noise - Residential,Loud Music/Party,Residential Building/House,11217,1 ST FELIX STREET,ST FELIX STREET,DEKALB AVENUE,FULTON STREET,ADDRESS,BROOKLYN,Precinct,Closed,2016-09-30T07:36:51.000,The Police Department responded to the complaint and took action to fix the condition.,2016-09-30T00:35:02.000,02 BROOKLYN,BROOKLYN,990389,190468,Unspecified,BROOKLYN,40.68946530466521,-73.97786348882954,"{'type': 'Point', 'coordinates': [-73.97786348882954, 40.68946530466521]}",,,
34431583,2016-09-29T23:36:10.000,2016-09-30T00:32:56.000,NYPD,New York City Police Department,Noise - Vehicle,Car/Truck Horn,Street/Sidewalk,10016,225 EAST 36 STREET,EAST 36 STREET,QUEENS MIDTOWN TUNNEL EXIT,2 AVENUE,ADDRESS,NEW YORK,Precinct,Closed,2016-09-30T07:36:10.000,The Police Department responded to the complaint and took action to fix the condition.,2016-09-30T00:32:56.000,06 MANHATTAN,MANHATTAN,990890,211259,Unspecified,MANHATTAN,40.74653124065509,-73.97603643273975,"{'type': 'Point', 'coordinates': [-73.97603643273975, 40.74653124065509]}",,,
34430365,2016-09-29T23:35:49.000,2016-09-30T01:56:13.000,NYPD,New York City Police Department,Noise - Commercial,Loud Talking,Club/Bar/Restaurant,10036,624 10 AVENUE,10 AVENUE,WEST 44 STREET,WEST 45 STREET,ADDRESS,NEW YORK,Precinct,Closed,2016-09-30T07:35:49.000,The Police Department responded to the complaint and determined that police action was not necessary.,2016-09-30T01:56:13.000,04 MANHATTAN,MANHATTAN,985827,216607,Unspecified,MANHATTAN,40.76121249525335,-73.99430739835965,"{'type': 'Point', 'coordinates': [-73.99430739835965, 40.76121249525335]}",,,
34433318,2016-09-29T23:35:26.000,2016-09-30T01:03:58.000,NYPD,New York City Police Department,Illegal Parking,Blocked Hydrant,Street/Sidewalk,10030,233 WEST 139 STREET,WEST 139 STREET,7 AVENUE,8 AVENUE,ADDRESS,NEW YORK,Precinct,Closed,2016-09-30T07:35:26.000,The Police Department responded to the complaint and with the information available observed no evidence of the violation at that time.,2016-09-30T01:03:58.000,10 MANHATTAN,MANHATTAN,999934,237479,Unspecified,MANHATTAN,40.818486742287774,-73.9433356939243,"{'type': 'Point', 'coordinates': [-73.9433356939243, 40.818486742287774]}",,,
34431286,2016-09-29T23:35:01.000,2016-09-30T07:04:33.000,NYPD,New York City Police Department,Noise - Residential,Loud Music/Party,Residential Building/House,10457,2242 WEBSTER AVENUE,WEBSTER AVENUE,EAST 182 STREET,FORD STREET,ADDRESS,BRONX,Precinct,Closed,2016-09-30T07:35:01.000,The Police Department responded to the complaint and took action to fix the condition.,2016-09-30T07:04:33.000,06 BRONX,BRONX,1012932,250823,Unspecified,BRONX,40.855079490669645,-73.8963185373417,"{'type': 'Point', 'coordinates': [-73.8963185373417, 40.855079490669645]}",,,
34431523,2016-09-29T23:34:40.000,2016-09-30T02:31:57.000,NYPD,New York City Police Department,Illegal Parking,Blocked Hydrant,Street/Sidewalk,11418,87-52 110 STREET,110 STREET,JAMAICA AVENUE,91 AVENUE,ADDRESS,RICHMOND HILL,Precinct,Closed,2016-09-30T07:34:40.000,The Police Department responded and upon arrival those responsible for the condition were gone.,2016-09-30T02:31:57.000,09 QUEENS,QUEENS,1029214,192872,Unspecified,QUEENS,40.69595163093803,-73.83784924568228,"{'type': 'Point', 'coordinates': [-73.83784924568228, 40.69595163093803]}",,,
34432705,2016-09-29T23:33:31.000,2016-09-30T13:21:33.000,NYPD,New York City Police Department,Noise - Residential,Banging/Pounding,Residential Building/House,11230,1199 OCEAN AVENUE,OCEAN AVENUE,FARRAGUT ROAD,GLENWOOD ROAD,ADDRESS,BROOKLYN,Precinct,Closed,2016-09-30T07:33:31.000,The Police Department responded to the complaint and with the information available observed no evidence of the violation at that time.,2016-09-30T13:21:34.000,14 BROOKLYN,BROOKLYN,995958,170019,Unspecified,BROOKLYN,40.63333170661496,-73.9578178405703,"{'type': 'Point', 'coordinates': [-73.9578178405703, 40.63333170661496]}",,,
34430128,2016-09-29T23:33:02.000,2016-09-30T03:32:52.000,NYPD,New York City Police Department,Blocked Driveway,No Access,Street/Sidewalk,11204,7409 19 AVENUE,19 AVENUE,74 STREET,BAY RIDGE PARKWAY,ADDRESS,BROOKLYN,Precinct,Closed,2016-09-30T07:33:02.000,The Police Department responded to the complaint and determined that police action was not necessary.,2016-09-30T03:32:52.000,11 BROOKLYN,BROOKLYN,986064,162479,Unspecified,BROOKLYN,40.61264353457922,-73.99346645707367,"{'type': 'Point', 'coordinates': [-73.99346645707367, 40.61264353457922]}",,,
34430650,2016-09-29T23:32:00.000,2016-10-04T08:45:00.000,DEP,Department of Environmental Protection,Noise,Noise: Construction Before/After Hours (NM1),,10462,1960 EAST TREMONT AVENUE,EAST TREMONT AVENUE,DOGWOOD DR,ELM DR,ADDRESS,BRONX,N/A,Closed,,"The Department of Environmental Protection (DEP) didn't observe a violation of the NYC Air or Noise Code at the time of inspection and couldn't issue a summons.  If the problem still exists, please go to nyc.gov/311 or call 311 to file a new Service Request. If you're outside of New York City, please call (212) NEW-YORK (212-639-9675).",2016-10-04T08:45:00.000,09 BRONX,BRONX,1022699,245920,Unspecified,BRONX,40.84158508718187,-73.86104035092012,"{'type': 'Point', 'coordinates': [-73.86104035092012, 40.84158508718187]}",,,
34436736,2016-09-29T23:31:39.000,2016-09-30T00:53:21.000,NYPD,New York City Police Department,Panhandling,N/A,Street/Sidewalk,10038,170 BROADWAY,BROADWAY,LIBERTY STREET,CORTLANDT STREET,ADDRESS,NEW YORK,Precinct,Closed,2016-09-30T07:31:39.000,The Police Department responded to the complaint and with the information available observed no evidence of the violation at that time.,2016-09-30T00:53:21.000,01 MANHATTAN,MANHATTAN,981452,197828,Unspecified,MANHATTAN,40.709668472531135,-74.01009231638743,"{'type': 'Point', 'coordinates': [-74.01009231638743, 40.709668472531135]}",,,
34433131,2016-09-29T23:31:35.000,2016-09-30T01:09:16.000,NYPD,New York City Police Department,Noise - Street/Sidewalk,Loud Music/Party,Street/Sidewalk,11230,EAST 7 STREET,EAST 7 STREET,AVENUE L,AVENUE M,BLOCKFACE,BROOKLYN,Precinct,Closed,2016-09-30T07:31:35.000,The Police Department responded to the complaint and took action to fix the condition.,2016-09-30T01:09:16.000,12 BROOKLYN,BROOKLYN,993143,164561,Unspecified,BROOKLYN,40.61835391643698,-73.96796705120836,"{'type': 'Point', 'coordinates': [-73.96796705120836, 40.61835391643698]}",,,
34436850,2016-09-29T23:31:26.000,2016-09-30T00:46:46.000,NYPD,New York City Police Department,Noise - Commercial,Loud Music/Party,Club/Bar/Restaurant,11237,44 WILSON AVENUE,WILSON AVENUE,GEORGE STREET,MELROSE STREET,ADDRESS,BROOKLYN,Precinct,Closed,2016-09-30T07:31:26.000,The Police Department responded to the complaint and with the information available observed no evidence of the violation at that time.,2016-09-30T00:46:46.000,04 BROOKLYN,BROOKLYN,1003829,195325,Unspecified,BROOKLYN,40.70277711007218,-73.92938632693719,"{'type': 'Point', 'coordinates': [-73.92938632693719, 40.70277711007218]}",,,
34429851,2016-09-29T23:31:23.000,2016-09-30T08:09:13.000,NYPD,New York City Police Department,Noise - Commercial,Loud Talking,Store/Commercial,10472,1207 BEACH AVENUE,BEACH AVENUE,GLEASON AVENUE,WESTCHESTER AVENUE,ADDRESS,BRONX,Precinct,Closed,2016-09-30T07:31:23.000,The Police Department responded to the complaint and with the information available observed no evidence of the violation at that time.,2016-09-30T08:09:13.000,09 BRONX,BRONX,1021327,241829,Unspecified,BRONX,40.83036235589997,-73.86602154214397,"{'type': 'Point', 'coordinates': [-73.86602154214397, 40.83036235589997]}",,,
34433400,2016-09-29T23:31:00.000,2016-10-07T22:15:00.000,DEP,Department of Environmental Protection,Noise,Noise: Construction Before/After Hours (NM1),,10065,,,YORK AVE,E 62 ST,INTERSECTION,NEW YORK,N/A,Closed,,"The Department of Environmental Protection (DEP) didn't observe a violation of the NYC Air or Noise Code at the time of inspection and couldn't issue a summons.  If the problem still exists, please go to nyc.gov/311 or call 311 to file a new Service Request. If you're outside of New York City, please call (212) NEW-YORK (212-639-9675).",2016-10-07T22:15:00.000,08 MANHATTAN,MANHATTAN,995788,216363,Unspecified,MANHATTAN,40.76053538987055,-73.95835093693296,"{'type': 'Point', 'coordinates': [-73.95835093693296, 40.76053538987055]}",YORK AVENUE,EAST 62 STREET,
34434781,2016-09-29T23:30:57.000,2016-09-30T01:13:53.000,NYPD,New York City Police Department,Blocked Driveway,No Access,Street/Sidewalk,11214,2160 81 STREET,81 STREET,21 AVENUE,BAY PARKWAY,ADDRESS,BROOKLYN,Precinct,Closed,2016-09-30T07:30:57.000,The Police Department responded and upon arrival those responsible for the condition were gone.,2016-09-30T01:13:53.000,11 BROOKLYN,BROOKLYN,986521,159815,Unspecified,BROOKLYN,40.60533129558884,-73.99182136113878,"{'type': 'Point', 'coordinates': [-73.99182136113878, 40.60533129558884]}",,,
34431393,2016-09-29T23:30:33.000,2016-09-30T00:43:33.000,NYPD,New York City Police Department,Noise - Vehicle,Car/Truck Music,Street/Sidewalk,11221,77 CORNELIA STREET,CORNELIA STREET,BUSHWICK AVENUE,EVERGREEN AVENUE,ADDRESS,BROOKLYN,Precinct,Closed,2016-09-30T07:30:33.000,The Police Department issued a summons in response to the complaint.,2016-09-30T00:43:33.000,04 BROOKLYN,BROOKLYN,1007454,190449,Unspecified,BROOKLYN,40.689384865694336,-73.91632919723428,"{'type': 'Point', 'coordinates': [-73.91632919723428, 40.689384865694336]}",,,
34432150,2016-09-29T23:30:00.000,2016-09-30T00:15:00.000,DOT,Department of Transportation,Traffic Signal Condition,Controller,,11225,,,LINCOLN RD,NOSTRAND AVE,INTERSECTION,BROOKLYN,N/A,Closed,,Service Request status for this request is available on the Department of Transportationâs website. Please click the âLearn Moreâ link below.,2016-09-30T00:15:00.000,09 BROOKLYN,BROOKLYN,997921,180308,Unspecified,BROOKLYN,40.661569969083004,-73.95072459626454,"{'type': 'Point', 'coordinates': [-73.95072459626454, 40.661569969083004]}",LINCOLN ROAD,NOSTRAND AVENUE,
34435287,2016-09-29T23:30:00.000,2016-09-30T14:56:20.000,NYPD,New York City Police Department,Illegal Parking,Blocked Sidewalk,Street/Sidewalk,11229,,,,,INTERSECTION,BROOKLYN,Precinct,Closed,2016-09-30T07:30:00.000,The Police Department reviewed your complaint and provided additional information below.,2016-09-30T14:56:20.000,15 BROOKLYN,BROOKLYN,995732,159951,Unspecified,BROOKLYN,40.60569744022749,-73.95864920749992,"{'type': 'Point', 'coordinates': [-73.95864920749992, 40.60569744022749]}",AVENUE R,EAST   14 STREET,
34430616,2016-09-29T23:29:52.000,2016-12-02T10:03:06.000,TLC,Taxi and Limousine Commission,Taxi Complaint,Driver Complaint,,10026,,,,,INTERSECTION,NEW YORK,N/A,Closed,2016-11-14T09:07:25.000,The Taxi and Limousine Commission reviewed your complaint. The driver or owner pled guilty to a violation and paid a fine. TLC has sent you a written confirmation of this outcome.,2016-12-02T10:03:06.000,10 MANHATTAN,MANHATTAN,996877,230982,Unspecified,MANHATTAN,40.80065917985439,-73.9543924667473,"{'type': 'Point', 'coordinates': [-73.9543924667473, 40.80065917985439]}",WEST  112 STREET,ADAM CLAYTON POWELL BOULEVARD,Other
34435310,2016-09-29T23:29:06.000,2016-09-30T00:30:50.000,NYPD,New York City Police Department,Noise - Vehicle,Car/Truck Horn,Street/Sidewalk,11411,117-01 SPRINGFIELD AVENUE,SPRINGFIELD AVENUE,LINDEN BOULEVARD,117 ROAD,ADDRESS,CAMBRIA HEIGHTS,Precinct,Closed,2016-09-30T07:29:06.000,The Police Department responded and upon arrival those responsible for the condition were gone.,2016-09-30T00:30:50.000,13 QUEENS,QUEENS,1055343,192986,Unspecified,QUEENS,40.69609320344547,-73.74362116515917,"{'type': 'Point', 'coordinates': [-73.74362116515917, 40.69609320344547]}",,,
34432729,2016-09-29T23:28:22.000,2016-09-30T06:38:46.000,NYPD,New York City Police Department,Noise - Residential,Banging/Pounding,Residential Building/House,11434,116-31 157 STREET,157 STREET,116 AVENUE,BEND,ADDRESS,JAMAICA,Precinct,Closed,2016-09-30T07:28:22.000,The Police Department responded to the complaint but officers were unable to gain entry into the premises.,2016-09-30T06:38:47.000,12 QUEENS,QUEENS,1043630,188818,Unspecified,QUEENS,40.68473938111194,-73.78589767552751,"{'type': 'Point', 'coordinates': [-73.78589767552751, 40.68473938111194]}",,,
34436077,2016-09-29T23:28:06.000,2016-09-30T01:41:05.000,NYPD,New York City Police Department,Noise - Street/Sidewalk,Loud Music/Party,Street/Sidewalk,10014,,,,,INTERSECTION,NEW YORK,Precinct,Closed,2016-09-30T07:28:06.000,The Police Department responded to the complaint and with the information available observed no evidence of the violation at that time.,2016-09-30T01:41:05.000,02 MANHATTAN,MANHATTAN,983789,206080,Unspecified,MANHATTAN,40.73231865200181,-74.00166338073973,"{'type': 'Point', 'coordinates': [-74.00166338073973, 40.73231865200181]}",JONES STREET,WEST    4 STREET,
34437170,2016-09-29T23:28:00.000,2016-09-30T01:01:49.000,NYPD,New York City Police Department,Illegal Parking,Double Parked Blocking Vehicle,Street/Sidewalk,10031,1854 AMSTERDAM AVENUE,AMSTERDAM AVENUE,WEST 151 STREET,WEST 152 STREET,ADDRESS,NEW YORK,Precinct,Closed,2016-09-30T07:28:00.000,The Police Department responded to the complaint and with the information available observed no evidence of the violation at that time.,2016-09-30T01:01:49.000,09 MANHATTAN,MANHATTAN,999601,241477,Unspecified,MANHATTAN,40.82946070065591,-73.94452963369869,"{'type': 'Point', 'coordinates': [-73.94452963369869, 40.82946070065591]}",,,
34436269,2016-09-29T23:27:00.000,2016-09-30T00:15:52.000,NYPD,New York City Police Department,Traffic,Congestion/Gridlock,Street/Sidewalk,10016,,,,,INTERSECTION,NEW YORK,Precinct,Closed,2016-09-30T07:27:00.000,The Police Department responded to the complaint and took action to fix the condition.,2016-09-30T00:15:52.000,06 MANHATTAN,MANHATTAN,991563,211767,Unspecified,MANHATTAN,40.74792504202257,-73.9736070430265,"{'type': 'Point', 'coordinates': [-73.9736070430265, 40.74792504202257]}",2 AVENUE,EAST   39 STREET,
34435934,2016-09-29T23:26:39.000,2016-09-30T04:45:08.000,NYPD,New York City Police Department,Noise - Commercial,Banging/Pounding,Store/Commercial,11105,36-07 23 AVENUE,23 AVENUE,36 STREET,37 STREET,ADDRESS,ASTORIA,Precinct,Closed,2016-09-30T07:26:39.000,The Police Department responded to the complaint and with the information available observed no evidence of the violation at that time.,2016-09-30T04:45:08.000,01 QUEENS,QUEENS,1009120,220731,Unspecified,QUEENS,40.772496962168404,-73.9102098811667,"{'type': 'Point', 'coordinates': [-73.9102098811667, 40.772496962168404]}",,,
34434694,2016-09-29T23:26:29.000,2016-10-06T16:16:25.000,HPD,Department of Housing Preservation and Development,HEAT/HOT WATER,APARTMENT ONLY,RESIDENTIAL BUILDING,11213,1226 LINCOLN PLACE,LINCOLN PLACE,,,ADDRESS,BROOKLYN,N/A,Closed,,"The Department of Housing Preservation and Development responded to a complaint of no heat or hot water and was advised by a tenant in the building that heat and hot water had been restored. If the condition still exists, please file a new complaint.",2016-10-06T16:16:25.000,08 BROOKLYN,BROOKLYN,1002079,183378,Unspecified,BROOKLYN,40.66998903867926,-73.9357294931035,"{'type': 'Point', 'coordinates': [-73.9357294931035, 40.66998903867926]}",,,
34430651,2016-09-29T23:26:00.000,2016-10-06T18:00:00.000,DEP,Department of Environmental Protection,Noise,Noise: Construction Before/After Hours (NM1),,10029,1405 PARK AVENUE,PARK AVENUE,E 104 ST,E 105 ST,ADDRESS,NEW YORK,N/A,Closed,,"The Department of Environmental Protection (DEP) didn't observe a violation of the NYC Air or Noise Code at the time of inspection and couldn't issue a summons.  If the problem still exists, please go to nyc.gov/311 or call 311 to file a new Service Request. If you're outside of New York City, please call (212) NEW-YORK (212-639-9675).",2016-10-06T18:00:00.000,11 MANHATTAN,MANHATTAN,998454,227754,Unspecified,MANHATTAN,40.79179680318756,-73.94870332030196,"{'type': 'Point', 'coordinates': [-73.94870332030196, 40.79179680318756]}",,,
34432269,2016-09-29T23:25:47.000,2016-09-30T03:54:07.000,NYPD,New York City Police Department,Noise - Residential,Loud Music/Party,Residential Building/House,10468,2285 UNIVERSITY AVENUE,UNIVERSITY AVENUE,WEST 183 STREET,WEST FORDHAM ROAD,ADDRESS,BRONX,Precinct,Closed,2016-09-30T07:25:47.000,The Police Department responded to the complaint and with the information available observed no evidence of the violation at that time.,2016-09-30T03:54:07.000,07 BRONX,BRONX,1010014,252844,Unspecified,BRONX,40.86063552434622,-73.90685892732856,"{'type': 'Point', 'coordinates': [-73.90685892732856, 40.86063552434622]}",,,
34432270,2016-09-29T23:24:57.000,2016-09-30T06:46:51.000,NYPD,New York City Police Department,Noise - Residential,Loud Music/Party,Residential Building/House,10453,1600 SEDGWICK AVENUE,SEDGWICK AVENUE,CROSS BRONX EXPWY ET 1 D SB,WEST 176 STREET,ADDRESS,BRONX,Precinct,Closed,2016-09-30T07:24:57.000,The Police Department responded to the complaint and took action to fix the condition.,2016-09-30T06:46:51.000,05 BRONX,BRONX,1005197,248200,Unspecified,BRONX,40.847901876462636,-73.92428767124863,"{'type': 'Point', 'coordinates': [-73.92428767124863, 40.847901876462636]}",,,
34430390,2016-09-29T23:24:06.000,2016-09-30T03:54:06.000,NYPD,New York City Police Department,Noise - Residential,Loud Music/Party,Residential Building/House,10467,3535 DEKALB AVENUE,DEKALB AVENUE,EAST GUN HILL ROAD,EAST 212 STREET,ADDRESS,BRONX,Precinct,Closed,2016-09-30T07:24:06.000,The Police Department responded to the complaint and with the information available observed no evidence of the violation at that time.,2016-09-30T03:54:06.000,07 BRONX,BRONX,1017501,261060,Unspecified,BRONX,40.883160879684965,-73.87975145483499,"{'type': 'Point', 'coordinates': [-73.87975145483499, 40.883160879684965]}",,,
34431259,2016-09-29T23:23:17.000,2016-09-30T06:59:02.000,NYPD,New York City Police Department,Noise - Street/Sidewalk,Loud Talking,Street/Sidewalk,10453,MT HOPE PLACE,MT HOPE PLACE,WALTON AVENUE,MORRIS AVENUE,BLOCKFACE,BRONX,Precinct,Closed,2016-09-30T07:23:17.000,The Police Department responded and upon arrival those responsible for the condition were gone.,2016-09-30T06:59:02.000,05 BRONX,BRONX,1009460,248590,Unspecified,BRONX,40.84896116853457,-73.90887772422245,"{'type': 'Point', 'coordinates': [-73.90887772422245, 40.84896116853457]}",,,
34436302,2016-09-29T23:23:00.000,2016-10-05T20:45:00.000,DEP,Department of Environmental Protection,Noise,Noise: Construction Before/After Hours (NM1),,10013,8 PELL STREET,PELL STREET,BOWERY,DOYERS ST,ADDRESS,NEW YORK,N/A,Closed,,The Department of Environmental Protection has inspected your complaint and determined that further investigation is required. More information will be available once the condition is resolved. Please visit nyc.gov/311 or call 311 at a later time to check the status of your complaint.,2016-10-05T22:20:00.000,03 MANHATTAN,MANHATTAN,984937,199668,Unspecified,MANHATTAN,40.71471925029401,-73.99752182032171,"{'type': 'Point', 'coordinates': [-73.99752182032171, 40.71471925029401]}",,,
34434113,2016-09-29T23:22:57.000,2016-09-30T01:41:03.000,NYPD,New York City Police Department,Noise - Residential,Banging/Pounding,Residential Building/House,11415,118-09 83 AVENUE,83 AVENUE,118 STREET,BEND,ADDRESS,KEW GARDENS,Precinct,Closed,2016-09-30T07:22:57.000,The Police Department responded to the complaint and determined that police action was not necessary.,2016-09-30T01:41:03.000,09 QUEENS,QUEENS,1030043,197036,Unspecified,QUEENS,40.707376564326395,-73.83483136980472,"{'type': 'Point', 'coordinates': [-73.83483136980472, 40.707376564326395]}",,,
34434169,2016-09-29T23:22:25.000,2016-09-30T00:45:41.000,NYPD,New York City Police Department,Noise - Residential,Banging/Pounding,Residential Building/House,10031,502 WEST 136 STREET,WEST 136 STREET,AMSTERDAM AVENUE,BROADWAY,ADDRESS,NEW YORK,Precinct,Closed,2016-09-30T07:22:25.000,The Police Department responded to the complaint and with the information available observed no evidence of the violation at that time.,2016-09-30T00:45:41.000,09 MANHATTAN,MANHATTAN,997480,237939,Unspecified,MANHATTAN,40.81975332877146,-73.9522007764116,"{'type': 'Point', 'coordinates': [-73.9522007764116, 40.81975332877146]}",,,
34433085,2016-09-29T23:22:06.000,2016-09-30T18:38:07.000,NYPD,New York City Police Department,Noise - Residential,Loud Music/Party,Residential Building/House,10453,1695 GRAND CONCOURSE,GRAND CONCOURSE,CROSS BRONX EXPRESSWAY,CLIFFORD PLACE,ADDRESS,BRONX,Precinct,Closed,2016-09-30T07:22:06.000,The Police Department responded to the complaint and with the information available observed no evidence of the violation at that time.,2016-09-30T18:38:07.000,05 BRONX,BRONX,1008936,247293,Unspecified,BRONX,40.84540276794456,-73.91077651116483,"{'type': 'Point', 'coordinates': [-73.91077651116483, 40.84540276794456]}",,,
34436845,2016-09-29T23:21:51.000,2016-09-30T03:26:34.000,NYPD,New York City Police Department,Noise - Commercial,Loud Music/Party,Club/Bar/Restaurant,10034,4026 10 AVENUE,10 AVENUE,WEST 214 STREET,WEST 215 STREET,ADDRESS,NEW YORK,Precinct,Closed,2016-09-30T07:21:51.000,The Police Department responded to the complaint and took action to fix the condition.,2016-09-30T03:26:35.000,12 MANHATTAN,MANHATTAN,1007639,255981,Unspecified,MANHATTAN,40.86925224623635,-73.91543398673167,"{'type': 'Point', 'coordinates': [-73.91543398673167, 40.86925224623635]}",,,
34436287,2016-09-29T23:21:25.000,2016-09-30T00:45:40.000,NYPD,New York City Police Department,Illegal Parking,Posted Parking Sign Violation,Street/Sidewalk,11363,40-11 MORGAN STREET,MORGAN STREET,40 AVENUE,41 AVENUE,ADDRESS,LITTLE NECK,Precinct,Closed,2016-09-30T07:21:25.000,The Police Department responded to the complaint and took action to fix the condition.,2016-09-30T00:45:40.000,11 QUEENS,QUEENS,1056415,221468,Unspecified,QUEENS,40.774260242429115,-73.73944978211621,"{'type': 'Point', 'coordinates': [-73.73944978211621, 40.774260242429115]}",,,
34438680,2016-09-29T23:21:00.000,2016-09-30T12:00:00.000,DSNY,Department of Sanitation,Sanitation Condition,15 Street Cond/Dump-Out/Drop-Off,Street,11204,1971 53 STREET,53 STREET,,,ADDRESS,BROOKLYN,DSNY Garage,Closed,,The vehicle you reported has been removed by the Department of Sanitation.,2016-09-30T12:00:00.000,12 BROOKLYN,BROOKLYN,989927,166542,Unspecified,BROOKLYN,40.62379399261418,-73.97954954797824,"{'type': 'Point', 'coordinates': [-73.97954954797824, 40.62379399261418]}",,,
34430416,2016-09-29T23:20:46.000,2016-09-30T02:06:12.000,NYPD,New York City Police Department,Noise - Residential,Loud Talking,Residential Building/House,11201,190 YORK STREET,YORK STREET,BRIDGE STREET,GOLD STREET,ADDRESS,BROOKLYN,Precinct,Closed,2016-09-30T07:20:46.000,The Police Department responded to the complaint and with the information available observed no evidence of the violation at that time.,2016-09-30T02:06:12.000,02 BROOKLYN,BROOKLYN,988838,194807,Unspecified,BROOKLYN,40.70137579240106,-73.98345325660519,"{'type': 'Point', 'coordinates': [-73.98345325660519, 40.70137579240106]}",,,
34435092,2016-09-29T23:20:06.000,2016-09-30T04:45:28.000,NYPD,New York City Police Department,Noise - Residential,Loud Music/Party,Residential Building/House,11102,25-12 27 STREET,27 STREET,HOYT AVENUE,25 ROAD,ADDRESS,ASTORIA,Precinct,Closed,2016-09-30T07:20:06.000,The Police Department responded to the complaint and with the information available observed no evidence of the violation at that time.,2016-09-30T04:45:28.000,01 QUEENS,QUEENS,1006297,220479,Unspecified,QUEENS,40.77181277988696,-73.92040280105539,"{'type': 'Point', 'coordinates': [-73.92040280105539, 40.77181277988696]}",,,
34431303,2016-09-29T23:19:50.000,2016-09-30T01:09:17.000,NYPD,New York City Police Department,Noise - Residential,Loud Music/Party,Residential Building/House,11230,,,,,INTERSECTION,BROOKLYN,Precinct,Closed,2016-09-30T07:19:50.000,The Police Department responded to the complaint and took action to fix the condition.,2016-09-30T01:09:17.000,12 BROOKLYN,BROOKLYN,993378,165041,Unspecified,BROOKLYN,40.619671177566346,-73.96711992271851,"{'type': 'Point', 'coordinates': [-73.96711992271851, 40.619671177566346]}",AVENUE L,EAST    8 STREET,
34430403,2016-09-29T23:19:29.000,2016-09-30T00:43:33.000,NYPD,New York City Police Department,Noise - Street/Sidewalk,Loud Music/Party,Street/Sidewalk,10031,528 WEST 147 STREET,WEST 147 STREET,AMSTERDAM AVENUE,BROADWAY,ADDRESS,NEW YORK,Precinct,Closed,2016-09-30T07:19:29.000,The Police Department responded to the complaint and with the information available observed no evidence of the violation at that time.,2016-09-30T00:43:33.000,09 MANHATTAN,MANHATTAN,998745,240553,Unspecified,MANHATTAN,40.82692603137292,-73.94762475893722,"{'type': 'Point', 'coordinates': [-73.94762475893722, 40.82692603137292]}",,,
34435938,2016-09-29T23:19:04.000,2016-09-30T03:02:46.000,NYPD,New York City Police Department,Noise - Street/Sidewalk,Loud Talking,Street/Sidewalk,10002,110 FORSYTH STREET,FORSYTH STREET,BROOME STREET,DELANCEY STREET,ADDRESS,NEW YORK,Precinct,Closed,2016-09-30T07:19:04.000,The Police Department responded to the complaint and with the information available observed no evidence of the violation at that time.,2016-09-30T03:02:46.000,03 MANHATTAN,MANHATTAN,986316,201217,Unspecified,MANHATTAN,40.718970669398196,-73.9925469493258,"{'type': 'Point', 'coordinates': [-73.9925469493258, 40.718970669398196]}",,,
34436910,2016-09-29T23:18:41.000,2016-09-30T03:50:56.000,NYPD,New York City Police Department,Noise - Residential,Loud Music/Party,Residential Building/House,11691,40-20 BEACH CHANNEL DRIVE,BEACH CHANNEL DRIVE,BEACH 40 STREET,BEACH 41 STREET,ADDRESS,FAR ROCKAWAY,Precinct,Closed,2016-09-30T07:18:41.000,The Police Department responded to the complaint and with the information available observed no evidence of the violation at that time.,2016-09-30T03:50:57.000,14 QUEENS,QUEENS,1047438,156434,Unspecified,QUEENS,40.595826178689734,-73.77247078508053,"{'type': 'Point', 'coordinates': [-73.77247078508053, 40.595826178689734]}",,,
34430640,2016-09-29T23:18:23.000,2016-09-30T03:36:01.000,NYPD,New York City Police Department,Illegal Parking,Blocked Hydrant,Street/Sidewalk,11379,73-01 69 AVENUE,69 AVENUE,73 PLACE,75 STREET,ADDRESS,MIDDLE VILLAGE,Precinct,Closed,2016-09-30T07:18:23.000,The Police Department issued a summons in response to the complaint.,2016-09-30T03:36:01.000,05 QUEENS,QUEENS,1018034,197681,Unspecified,QUEENS,40.709200936682535,-73.87814276819333,"{'type': 'Point', 'coordinates': [-73.87814276819333, 40.709200936682535]}",,,
34434299,2016-09-29T23:17:54.000,2016-09-30T00:54:27.000,NYPD,New York City Police Department,Illegal Parking,Blocked Sidewalk,Street/Sidewalk,11221,1241 DEKALB AVENUE,DEKALB AVENUE,EVERGREEN AVENUE,MYRTLE AVENUE,ADDRESS,BROOKLYN,Precinct,Closed,2016-09-30T07:17:54.000,The Police Department responded to the complaint and took action to fix the condition.,2016-09-30T00:54:27.000,04 BROOKLYN,BROOKLYN,1004524,193049,Unspecified,BROOKLYN,40.69652845875652,-73.92688659061277,"{'type': 'Point', 'coordinates': [-73.92688659061277, 40.69652845875652]}",,,
34432209,2016-09-29T23:17:03.000,2016-09-30T01:31:34.000,NYPD,New York City Police Department,Noise - Residential,Loud Talking,Residential Building/House,10036,307 WEST 45 STREET,WEST 45 STREET,8 AVENUE,9 AVENUE,ADDRESS,NEW YORK,Precinct,Closed,2016-09-30T07:17:03.000,The Police Department responded to the complaint and determined that police action was not necessary.,2016-09-30T01:31:34.000,04 MANHATTAN,MANHATTAN,987316,215947,Unspecified,MANHATTAN,40.75940057352794,-73.98893275721122,"{'type': 'Point', 'coordinates': [-73.98893275721122, 40.75940057352794]}",,,
34435966,2016-09-29T23:16:53.000,2016-09-30T04:59:23.000,NYPD,New York City Police Department,Noise - Residential,Banging/Pounding,Residential Building/House,11225,959 CARROLL STREET,CARROLL STREET,FRANKLIN AVENUE,BEDFORD AVENUE,ADDRESS,BROOKLYN,Precinct,Closed,2016-09-30T07:16:53.000,The Police Department responded to the complaint but officers were unable to gain entry into the premises.,2016-09-30T04:59:23.000,09 BROOKLYN,BROOKLYN,995817,182615,Unspecified,BROOKLYN,40.667905170325575,-73.95830424092561,"{'type': 'Point', 'coordinates': [-73.95830424092561, 40.667905170325575]}",,,
34437080,2016-09-29T23:16:51.000,2016-09-30T09:04:24.000,NYPD,New York City Police Department,Noise - Residential,Loud Music/Party,Residential Building/House,10462,1536 WHITE PLAINS ROAD,WHITE PLAINS ROAD,ARCHER STREET,GUERLAIN STREET,ADDRESS,BRONX,Precinct,Closed,2016-09-30T07:16:51.000,The Police Department responded to the complaint and with the information available observed no evidence of the violation at that time.,2016-09-30T09:04:24.000,09 BRONX,BRONX,1021953,244969,Unspecified,BRONX,40.83897808896152,-73.863741833156,"{'type': 'Point', 'coordinates': [-73.863741833156, 40.83897808896152]}",,,
34430379,2016-09-29T23:15:54.000,2016-09-30T02:17:07.000,NYPD,New York City Police Department,Noise - Residential,Banging/Pounding,Residential Building/House,10029,291 PLEASANT AVENUE,PLEASANT AVENUE,EAST 115 STREET,EAST 116 STREET,ADDRESS,NEW YORK,Precinct,Closed,2016-09-30T07:15:54.000,The Police Department responded to the complaint but officers were unable to gain entry into the premises.,2016-09-30T02:17:07.000,11 MANHATTAN,MANHATTAN,1002693,228831,Unspecified,MANHATTAN,40.79474504634057,-73.93339153769082,"{'type': 'Point', 'coordinates': [-73.93339153769082, 40.79474504634057]}",,,
34435049,2016-09-29T23:15:38.000,2016-09-30T08:09:49.000,NYPD,New York City Police Department,Noise - Residential,Loud Music/Party,Residential Building/House,10460,1665 VYSE AVENUE,VYSE AVENUE,EAST 173 STREET,EAST 174 STREET,ADDRESS,BRONX,Precinct,Closed,2016-09-30T07:15:38.000,The Police Department responded to the complaint and determined that police action was not necessary.,2016-09-30T08:09:49.000,03 BRONX,BRONX,1015576,243655,Unspecified,BRONX,40.83539646640156,-73.88679433956328,"{'type': 'Point', 'coordinates': [-73.88679433956328, 40.83539646640156]}",,,
34435830,2016-09-29T23:15:37.000,2016-09-30T01:34:12.000,NYPD,New York City Police Department,Blocked Driveway,No Access,Street/Sidewalk,10460,1471 BEACH AVENUE,BEACH AVENUE,MERRILL STREET,ARCHER STREET,ADDRESS,BRONX,Precinct,Closed,2016-09-30T07:15:37.000,The Police Department issued a summons in response to the complaint.,2016-09-30T01:34:12.000,09 BRONX,BRONX,1020996,244291,Unspecified,BRONX,40.83712121185268,-73.86720412831123,"{'type': 'Point', 'coordinates': [-73.86720412831123, 40.83712121185268]}",,,
34434293,2016-09-29T23:15:22.000,2016-09-30T00:30:51.000,NYPD,New York City Police Department,Noise - Residential,Loud Music/Party,Residential Building/House,11413,145 DRIVE,145 DRIVE,183 STREET,184 STREET,BLOCKFACE,SPRINGFIELD GARDENS,Precinct,Closed,2016-09-30T07:15:22.000,The Police Department responded to the complaint and with the information available observed no evidence of the violation at that time.,2016-09-30T00:30:51.000,13 QUEENS,QUEENS,1050158,180924,Unspecified,QUEENS,40.663026003634464,-73.76243742164729,"{'type': 'Point', 'coordinates': [-73.76243742164729, 40.663026003634464]}",,,
34434840,2016-09-29T23:14:59.000,2016-09-30T02:45:45.000,NYPD,New York City Police Department,Blocked Driveway,No Access,Street/Sidewalk,11367,135-21 61 ROAD,61 ROAD,135 STREET,136 STREET,ADDRESS,FLUSHING,Precinct,Closed,2016-09-30T07:14:59.000,The Police Department responded to the complaint and with the information available observed no evidence of the violation at that time.,2016-09-30T02:45:45.000,07 QUEENS,QUEENS,1031142,209765,Unspecified,QUEENS,40.742308758622535,-73.830778755375,"{'type': 'Point', 'coordinates': [-73.830778755375, 40.742308758622535]}",,,
34430131,2016-09-29T23:14:55.000,2016-09-30T01:13:52.000,NYPD,New York City Police Department,Blocked Driveway,No Access,Street/Sidewalk,11204,1819 BAYRIDGE PARKWAY,BAYRIDGE PARKWAY,18 AVENUE,19 AVENUE,ADDRESS,BROOKLYN,Precinct,Closed,2016-09-30T07:14:55.000,The Police Department issued a summons in response to the complaint.,2016-09-30T01:13:52.000,11 BROOKLYN,BROOKLYN,985523,162629,Unspecified,BROOKLYN,40.61305534789644,-73.99541496612454,"{'type': 'Point', 'coordinates': [-73.99541496612454, 40.61305534789644]}",,,
34430361,2016-09-29T23:14:36.000,2016-09-30T00:46:45.000,NYPD,New York City Police Department,Noise - Commercial,Loud Music/Party,Club/Bar/Restaurant,11237,44 WILSON AVENUE,WILSON AVENUE,GEORGE STREET,MELROSE STREET,ADDRESS,BROOKLYN,Precinct,Closed,2016-09-30T07:14:36.000,The Police Department responded to the complaint and with the information available observed no evidence of the violation at that time.,2016-09-30T00:46:45.000,04 BROOKLYN,BROOKLYN,1003829,195325,Unspecified,BROOKLYN,40.70277711007218,-73.92938632693719,"{'type': 'Point', 'coordinates': [-73.92938632693719, 40.70277711007218]}",,,
34433145,2016-09-29T23:14:25.000,2016-09-30T02:27:36.000,DHS,Operations Unit - Department of Homeless Services,Homeless Person Assistance,N/A,Store/Commercial,10023,156 COLUMBUS AVENUE,COLUMBUS AVENUE,WEST 66 STREET,WEST 67 STREET,ADDRESS,NEW YORK,N/A,Closed,2016-09-30T04:25:18.000,"The mobile outreach response team offered services to the individual, but the individual did not accept assistance.",2016-09-30T02:27:36.000,07 MANHATTAN,MANHATTAN,989450,221300,Unspecified,MANHATTAN,40.77409217399293,-73.98122558406179,"{'type': 'Point', 'coordinates': [-73.98122558406179, 40.77409217399293]}",,,
34436001,2016-09-29T23:14:20.000,2016-09-30T00:08:16.000,NYPD,New York City Police Department,Noise - Residential,Loud Talking,Residential Building/House,11208,335 FOUNTAIN AVENUE,FOUNTAIN AVENUE,SUTTER AVENUE,BLAKE AVENUE,ADDRESS,BROOKLYN,Precinct,Closed,2016-09-30T07:14:20.000,The Police Department responded to the complaint and took action to fix the condition.,2016-09-30T00:08:17.000,05 BROOKLYN,BROOKLYN,1019090,183974,Unspecified,BROOKLYN,40.67157432300687,-73.87440471989372,"{'type': 'Point', 'coordinates': [-73.87440471989372, 40.67157432300687]}",,,
34436416,2016-09-29T23:13:57.000,2016-10-01T12:39:31.000,DPR,Department of Parks and Recreation,Damaged Tree,Entire Tree Has Fallen Down,,11360,202ND STREET,202ND STREET,,,LATLONG,BAYSIDE,N/A,Closed,2016-10-06T06:11:34.000,The Department of Parks and Recreation visited the location but could not find the tree condition you reported.,2016-10-01T12:39:32.000,01 QUEENS,QUEENS,1042562,221295,Unspecified,QUEENS,40.773887644602944,-73.78946703358154,"{'type': 'Point', 'coordinates': [-73.78946703358154, 40.773887644602944]}",,,
34430211,2016-09-29T23:13:40.000,2016-09-29T23:14:22.000,HRA,HRA Benefit Card Replacement,Benefit Card Replacement,Medicaid,NYC Street Address,,,,,,,,N/A,Closed,,"The Human Resources Administration received your request. If you are eligible for a benefit card replacement, you will receive it in 7 to 10 business days. No further updates will be available by calling 311 or on 311 Online.",,0 Unspecified,Unspecified,,,Unspecified,Unspecified,,,,,,
34436816,2016-09-29T23:13:12.000,2016-11-28T13:53:44.000,TLC,Taxi and Limousine Commission,For Hire Vehicle Complaint,Driver Complaint,Street,10002,,,,,INTERSECTION,NEW YORK,N/A,Closed,2016-11-24T10:43:10.000,The Taxi and Limousine Commission reviewed your complaint. The driver or owner pled guilty to a violation and paid a fine. TLC has sent you a written confirmation of this outcome.,2016-11-28T13:53:44.000,03 MANHATTAN,MANHATTAN,986921,201302,Unspecified,MANHATTAN,40.71920381197606,-73.990364391092,"{'type': 'Point', 'coordinates': [-73.990364391092, 40.71920381197606]}",DELANCEY STREET,ALLEN STREET,
34433108,2016-09-29T23:13:02.000,2016-09-30T01:31:37.000,NYPD,New York City Police Department,Noise - Residential,Loud Music/Party,Residential Building/House,10014,10 JONES STREET,JONES STREET,WEST 4 STREET,BLEECKER STREET,ADDRESS,NEW YORK,Precinct,Closed,2016-09-30T07:13:02.000,The Police Department responded to the complaint and with the information available observed no evidence of the violation at that time.,2016-09-30T01:31:37.000,02 MANHATTAN,MANHATTAN,983696,206033,Unspecified,MANHATTAN,40.73218964320252,-74.00199893957861,"{'type': 'Point', 'coordinates': [-74.00199893957861, 40.73218964320252]}",,,
34431026,2016-09-29T23:12:57.000,2016-10-26T14:48:05.000,HPD,Department of Housing Preservation and Development,PLUMBING,BATHTUB/SHOWER,RESIDENTIAL BUILDING,10468,2290 DAVIDSON AVENUE,DAVIDSON AVENUE,,,ADDRESS,BRONX,N/A,Closed,,The Department of Housing Preservation and Development inspected the following conditions. No violations were issued. The complaint has been closed.,2016-10-26T14:48:05.000,07 BRONX,BRONX,1010639,252289,Unspecified,BRONX,40.85911037097102,-73.9046016370002,"{'type': 'Point', 'coordinates': [-73.9046016370002, 40.85911037097102]}",,,
34432472,2016-09-29T23:12:39.000,2016-09-29T23:19:49.000,NYPD,New York City Police Department,Noise - Vehicle,Car/Truck Horn,Street/Sidewalk,10031,,,,,INTERSECTION,NEW YORK,Precinct,Closed,2016-09-30T07:12:39.000,The Police Department responded to the complaint and with the information available observed no evidence of the violation at that time.,2016-09-29T23:19:49.000,09 MANHATTAN,MANHATTAN,999642,241546,Unspecified,MANHATTAN,40.829650014507514,-73.94438132319132,"{'type': 'Point', 'coordinates': [-73.94438132319132, 40.829650014507514]}",WEST  152 STREET,AMSTERDAM AVENUE,
34432178,2016-09-29T23:11:16.000,2016-09-30T05:06:59.000,NYPD,New York City Police Department,Posting Advertisement,Vehicle,Street/Sidewalk,10312,177 LAREDO AVENUE,LAREDO AVENUE,POMPEY AVENUE,ANNADALE ROAD,ADDRESS,STATEN ISLAND,Precinct,Closed,2016-09-30T07:11:16.000,The Police Department responded to the complaint and determined that police action was not necessary.,2016-09-30T05:06:59.000,03 STATEN ISLAND,STATEN ISLAND,935996,139374,Unspecified,STATEN ISLAND,40.549093797686275,-74.17363282481907,"{'type': 'Point', 'coordinates': [-74.17363282481907, 40.549093797686275]}",,,
34435276,2016-09-29T23:11:15.000,2016-09-29T23:25:09.000,NYPD,New York City Police Department,Illegal Parking,Commercial Overnight Parking,Street/Sidewalk,11354,146 STREET,146 STREET,35 AVENUE,NORTHERN BOULEVARD,BLOCKFACE,FLUSHING,Precinct,Closed,2016-09-30T07:11:15.000,The Police Department responded to the complaint and determined that police action was not necessary.,2016-09-29T23:25:10.000,07 QUEENS,QUEENS,1033894,218247,Unspecified,QUEENS,40.765574626167535,-73.82078489399116,"{'type': 'Point', 'coordinates': [-73.82078489399116, 40.765574626167535]}",,,
34435118,2016-09-29T23:11:10.000,2016-09-30T03:38:08.000,NYPD,New York City Police Department,Noise - Street/Sidewalk,Loud Talking,Street/Sidewalk,11232,541 40 STREET,40 STREET,5 AVENUE,6 AVENUE,ADDRESS,BROOKLYN,Precinct,Closed,2016-09-30T07:11:10.000,The Police Department responded and upon arrival those responsible for the condition were gone.,2016-09-30T03:38:08.000,07 BROOKLYN,BROOKLYN,983272,176137,Unspecified,BROOKLYN,40.65013198730449,-74.00352447374031,"{'type': 'Point', 'coordinates': [-74.00352447374031, 40.65013198730449]}",,,
34430627,2016-09-29T23:11:01.000,2016-09-29T23:23:02.000,NYPD,New York City Police Department,Noise - Vehicle,Car/Truck Horn,Street/Sidewalk,10031,1833 AMSTERDAM AVENUE,AMSTERDAM AVENUE,WEST 150 STREET,WEST 151 STREET,ADDRESS,NEW YORK,Precinct,Closed,2016-09-30T07:11:01.000,The Police Department responded to the complaint and with the information available observed no evidence of the violation at that time.,2016-09-29T23:23:02.000,09 MANHATTAN,MANHATTAN,999480,241246,Unspecified,MANHATTAN,40.82882688134842,-73.94496738776525,"{'type': 'Point', 'coordinates': [-73.94496738776525, 40.82882688134842]}",,,
34437291,2016-09-29T23:10:00.000,2016-10-13T01:00:00.000,DEP,Department of Environmental Protection,Water System,Leak (Use Comments) (WA2),,11217,,,BALTIC ST,BOND ST,INTERSECTION,BROOKLYN,N/A,Closed,,The Department of Environmental Protection investigated this complaint and restored the water main to service.,2016-10-13T01:00:00.000,06 BROOKLYN,BROOKLYN,987736,188158,Unspecified,BROOKLYN,40.683126326113076,-73.98743108944684,"{'type': 'Point', 'coordinates': [-73.98743108944684, 40.683126326113076]}",BALTIC STREET,BOND STREET,
34434000,2016-09-29T23:09:25.000,2016-09-30T05:06:55.000,NYPD,New York City Police Department,Posting Advertisement,Vehicle,Street/Sidewalk,10312,177 LAREDO AVENUE,LAREDO AVENUE,POMPEY AVENUE,ANNADALE ROAD,ADDRESS,STATEN ISLAND,Precinct,Closed,2016-09-30T07:09:25.000,The Police Department responded to the complaint and determined that police action was not necessary.,2016-09-30T05:06:56.000,03 STATEN ISLAND,STATEN ISLAND,935996,139374,Unspecified,STATEN ISLAND,40.549093797686275,-74.17363282481907,"{'type': 'Point', 'coordinates': [-74.17363282481907, 40.549093797686275]}",,,
34430464,2016-09-29T23:09:17.000,2016-09-30T23:12:33.000,HPD,Department of Housing Preservation and Development,HPD Literature Request,The ABCs of Housing,,,,,,,,,N/A,Closed,2016-09-30T23:09:17.000,"The literature will be emailed within 24 hours. If it is not received, please call 311 and submit a new request.",2016-09-29T23:12:22.000,0 Unspecified,Unspecified,,,Unspecified,Unspecified,,,,,,
34431578,2016-09-29T23:09:00.000,2016-10-01T01:45:00.000,DEP,Department of Environmental Protection,Noise,Noise: Construction Before/After Hours (NM1),,10012,10 MERCER STREET,MERCER STREET,SPRING STREET,PRINCE STREET,BLOCKFACE,NEW YORK,N/A,Closed,,"The Department of Environmental Protection (DEP) didn't observe a violation of the NYC Air or Noise Code at the time of inspection and couldn't issue a summons.  If the problem still exists, please go to nyc.gov/311 or call 311 to file a new Service Request. If you're outside of New York City, please call (212) NEW-YORK (212-639-9675).",2016-10-01T01:45:00.000,02 MANHATTAN,MANHATTAN,984500,203059,Unspecified,MANHATTAN,40.72402675238089,-73.9990980619421,"{'type': 'Point', 'coordinates': [-73.9990980619421, 40.72402675238089]}",,,
34434141,2016-09-29T23:08:33.000,2016-09-30T09:10:44.000,NYPD,New York City Police Department,Noise - Commercial,Loud Music/Party,Club/Bar/Restaurant,11103,25-39 STEINWAY STREET,STEINWAY STREET,25 AVENUE,28 AVENUE,ADDRESS,ASTORIA,Precinct,Closed,2016-09-30T07:08:33.000,The Police Department responded and upon arrival those responsible for the condition were gone.,2016-09-30T09:10:44.000,01 QUEENS,QUEENS,1008626,218930,Unspecified,QUEENS,40.76755506463939,-73.91199993923524,"{'type': 'Point', 'coordinates': [-73.91199993923524, 40.76755506463939]}",,,
34431360,2016-09-29T23:08:28.000,2016-09-30T09:03:21.000,NYPD,New York City Police Department,Noise - Residential,Loud Music/Party,Residential Building/House,10462,2112 STARLING AVENUE,STARLING AVENUE,OLMSTEAD AVENUE,ODELL STREET,ADDRESS,BRONX,Precinct,Closed,2016-09-30T07:08:28.000,The Police Department responded to the complaint and with the information available observed no evidence of the violation at that time.,2016-09-30T09:03:21.000,09 BRONX,BRONX,1024456,243920,Unspecified,BRONX,40.83608785105574,-73.85470232702936,"{'type': 'Point', 'coordinates': [-73.85470232702936, 40.83608785105574]}",,,
34431811,2016-09-29T23:08:24.000,2016-10-11T15:39:47.000,DPR,Department of Parks and Recreation,Maintenance or Facility,Rodent Sighting,Park,11365,,,,,,FRESH MEADOWS,N/A,Closed,2016-10-09T23:08:24.000,The Department of Parks and Recreation has completed the requested work order and corrected the problem.,2016-10-11T15:39:47.000,07 QUEENS,QUEENS,,,Kissena Park,QUEENS,,,,,,
34430487,2016-09-29T23:08:23.000,2016-09-30T02:14:44.000,DHS,Operations Unit - Department of Homeless Services,Homeless Person Assistance,N/A,Park/Playground,10019,353 WEST 57 STREET,WEST 57 STREET,8 AVENUE,9 AVENUE,ADDRESS,NEW YORK,N/A,Closed,2016-09-30T04:13:24.000,"The mobile outreach response team offered services to the individual, but the individual did not accept assistance.",2016-09-30T02:14:44.000,04 MANHATTAN,MANHATTAN,988585,218843,Unspecified,MANHATTAN,40.76734881607585,-73.98435022071315,"{'type': 'Point', 'coordinates': [-73.98435022071315, 40.76734881607585]}",,,
34433323,2016-09-29T23:08:06.000,2016-09-30T00:42:27.000,NYPD,New York City Police Department,Illegal Parking,Commercial Overnight Parking,Street/Sidewalk,11354,146 STREET,146 STREET,34 AVENUE,35 AVENUE,BLOCKFACE,FLUSHING,Precinct,Closed,2016-09-30T07:08:06.000,The Police Department responded to the complaint and determined that police action was not necessary.,2016-09-30T00:42:27.000,07 QUEENS,QUEENS,1033829,218654,Unspecified,QUEENS,40.76669209827715,-73.82101654159273,"{'type': 'Point', 'coordinates': [-73.82101654159273, 40.76669209827715]}",,,
34433214,2016-09-29T23:08:05.000,2016-09-30T01:30:02.000,NYPD,New York City Police Department,Noise - Residential,Banging/Pounding,Residential Building/House,11355,45-15 COLDEN STREET,COLDEN STREET,45 AVENUE,GERANIUM AVENUE,ADDRESS,FLUSHING,Precinct,Closed,2016-09-30T07:08:05.000,The Police Department responded and upon arrival those responsible for the condition were gone.,2016-09-30T01:30:03.000,07 QUEENS,QUEENS,1033291,212754,Unspecified,QUEENS,40.75050114108838,-73.82300178904647,"{'type': 'Point', 'coordinates': [-73.82300178904647, 40.75050114108838]}",,,
34431069,2016-09-29T23:08:02.000,2016-10-31T09:04:48.000,HPD,Department of Housing Preservation and Development,UNSANITARY CONDITION,PESTS,RESIDENTIAL BUILDING,10028,516 EAST   83 STREET,EAST   83 STREET,,,ADDRESS,NEW YORK,N/A,Closed,,"The Department of Housing Preservation and Development was not able to gain access to inspect the following conditions. The complaint has been closed. If the condition still exists, please file a new complaint.",2016-10-31T09:04:48.000,08 MANHATTAN,MANHATTAN,998671,221164,Unspecified,MANHATTAN,40.77370865574979,-73.94793378714252,"{'type': 'Point', 'coordinates': [-73.94793378714252, 40.77370865574979]}",,,
34433232,2016-09-29T23:07:54.000,2016-09-30T01:31:33.000,NYPD,New York City Police Department,Posting Advertisement,Vehicle,Street/Sidewalk,10312,181 LAREDO AVENUE,LAREDO AVENUE,POMPEY AVENUE,ANNADALE ROAD,ADDRESS,STATEN ISLAND,Precinct,Closed,2016-09-30T07:07:54.000,The Police Department responded to the complaint and determined that police action was not necessary.,2016-09-30T01:31:33.000,03 STATEN ISLAND,STATEN ISLAND,935970,139370,Unspecified,STATEN ISLAND,40.549082676972034,-74.17372635207464,"{'type': 'Point', 'coordinates': [-74.17372635207464, 40.549082676972034]}",,,
34436831,2016-09-29T23:07:51.000,2016-09-30T09:03:19.000,NYPD,New York City Police Department,Noise - Commercial,Loud Music/Party,Club/Bar/Restaurant,10002,177 HENRY STREET,HENRY STREET,RUTGERS STREET,JEFFERSON STREET,ADDRESS,NEW YORK,Precinct,Closed,2016-09-30T07:07:51.000,The Police Department responded to the complaint and with the information available observed no evidence of the violation at that time.,2016-09-30T09:03:19.000,03 MANHATTAN,MANHATTAN,987347,199224,Unspecified,MANHATTAN,40.71350006091592,-73.98882855589635,"{'type': 'Point', 'coordinates': [-73.98882855589635, 40.71350006091592]}",,,
34430345,2016-09-29T23:07:45.000,2016-09-30T00:21:21.000,NYPD,New York City Police Department,Noise - Commercial,Loud Music/Party,Club/Bar/Restaurant,11225,114 LEFFERTS AVENUE,LEFFERTS AVENUE,WASHINGTON AVENUE,BEDFORD AVENUE,ADDRESS,BROOKLYN,Precinct,Closed,2016-09-30T07:07:45.000,The Police Department responded to the complaint and took action to fix the condition.,2016-09-30T00:21:21.000,09 BROOKLYN,BROOKLYN,995935,180429,Unspecified,BROOKLYN,40.661904930981976,-73.9578826731229,"{'type': 'Point', 'coordinates': [-73.9578826731229, 40.661904930981976]}",,,
34435308,2016-09-29T23:07:41.000,2016-09-30T01:43:40.000,NYPD,New York City Police Department,Noise - Residential,Loud Music/Party,Residential Building/House,10011,15 WEST 9 STREET,WEST 9 STREET,5 AVENUE,BEND,ADDRESS,NEW YORK,Precinct,Closed,2016-09-30T07:07:41.000,The Police Department responded to the complaint and with the information available observed no evidence of the violation at that time.,2016-09-30T01:43:41.000,02 MANHATTAN,MANHATTAN,985168,206394,Unspecified,MANHATTAN,40.7331804692419,-73.9966876284845,"{'type': 'Point', 'coordinates': [-73.9966876284845, 40.7331804692419]}",,,
34433868,2016-09-29T23:07:39.000,2016-09-30T01:39:54.000,NYPD,New York City Police Department,Panhandling,N/A,Street/Sidewalk,10006,2 RECTOR STREET,RECTOR STREET,TRINITY PLACE,GREENWICH STREET,ADDRESS,NEW YORK,Precinct,Closed,2016-09-30T07:07:39.000,The Police Department responded to the complaint and with the information available observed no evidence of the violation at that time.,2016-09-30T01:39:54.000,01 MANHATTAN,MANHATTAN,980631,197150,Unspecified,MANHATTAN,40.707807225372385,-74.0130532785027,"{'type': 'Point', 'coordinates': [-74.0130532785027, 40.707807225372385]}",,,
34432023,2016-09-29T23:07:10.000,2016-09-29T23:30:27.000,NYPD,New York City Police Department,Blocked Driveway,No Access,Street/Sidewalk,10461,1549 BASSETT AVENUE,BASSETT AVENUE,WILKINSON AVENUE,MC DONALD STREET,ADDRESS,BRONX,Precinct,Closed,2016-09-30T07:07:10.000,The Police Department issued a summons in response to the complaint.,2016-09-29T23:30:27.000,11 BRONX,BRONX,1028138,250430,Unspecified,BRONX,40.85393833056837,-73.84135362294094,"{'type': 'Point', 'coordinates': [-73.84135362294094, 40.85393833056837]}",,,
34431955,2016-09-29T23:06:45.000,2016-09-30T08:20:15.000,NYPD,New York City Police Department,Blocked Driveway,No Access,Street/Sidewalk,10461,2072 HERING AVENUE,HERING AVENUE,BEND,PELHAM PARKWAY,ADDRESS,BRONX,Precinct,Closed,2016-09-30T07:06:45.000,The Police Department responded to the complaint and with the information available observed no evidence of the violation at that time.,2016-09-30T08:20:15.000,11 BRONX,BRONX,1024730,251374,Unspecified,BRONX,40.8565456083446,-73.85366713972172,"{'type': 'Point', 'coordinates': [-73.85366713972172, 40.8565456083446]}",,,
34430265,2016-09-29T23:06:30.000,2016-09-30T05:05:50.000,NYPD,New York City Police Department,Posting Advertisement,Vehicle,Street/Sidewalk,10312,177 LAREDO AVENUE,LAREDO AVENUE,POMPEY AVENUE,ANNADALE ROAD,ADDRESS,STATEN ISLAND,Precinct,Closed,2016-09-30T07:06:30.000,The Police Department responded to the complaint and determined that police action was not necessary.,2016-09-30T05:05:50.000,03 STATEN ISLAND,STATEN ISLAND,935996,139374,Unspecified,STATEN ISLAND,40.549093797686275,-74.17363282481907,"{'type': 'Point', 'coordinates': [-74.17363282481907, 40.549093797686275]}",,,
34430618,2016-09-29T23:06:01.000,2016-09-30T00:00:46.000,NYPD,New York City Police Department,Noise - Residential,Loud Music/Party,Residential Building/House,10018,990 6 AVENUE,6 AVENUE,WEST 36 STREET,WEST 37 STREET,ADDRESS,NEW YORK,Precinct,Closed,2016-09-30T07:06:01.000,The Police Department responded to the complaint and took action to fix the condition.,2016-09-30T00:00:46.000,05 MANHATTAN,MANHATTAN,987963,213036,Unspecified,MANHATTAN,40.75141037132598,-73.98659890943122,"{'type': 'Point', 'coordinates': [-73.98659890943122, 40.75141037132598]}",,,
34430652,2016-09-29T23:05:53.000,2016-11-14T16:05:37.000,TLC,Taxi and Limousine Commission,Taxi Complaint,Driver Complaint,,10011,140 7 AVENUE,7 AVENUE,WEST 18 STREET,WEST 19 STREET,ADDRESS,NEW YORK,N/A,Closed,2016-11-14T09:07:25.000,A hearing was scheduled at the OATH/Taxi and Limousine Tribunal.,2016-11-14T16:05:37.000,04 MANHATTAN,MANHATTAN,984893,209361,Unspecified,MANHATTAN,40.74132417455931,-73.997679613054,"{'type': 'Point', 'coordinates': [-73.997679613054, 40.74132417455931]}",,,Port Authority Bus Terminal
34431256,2016-09-29T23:05:44.000,2016-09-30T01:11:29.000,NYPD,New York City Police Department,Noise - Commercial,Loud Music/Party,Store/Commercial,11205,172 CLASSON AVENUE,CLASSON AVENUE,PARK AVENUE,MYRTLE AVENUE,ADDRESS,BROOKLYN,Precinct,Closed,2016-09-30T07:05:44.000,The Police Department responded to the complaint and took action to fix the condition.,2016-09-30T01:11:30.000,02 BROOKLYN,BROOKLYN,994986,192419,Unspecified,BROOKLYN,40.69481596616376,-73.96128414046092,"{'type': 'Point', 'coordinates': [-73.96128414046092, 40.69481596616376]}",,,
34435247,2016-09-29T23:04:41.000,2016-09-30T00:42:28.000,NYPD,New York City Police Department,Illegal Parking,Commercial Overnight Parking,Street/Sidewalk,11354,33 AVENUE,33 AVENUE,146 STREET,147 STREET,BLOCKFACE,FLUSHING,Precinct,Closed,2016-09-30T07:04:41.000,The Police Department responded to the complaint and determined that police action was not necessary.,2016-09-30T00:42:28.000,07 QUEENS,QUEENS,1033870,219362,Unspecified,QUEENS,40.768635140522576,-73.82086330242903,"{'type': 'Point', 'coordinates': [-73.82086330242903, 40.768635140522576]}",,,
34430400,2016-09-29T23:03:40.000,2016-09-30T01:31:35.000,NYPD,New York City Police Department,Noise - Residential,Loud Music/Party,Residential Building/House,10014,10 JONES STREET,JONES STREET,WEST 4 STREET,BLEECKER STREET,ADDRESS,NEW YORK,Precinct,Closed,2016-09-30T07:03:40.000,The Police Department responded to the complaint and with the information available observed no evidence of the violation at that time.,2016-09-30T01:31:35.000,02 MANHATTAN,MANHATTAN,983696,206033,Unspecified,MANHATTAN,40.73218964320252,-74.00199893957861,"{'type': 'Point', 'coordinates': [-74.00199893957861, 40.73218964320252]}",,,
34433338,2016-09-29T23:03:23.000,2016-09-29T23:40:13.000,NYPD,New York City Police Department,Noise - Residential,Loud Music/Party,Residential Building/House,11373,40-50 DENMAN STREET,DENMAN STREET,ELMHURST AVENUE,WHITNEY AVENUE,ADDRESS,ELMHURST,Precinct,Closed,2016-09-30T07:03:23.000,The Police Department responded to the complaint and took action to fix the condition.,2016-09-29T23:40:13.000,04 QUEENS,QUEENS,1018495,211574,Unspecified,QUEENS,40.747332021515504,-73.87640926401075,"{'type': 'Point', 'coordinates': [-73.87640926401075, 40.747332021515504]}",,,
34434045,2016-09-29T23:03:22.000,2016-09-29T23:22:00.000,NYPD,New York City Police Department,Noise - Commercial,Loud Music/Party,Store/Commercial,10029,227 EAST 116 STREET,EAST 116 STREET,3 AVENUE,2 AVENUE,ADDRESS,NEW YORK,Precinct,Closed,2016-09-30T07:03:22.000,The Police Department responded to the complaint and with the information available observed no evidence of the violation at that time.,2016-09-29T23:22:00.000,11 MANHATTAN,MANHATTAN,1001067,229884,Unspecified,MANHATTAN,40.79763848885112,-73.93926133599666,"{'type': 'Point', 'coordinates': [-73.93926133599666, 40.79763848885112]}",,,
34432212,2016-09-29T23:03:21.000,2016-09-30T00:04:02.000,NYPD,New York City Police Department,Noise - Street/Sidewalk,Loud Talking,Street/Sidewalk,11201,8 CLARK STREET,CLARK STREET,COLUMBIA HEIGHTS,WILLOW STREET,ADDRESS,BROOKLYN,Precinct,Closed,2016-09-30T07:03:21.000,The Police Department responded to the complaint and with the information available observed no evidence of the violation at that time.,2016-09-30T00:04:02.000,02 BROOKLYN,BROOKLYN,985364,193671,Unspecified,BROOKLYN,40.698258857042966,-73.99598251738135,"{'type': 'Point', 'coordinates': [-73.99598251738135, 40.698258857042966]}",,,
34437093,2016-09-29T23:03:08.000,2016-09-29T23:31:32.000,DHS,Operations Unit - Department of Homeless Services,Homeless Person Assistance,N/A,Residential Building/House,11224,1602 MERMAID AVENUE,MERMAID AVENUE,WEST 16 STREET,WEST 17 STREET,ADDRESS,BROOKLYN,N/A,Closed,2016-09-30T01:20:37.000,"The mobile outreach response team offered services to the individual, but the individual did not accept assistance.",2016-09-29T23:31:32.000,13 BROOKLYN,BROOKLYN,988727,149390,Unspecified,BROOKLYN,40.576715919003306,-73.98388371678811,"{'type': 'Point', 'coordinates': [-73.98388371678811, 40.576715919003306]}",,,
34433528,2016-09-29T23:02:25.000,2016-10-07T09:57:59.000,DOT,Department of Transportation,Street Sign - Dangling,St Name - Attached to Pole,Street,11414,,,,,LATLONG,HOWARD BEACH,N/A,Closed,2016-10-14T09:10:23.000,The Department of Transportation has completed the request or corrected the condition.,2016-10-07T09:57:59.000,01 QUEENS,QUEENS,1027356,177959,Unspecified,QUEENS,40.65502811613223,-73.84464499526177,"{'type': 'Point', 'coordinates': [-73.84464499526177, 40.65502811613223]}",,,
34431864,2016-09-29T23:02:05.000,2016-10-03T02:14:40.000,HPD,Department of Housing Preservation and Development,HEAT/HOT WATER,ENTIRE BUILDING,RESIDENTIAL BUILDING,10459,1120 BRYANT AVENUE,BRYANT AVENUE,,,ADDRESS,BRONX,N/A,Closed,,The complaint you filed is a duplicate of a condition already reported by another tenant for a building-wide condition. The original complaint is still open. HPD may attempt to contact you to verify the correction of the condition or may conduct an inspection of your unit if the original complainant is not available for verification.,2016-10-03T02:14:40.000,03 BRONX,BRONX,1015010,240578,Unspecified,BRONX,40.826952980949955,-73.88885385278444,"{'type': 'Point', 'coordinates': [-73.88885385278444, 40.826952980949955]}",,,
34436769,2016-09-29T23:02:00.000,2016-10-06T12:45:00.000,DOT,Department of Transportation,Traffic Signal Condition,Controller,,11214,,,20 AVE,86 ST,INTERSECTION,BROOKLYN,N/A,Closed,,Service Request status for this request is available on the Department of Transportationâs website. Please click the âLearn Moreâ link below.,2016-10-06T12:45:00.000,11 BROOKLYN,BROOKLYN,984735,159552,Unspecified,BROOKLYN,40.60460969195782,-73.9982533698945,"{'type': 'Point', 'coordinates': [-73.9982533698945, 40.60460969195782]}",20 AVENUE,86 STREET,
34434396,2016-09-29T23:02:00.000,2016-10-04T23:00:00.000,DEP,Department of Environmental Protection,Noise,Noise: Construction Before/After Hours (NM1),,11375,,,68 AVE,GROTON ST,INTERSECTION,Forest Hills,N/A,Closed,,"The Department of Environmental Protection (DEP) didn't observe a violation of the NYC Air or Noise Code at the time of inspection and couldn't issue a summons.  If the problem still exists, please go to nyc.gov/311 or call 311 to file a new Service Request. If you're outside of New York City, please call (212) NEW-YORK (212-639-9675).",2016-10-04T23:00:00.000,06 QUEENS,QUEENS,1024730,200982,Unspecified,QUEENS,40.71823328077494,-73.85397081667404,"{'type': 'Point', 'coordinates': [-73.85397081667404, 40.71823328077494]}",68 AVENUE,GROTON STREET,
34435068,2016-09-29T23:01:23.000,2016-09-30T03:49:53.000,NYPD,New York City Police Department,Noise - Residential,Banging/Pounding,Residential Building/House,11691,155A BEACH 27 STREET,BEACH 27 STREET,BOARDWALK,SEAGIRT AVENUE,ADDRESS,FAR ROCKAWAY,Precinct,Closed,2016-09-30T07:01:23.000,The Police Department responded to the complaint and with the information available observed no evidence of the violation at that time.,2016-09-30T03:49:53.000,14 QUEENS,QUEENS,1050916,155757,Unspecified,QUEENS,40.593942478233544,-73.75995384139489,"{'type': 'Point', 'coordinates': [-73.75995384139489, 40.593942478233544]}",,,
34432226,2016-09-29T23:01:17.000,2016-09-29T23:05:51.000,NYPD,New York City Police Department,Noise - Commercial,Loud Talking,Store/Commercial,10472,1207 BEACH AVENUE,BEACH AVENUE,GLEASON AVENUE,WESTCHESTER AVENUE,ADDRESS,BRONX,Precinct,Closed,2016-09-30T07:01:17.000,The Police Department responded to the complaint and determined that police action was not necessary.,2016-09-29T23:05:51.000,09 BRONX,BRONX,1021327,241829,Unspecified,BRONX,40.83036235589997,-73.86602154214397,"{'type': 'Point', 'coordinates': [-73.86602154214397, 40.83036235589997]}",,,
34436250,2016-09-29T23:01:00.000,2016-10-04T18:30:00.000,DEP,Department of Environmental Protection,Noise,Noise: Construction Before/After Hours (NM1),,11221,3 HIMROD STREET,HIMROD STREET,EVERGREEN AVENUE,CENTRAL AVENUE,BLOCKFACE,BROOKLYN,N/A,Closed,,The Department of Environmental Protection has inspected your complaint and determined that further investigation is required. More information will be available once the condition is resolved. Please visit nyc.gov/311 or call 311 at a later time to check the status of your complaint.,2016-10-04T22:23:00.000,04 BROOKLYN,BROOKLYN,1005321,192807,Unspecified,BROOKLYN,40.69586236347055,-73.92401315614988,"{'type': 'Point', 'coordinates': [-73.92401315614988, 40.69586236347055]}",,,
34430389,2016-09-29T23:00:57.000,2016-09-30T13:21:37.000,NYPD,New York City Police Department,Noise - Residential,Banging/Pounding,Residential Building/House,11230,1199 OCEAN AVENUE,OCEAN AVENUE,FARRAGUT ROAD,GLENWOOD ROAD,ADDRESS,BROOKLYN,Precinct,Closed,2016-09-30T07:00:57.000,The Police Department responded to the complaint and with the information available observed no evidence of the violation at that time.,2016-09-30T13:21:37.000,14 BROOKLYN,BROOKLYN,995958,170019,Unspecified,BROOKLYN,40.63333170661496,-73.9578178405703,"{'type': 'Point', 'coordinates': [-73.9578178405703, 40.63333170661496]}",,,
34434185,2016-09-29T23:00:15.000,2016-09-30T01:39:31.000,NYPD,New York City Police Department,Noise - Residential,Loud Music/Party,Residential Building/House,10014,,,,,INTERSECTION,NEW YORK,Precinct,Closed,2016-09-30T07:00:15.000,The Police Department responded to the complaint and with the information available observed no evidence of the violation at that time.,2016-09-30T01:39:32.000,02 MANHATTAN,MANHATTAN,983789,206080,Unspecified,MANHATTAN,40.73231865200181,-74.00166338073973,"{'type': 'Point', 'coordinates': [-74.00166338073973, 40.73231865200181]}",JONES STREET,WEST    4 STREET,
34431228,2016-09-29T23:00:11.000,2016-09-30T14:30:29.000,NYPD,New York City Police Department,Noise - Commercial,Loud Music/Party,Club/Bar/Restaurant,10454,231 BROOK AVENUE,BROOK AVENUE,EAST 137 STREET,EAST 138 STREET,ADDRESS,BRONX,Precinct,Closed,2016-09-30T07:00:11.000,The Police Department responded to the complaint and with the information available observed no evidence of the violation at that time.,2016-09-30T14:30:29.000,01 BRONX,BRONX,1006588,233467,Unspecified,BRONX,40.807460605248814,-73.91930899809635,"{'type': 'Point', 'coordinates': [-73.91930899809635, 40.807460605248814]}",,,
34430522,2016-09-29T23:00:00.000,2016-10-05T11:38:00.000,DEP,Department of Environmental Protection,Noise,"Noise, Barking Dog (NR5)",,10459,1346 CHISHOLM STREET,CHISHOLM STREET,FREEMAN ST,JENNINGS ST,ADDRESS,BRONX,N/A,Closed,,The Department of Environmental Protection determined that an inspection is not warranted to investigate this complaint at this time and sent a letter to the complainant and/or respondent.,2016-10-05T11:38:00.000,03 BRONX,BRONX,1013109,242130,Unspecified,BRONX,40.831219189751614,-73.8957161174506,"{'type': 'Point', 'coordinates': [-73.8957161174506, 40.831219189751614]}",,,
34433096,2016-09-29T22:59:42.000,2016-09-30T01:45:31.000,NYPD,New York City Police Department,Noise - Residential,Banging/Pounding,Residential Building/House,10012,180 THOMPSON STREET,THOMPSON STREET,WEST HOUSTON STREET,BLEECKER STREET,ADDRESS,NEW YORK,Precinct,Closed,2016-09-30T06:59:42.000,The Police Department responded to the complaint and with the information available observed no evidence of the violation at that time.,2016-09-30T01:45:31.000,02 MANHATTAN,MANHATTAN,984221,204469,Unspecified,MANHATTAN,40.72789686310216,-74.00010463089083,"{'type': 'Point', 'coordinates': [-74.00010463089083, 40.72789686310216]}",,,
34435901,2016-09-29T22:59:28.000,2016-09-30T00:12:37.000,NYPD,New York City Police Department,Noise - Residential,Loud Music/Party,Residential Building/House,10027,2035 7 AVENUE,7 AVENUE,WEST 121 STREET,WEST 122 STREET,ADDRESS,NEW YORK,Precinct,Closed,2016-09-30T06:59:28.000,The Police Department responded to the complaint and with the information available observed no evidence of the violation at that time.,2016-09-30T00:12:37.000,10 MANHATTAN,MANHATTAN,998128,233236,Unspecified,MANHATTAN,40.80684391338799,-73.94986931454459,"{'type': 'Point', 'coordinates': [-73.94986931454459, 40.80684391338799]}",,,
34434921,2016-09-29T22:59:21.000,2016-09-30T08:20:14.000,NYPD,New York City Police Department,Noise - Street/Sidewalk,Loud Talking,Street/Sidewalk,10462,2160 BRONX PARK EAST,BRONX PARK EAST,LYDIG AVENUE,BOSTON ROAD,ADDRESS,BRONX,Precinct,Closed,2016-09-30T06:59:21.000,The Police Department responded to the complaint and with the information available observed no evidence of the violation at that time.,2016-09-30T08:20:14.000,11 BRONX,BRONX,1020313,250810,Unspecified,BRONX,40.855016745852964,-73.86963734859283,"{'type': 'Point', 'coordinates': [-73.86963734859283, 40.855016745852964]}",,,
34433123,2016-09-29T22:58:54.000,2016-09-30T00:12:33.000,NYPD,New York City Police Department,Noise - Commercial,Loud Music/Party,Store/Commercial,10026,1925 7 AVENUE,7 AVENUE,ST NICHOLAS AVENUE,WEST 117 STREET,ADDRESS,NEW YORK,Precinct,Closed,2016-09-30T06:58:54.000,The Police Department responded to the complaint and with the information available observed no evidence of the violation at that time.,2016-09-30T00:12:33.000,10 MANHATTAN,MANHATTAN,997445,232003,Unspecified,MANHATTAN,40.80346071478072,-73.95233889822234,"{'type': 'Point', 'coordinates': [-73.95233889822234, 40.80346071478072]}",,,
34432961,2016-09-29T22:58:41.000,2016-09-30T02:31:55.000,NYPD,New York City Police Department,Noise - Vehicle,Engine Idling,Street/Sidewalk,11418,89-30 133 STREET,133 STREET,JAMAICA AVENUE,DEAD END,ADDRESS,RICHMOND HILL,Precinct,Closed,2016-09-30T06:58:41.000,The Police Department responded and upon arrival those responsible for the condition were gone.,2016-09-30T02:31:55.000,09 QUEENS,QUEENS,1034639,194274,Unspecified,QUEENS,40.69977055986449,-73.81827498465977,"{'type': 'Point', 'coordinates': [-73.81827498465977, 40.69977055986449]}",,,
34431251,2016-09-29T22:58:19.000,2016-09-30T00:00:48.000,NYPD,New York City Police Department,Noise - Commercial,Loud Music/Party,Store/Commercial,10016,27 EAST 30 STREET,EAST 30 STREET,MADISON AVENUE,PARK AVENUE SOUTH,ADDRESS,NEW YORK,Precinct,Closed,2016-09-30T06:58:19.000,The Police Department responded to the complaint and took action to fix the condition.,2016-09-30T00:00:48.000,05 MANHATTAN,MANHATTAN,988546,210747,Unspecified,MANHATTAN,40.745127378406316,-73.98449618751587,"{'type': 'Point', 'coordinates': [-73.98449618751587, 40.745127378406316]}",,,
34434999,2016-09-29T22:58:00.000,2016-09-30T09:49:00.000,DOT,Department of Transportation,Street Light Condition,Street Light Cycling,,11414,161-40 87 STREET,87 STREET,161 AVE,162 AVE,ADDRESS,Howard Beach,N/A,Closed,,Service Request status for this request is available on the Department of Transportationâs website. Please click the âLearn Moreâ link below.,2016-09-30T09:49:00.000,10 QUEENS,QUEENS,1027405,177693,Unspecified,QUEENS,40.65429776675783,-73.8444701006459,"{'type': 'Point', 'coordinates': [-73.8444701006459, 40.65429776675783]}",,,
34431860,2016-09-29T22:57:56.000,2016-10-03T02:14:40.000,HPD,Department of Housing Preservation and Development,HEAT/HOT WATER,ENTIRE BUILDING,RESIDENTIAL BUILDING,10459,1120 BRYANT AVENUE,BRYANT AVENUE,,,ADDRESS,BRONX,N/A,Closed,,The complaint you filed is a duplicate of a condition already reported by another tenant for a building-wide condition. The original complaint is still open. HPD may attempt to contact you to verify the correction of the condition or may conduct an inspection of your unit if the original complainant is not available for verification.,2016-10-03T02:14:40.000,03 BRONX,BRONX,1015010,240578,Unspecified,BRONX,40.826952980949955,-73.88885385278444,"{'type': 'Point', 'coordinates': [-73.88885385278444, 40.826952980949955]}",,,
34436917,2016-09-29T22:57:09.000,2016-09-30T00:08:17.000,NYPD,New York City Police Department,Noise - Residential,Loud Talking,Residential Building/House,11208,335 FOUNTAIN AVENUE,FOUNTAIN AVENUE,SUTTER AVENUE,BLAKE AVENUE,ADDRESS,BROOKLYN,Precinct,Closed,2016-09-30T06:57:09.000,The Police Department responded to the complaint and took action to fix the condition.,2016-09-30T00:08:17.000,05 BROOKLYN,BROOKLYN,1019090,183974,Unspecified,BROOKLYN,40.67157432300687,-73.87440471989372,"{'type': 'Point', 'coordinates': [-73.87440471989372, 40.67157432300687]}",,,
34436158,2016-09-29T22:56:00.000,2016-10-04T19:02:00.000,DEP,Department of Environmental Protection,Noise,Noise: Alarms (NR3),,10031,93 HAMILTON PLACE,HAMILTON PLACE,W 141 ST,W 142 ST,ADDRESS,NEW YORK,N/A,Closed,,The Department of Environmental Protection researched this complaint and determined that it could be closed.,2016-10-04T19:02:00.000,09 MANHATTAN,MANHATTAN,998004,239204,Unspecified,MANHATTAN,40.823224595372906,-73.95030500233685,"{'type': 'Point', 'coordinates': [-73.95030500233685, 40.823224595372906]}",,,
34435090,2016-09-29T22:55:46.000,2016-09-29T23:38:06.000,NYPD,New York City Police Department,Noise - Residential,Loud Music/Party,Residential Building/House,10031,48 ST NICHOLAS PLACE,ST NICHOLAS PLACE,WEST 152 STREET,WEST 153 STREET,ADDRESS,NEW YORK,Precinct,Closed,2016-09-30T06:55:46.000,The Police Department responded to the complaint and with the information available observed no evidence of the violation at that time.,2016-09-29T23:38:06.000,09 MANHATTAN,MANHATTAN,1000491,241215,Unspecified,MANHATTAN,40.828739994045264,-73.9413142812716,"{'type': 'Point', 'coordinates': [-73.9413142812716, 40.828739994045264]}",,,
34431207,2016-09-29T22:55:24.000,2017-07-25T13:49:00.000,DPR,Department of Parks and Recreation,Overgrown Tree/Branches,Dead Branches in Tree,Street,11358,42-28 190 STREET,190 STREET,42 AVENUE,NORTHERN BOULEVARD,ADDRESS,FLUSHING,N/A,Closed,2017-04-18T15:00:08.000,The Department of Parks and Recreation performed the work necessary to correct the condition.,2017-07-25T13:49:00.000,11 QUEENS,QUEENS,1042049,215788,Unspecified,QUEENS,40.75877576734029,-73.79136654641991,"{'type': 'Point', 'coordinates': [-73.79136654641991, 40.75877576734029]}",,,
34434184,2016-09-29T22:55:02.000,2016-09-30T01:43:32.000,NYPD,New York City Police Department,Noise - Residential,Loud Music/Party,Residential Building/House,10011,15 WEST 9 STREET,WEST 9 STREET,5 AVENUE,BEND,ADDRESS,NEW YORK,Precinct,Closed,2016-09-30T06:55:02.000,The Police Department responded to the complaint and with the information available observed no evidence of the violation at that time.,2016-09-30T01:43:32.000,02 MANHATTAN,MANHATTAN,985168,206394,Unspecified,MANHATTAN,40.7331804692419,-73.9966876284845,"{'type': 'Point', 'coordinates': [-73.9966876284845, 40.7331804692419]}",,,
34433975,2016-09-29T22:54:58.000,2016-09-30T06:50:34.000,NYPD,New York City Police Department,Blocked Driveway,Partial Access,Street/Sidewalk,11210,1065 EAST 39 STREET,EAST 39 STREET,DEAD END,AVENUE I,ADDRESS,BROOKLYN,Precinct,Closed,2016-09-30T06:54:58.000,The Police Department responded to the complaint and with the information available observed no evidence of the violation at that time.,2016-09-30T06:50:34.000,18 BROOKLYN,BROOKLYN,1001252,169106,Unspecified,BROOKLYN,40.63081713619092,-73.93874666185498,"{'type': 'Point', 'coordinates': [-73.93874666185498, 40.63081713619092]}",,,
34433899,2016-09-29T22:54:46.000,2016-10-06T20:29:31.000,HPD,Department of Housing Preservation and Development,UNSANITARY CONDITION,PESTS,RESIDENTIAL BUILDING,10002,159 EAST HOUSTON STREET,EAST HOUSTON STREET,,,ADDRESS,NEW YORK,N/A,Closed,,The Department of Housing Preservation and Development inspected the following conditions. No violations were issued. The complaint has been closed.,2016-10-06T20:29:31.000,03 MANHATTAN,MANHATTAN,987277,202709,Unspecified,MANHATTAN,40.72306557278975,-73.98907949147022,"{'type': 'Point', 'coordinates': [-73.98907949147022, 40.72306557278975]}",,,
34436670,2016-09-29T22:54:46.000,2016-10-02T10:06:42.000,HPD,Department of Housing Preservation and Development,UNSANITARY CONDITION,MOLD,RESIDENTIAL BUILDING,10002,159 EAST HOUSTON STREET,EAST HOUSTON STREET,,,ADDRESS,NEW YORK,N/A,Closed,,"The Department of Housing Preservation and Development contacted an occupant of the apartment and verified that the following conditions were corrected. The complaint has been closed. If the condition still exists, please file a new complaint.",2016-10-02T10:06:42.000,03 MANHATTAN,MANHATTAN,987277,202709,Unspecified,MANHATTAN,40.72306557278975,-73.98907949147022,"{'type': 'Point', 'coordinates': [-73.98907949147022, 40.72306557278975]}",,,
34430053,2016-09-29T22:54:46.000,2016-10-02T10:06:42.000,HPD,Department of Housing Preservation and Development,PAINT/PLASTER,CEILING,RESIDENTIAL BUILDING,10002,159 EAST HOUSTON STREET,EAST HOUSTON STREET,,,ADDRESS,NEW YORK,N/A,Closed,,"The Department of Housing Preservation and Development contacted an occupant of the apartment and verified that the following conditions were corrected. The complaint has been closed. If the condition still exists, please file a new complaint.",2016-10-02T10:06:42.000,03 MANHATTAN,MANHATTAN,987277,202709,Unspecified,MANHATTAN,40.72306557278975,-73.98907949147022,"{'type': 'Point', 'coordinates': [-73.98907949147022, 40.72306557278975]}",,,
34431841,2016-09-29T22:54:46.000,2016-10-06T20:29:32.000,HPD,Department of Housing Preservation and Development,FLOORING/STAIRS,FLOOR,RESIDENTIAL BUILDING,10002,159 EAST HOUSTON STREET,EAST HOUSTON STREET,,,ADDRESS,NEW YORK,N/A,Closed,,The Department of Housing Preservation and Development inspected the following conditions. No violations were issued. The complaint has been closed.,2016-10-06T20:29:32.000,03 MANHATTAN,MANHATTAN,987277,202709,Unspecified,MANHATTAN,40.72306557278975,-73.98907949147022,"{'type': 'Point', 'coordinates': [-73.98907949147022, 40.72306557278975]}",,,
34430056,2016-09-29T22:54:46.000,2016-10-06T20:29:32.000,HPD,Department of Housing Preservation and Development,PAINT/PLASTER,CEILING,RESIDENTIAL BUILDING,10002,159 EAST HOUSTON STREET,EAST HOUSTON STREET,,,ADDRESS,NEW YORK,N/A,Closed,,The Department of Housing Preservation and Development inspected the following conditions. No violations were issued. The complaint has been closed.,2016-10-06T20:29:32.000,03 MANHATTAN,MANHATTAN,987277,202709,Unspecified,MANHATTAN,40.72306557278975,-73.98907949147022,"{'type': 'Point', 'coordinates': [-73.98907949147022, 40.72306557278975]}",,,
34433849,2016-09-29T22:54:46.000,2016-10-06T20:29:31.000,HPD,Department of Housing Preservation and Development,UNSANITARY CONDITION,PESTS,RESIDENTIAL BUILDING,10002,159 EAST HOUSTON STREET,EAST HOUSTON STREET,,,ADDRESS,NEW YORK,N/A,Closed,,The Department of Housing Preservation and Development inspected the following conditions. No violations were issued. The complaint has been closed.,2016-10-06T20:29:31.000,03 MANHATTAN,MANHATTAN,987277,202709,Unspecified,MANHATTAN,40.72306557278975,-73.98907949147022,"{'type': 'Point', 'coordinates': [-73.98907949147022, 40.72306557278975]}",,,
34432255,2016-09-29T22:54:31.000,2016-09-29T22:59:25.000,NYPD,New York City Police Department,Noise - Residential,Loud Music/Party,Residential Building/House,11209,138 71 STREET,71 STREET,RIDGECREST TERRACE,PERRY TERRACE,ADDRESS,BROOKLYN,Precinct,Closed,2016-09-30T06:54:31.000,Your request can not be processed at this time because of insufficient contact information. Please create a new Service Request on NYC.gov and provide more detailed contact information.,2016-09-29T22:59:25.000,10 BROOKLYN,BROOKLYN,975627,170710,Unspecified,BROOKLYN,40.63523189514374,-74.03106825346349,"{'type': 'Point', 'coordinates': [-74.03106825346349, 40.63523189514374]}",,,
34436870,2016-09-29T22:54:14.000,2016-09-30T03:49:54.000,NYPD,New York City Police Department,Noise - Residential,Banging/Pounding,Residential Building/House,11691,155A BEACH 27 STREET,BEACH 27 STREET,BOARDWALK,SEAGIRT AVENUE,ADDRESS,FAR ROCKAWAY,Precinct,Closed,2016-09-30T06:54:14.000,The Police Department responded to the complaint and with the information available observed no evidence of the violation at that time.,2016-09-30T03:49:54.000,14 QUEENS,QUEENS,1050916,155757,Unspecified,QUEENS,40.593942478233544,-73.75995384139489,"{'type': 'Point', 'coordinates': [-73.75995384139489, 40.593942478233544]}",,,
34435136,2016-09-29T22:54:10.000,2016-09-30T04:55:43.000,NYPD,New York City Police Department,Noise - Commercial,Loud Music/Party,Club/Bar/Restaurant,10030,2273 7 AVENUE,7 AVENUE,WEST 133 STREET,WEST 134 STREET,ADDRESS,NEW YORK,Precinct,Closed,2016-09-30T06:54:10.000,The Police Department responded to the complaint and with the information available observed no evidence of the violation at that time.,2016-09-30T04:55:43.000,10 MANHATTAN,MANHATTAN,999660,236000,Unspecified,MANHATTAN,40.81442778495756,-73.94432901689623,"{'type': 'Point', 'coordinates': [-73.94432901689623, 40.81442778495756]}",,,
34432792,2016-09-29T22:54:09.000,2016-10-01T18:20:17.000,HPD,Department of Housing Preservation and Development,PAINT/PLASTER,CEILING,RESIDENTIAL BUILDING,10468,2607 JEROME AVENUE,JEROME AVENUE,,,ADDRESS,BRONX,N/A,Closed,,The following complaint conditions are still open. HPD may attempt to contact you to verify the correction of the condition or may conduct an inspection.,2016-10-01T18:20:17.000,07 BRONX,BRONX,1012322,254825,Unspecified,BRONX,40.86606572942326,-73.89850683939007,"{'type': 'Point', 'coordinates': [-73.89850683939007, 40.86606572942326]}",,,
34433729,2016-09-29T22:54:09.000,2016-10-04T14:49:36.000,HPD,Department of Housing Preservation and Development,PAINT/PLASTER,CEILING,RESIDENTIAL BUILDING,10468,2607 JEROME AVENUE,JEROME AVENUE,,,ADDRESS,BRONX,N/A,Closed,,The Department of Housing Preservation and Development inspected the following conditions. Violations were issued. Information about specific violations is available at www.nyc.gov/hpd.,2016-10-04T14:49:36.000,07 BRONX,BRONX,1012322,254825,Unspecified,BRONX,40.86606572942326,-73.89850683939007,"{'type': 'Point', 'coordinates': [-73.89850683939007, 40.86606572942326]}",,,
34442289,2016-09-29T22:53:28.000,2016-09-30T00:00:00.000,DOB,Department of Buildings,Building/Use,Illegal Conversion Of Residential Building/Space,,10471,5719 FARADAY AVENUE,FARADAY AVENUE,,,ADDRESS,BRONX,N/A,Closed,,"The Department of Buildings reviewed this complaint and closed it. If the problem still exists, please call 311 and file a new complaint. If you are outside of New York City, please call (212) NEW-YORK (212-639-9675).",2016-09-30T00:00:00.000,08 BRONX,BRONX,1012013,268969,Unspecified,BRONX,40.90488752863375,-73.8995653840226,"{'type': 'Point', 'coordinates': [-73.8995653840226, 40.90488752863375]}",,,
34436076,2016-09-29T22:53:22.000,2016-09-29T23:25:11.000,NYPD,New York City Police Department,Noise - Street/Sidewalk,Loud Music/Party,Street/Sidewalk,10019,,,,,INTERSECTION,NEW YORK,Precinct,Closed,2016-09-30T06:53:22.000,The Police Department responded to the complaint and took action to fix the condition.,2016-09-29T23:25:11.000,04 MANHATTAN,MANHATTAN,987157,219013,Unspecified,MANHATTAN,40.76781600688597,-73.98950536853718,"{'type': 'Point', 'coordinates': [-73.98950536853718, 40.76781600688597]}",WEST   55 STREET,10 AVENUE,
34436153,2016-09-29T22:53:00.000,2016-10-05T11:37:00.000,DEP,Department of Environmental Protection,Noise,"Noise, Barking Dog (NR5)",,11412,119-48 FARMERS BOULEVARD,FARMERS BOULEVARD,119 DR,120 AVE,ADDRESS,Saint Albans,N/A,Closed,,The Department of Environmental Protection determined that an inspection is not warranted to investigate this complaint at this time and sent a letter to the complainant and/or respondent.,2016-10-05T11:37:00.000,12 QUEENS,QUEENS,1050419,189650,Unspecified,QUEENS,40.68697487350294,-73.76141099580424,"{'type': 'Point', 'coordinates': [-73.76141099580424, 40.68697487350294]}",,,
34435988,2016-09-29T22:52:16.000,2016-09-30T01:42:18.000,NYPD,New York City Police Department,Noise - Residential,Loud Music/Party,Residential Building/House,10014,10 JONES STREET,JONES STREET,WEST 4 STREET,BLEECKER STREET,ADDRESS,NEW YORK,Precinct,Closed,2016-09-30T06:52:16.000,The Police Department responded to the complaint and with the information available observed no evidence of the violation at that time.,2016-09-30T01:42:18.000,02 MANHATTAN,MANHATTAN,983696,206033,Unspecified,MANHATTAN,40.73218964320252,-74.00199893957861,"{'type': 'Point', 'coordinates': [-74.00199893957861, 40.73218964320252]}",,,
34434687,2016-09-29T22:52:08.000,2016-10-14T09:43:33.000,HPD,Department of Housing Preservation and Development,ELECTRIC,WIRING,RESIDENTIAL BUILDING,11249,109 NORTH    7 STREET,NORTH    7 STREET,,,ADDRESS,BROOKLYN,N/A,Closed,,"The Department of Housing Preservation and Development was not able to gain access to inspect the following conditions. The complaint has been closed. If the condition still exists, please file a new complaint.",2016-10-14T09:43:33.000,01 BROOKLYN,BROOKLYN,995485,201206,Unspecified,BROOKLYN,40.71893358427464,-73.9594699997005,"{'type': 'Point', 'coordinates': [-73.9594699997005, 40.71893358427464]}",,,
34431817,2016-09-29T22:52:08.000,2016-10-14T09:43:33.000,HPD,Department of Housing Preservation and Development,ELECTRIC,NO LIGHTING,RESIDENTIAL BUILDING,11249,109 NORTH    7 STREET,NORTH    7 STREET,,,ADDRESS,BROOKLYN,N/A,Closed,,"The Department of Housing Preservation and Development was not able to gain access to inspect the following conditions. The complaint has been closed. If the condition still exists, please file a new complaint.",2016-10-14T09:43:33.000,01 BROOKLYN,BROOKLYN,995485,201206,Unspecified,BROOKLYN,40.71893358427464,-73.9594699997005,"{'type': 'Point', 'coordinates': [-73.9594699997005, 40.71893358427464]}",,,
34430015,2016-09-29T22:50:49.000,2016-10-05T14:06:38.000,HPD,Department of Housing Preservation and Development,GENERAL,COOKING GAS,RESIDENTIAL BUILDING,10471,5719 FARADAY AVENUE,FARADAY AVENUE,,,ADDRESS,BRONX,N/A,Closed,,The complaint you filed is a duplicate of a condition already reported by another tenant for a building-wide condition. The original complaint is still open. HPD may attempt to contact you to verify the correction of the condition or may conduct an inspection of your unit if the original complainant is not available for verification.,2016-10-05T14:06:38.000,08 BRONX,BRONX,1012013,268969,Unspecified,BRONX,40.90488752863375,-73.8995653840226,"{'type': 'Point', 'coordinates': [-73.8995653840226, 40.90488752863375]}",,,
34431862,2016-09-29T22:50:48.000,2016-10-05T14:06:39.000,HPD,Department of Housing Preservation and Development,HEAT/HOT WATER,ENTIRE BUILDING,RESIDENTIAL BUILDING,10471,5719 FARADAY AVENUE,FARADAY AVENUE,,,ADDRESS,BRONX,N/A,Closed,,The Department of Housing Preservation and Development inspected the following conditions. No violations were issued. The complaint has been closed.,2016-10-05T14:06:39.000,08 BRONX,BRONX,1012013,268969,Unspecified,BRONX,40.90488752863375,-73.8995653840226,"{'type': 'Point', 'coordinates': [-73.8995653840226, 40.90488752863375]}",,,
34437215,2016-09-29T22:50:35.000,2016-09-29T23:26:14.000,NYPD,New York City Police Department,Illegal Parking,Commercial Overnight Parking,Street/Sidewalk,11354,146 STREET,146 STREET,33 AVENUE,34 AVENUE,BLOCKFACE,FLUSHING,Precinct,Closed,2016-09-30T06:50:35.000,The Police Department responded to the complaint and determined that police action was not necessary.,2016-09-29T23:26:14.000,07 QUEENS,QUEENS,1033759,219091,Unspecified,QUEENS,40.767891939782906,-73.82126602656682,"{'type': 'Point', 'coordinates': [-73.82126602656682, 40.767891939782906]}",,,
34437149,2016-09-29T22:50:04.000,2016-09-30T04:08:55.000,NYPD,New York City Police Department,Illegal Parking,Posted Parking Sign Violation,Street/Sidewalk,10453,,,,,INTERSECTION,BRONX,Precinct,Closed,2016-09-30T06:50:04.000,The Police Department issued a summons in response to the complaint.,2016-09-30T04:08:55.000,05 BRONX,BRONX,1006823,248762,Unspecified,BRONX,40.849440392775094,-73.91840865225434,"{'type': 'Point', 'coordinates': [-73.91840865225434, 40.849440392775094]}",WEST  176 STREET,ANDREWS AVENUE,
34435290,2016-09-29T22:50:00.000,2016-10-17T21:00:00.000,DEP,Department of Environmental Protection,Noise,Noise: air condition/ventilation equipment (NV1),,10023,155 WEST   66 STREET,WEST   66 STREET,BROADWAY,AMSTERDAM AVE,ADDRESS,NEW YORK,N/A,Closed,,"The Department of Environmental Protection (DEP) didn't observe a violation of the NYC Air or Noise Code at the time of inspection and couldn't issue a summons.  If the problem still exists, please go to nyc.gov/311 or call 311 to file a new Service Request. If you're outside of New York City, please call (212) NEW-YORK (212-639-9675).",2016-10-17T21:00:00.000,07 MANHATTAN,MANHATTAN,988848,221407,Unspecified,MANHATTAN,40.7743861945813,-73.98339901048428,"{'type': 'Point', 'coordinates': [-73.98339901048428, 40.7743861945813]}",,,
34437081,2016-09-29T22:49:37.000,2016-09-30T01:11:34.000,NYPD,New York City Police Department,Noise - Street/Sidewalk,Loud Talking,Street/Sidewalk,10463,3085 GODWIN TERRACE,GODWIN TERRACE,WEST 231 STREET,BEND,ADDRESS,BRONX,Precinct,Closed,2016-09-30T06:49:37.000,The Police Department responded to the complaint and took action to fix the condition.,2016-09-30T01:11:34.000,08 BRONX,BRONX,1010334,259743,Unspecified,BRONX,40.879570219997774,-73.90567521939772,"{'type': 'Point', 'coordinates': [-73.90567521939772, 40.879570219997774]}",,,
34437042,2016-09-29T22:49:22.000,2016-09-30T07:19:33.000,NYPD,New York City Police Department,Noise - Commercial,Loud Music/Party,Club/Bar/Restaurant,11105,33-06 DITMARS BOULEVARD,DITMARS BOULEVARD,33 STREET,35 STREET,ADDRESS,ASTORIA,Precinct,Closed,2016-09-30T06:49:22.000,The Police Department responded to the complaint and with the information available observed no evidence of the violation at that time.,2016-09-30T07:19:33.000,01 QUEENS,QUEENS,1009311,221747,Unspecified,QUEENS,40.775285075089755,-73.90951651031338,"{'type': 'Point', 'coordinates': [-73.90951651031338, 40.775285075089755]}",,,
34430983,2016-09-29T22:49:19.000,2016-10-08T02:14:50.000,HPD,Department of Housing Preservation and Development,HEAT/HOT WATER,ENTIRE BUILDING,RESIDENTIAL BUILDING,11228,7002 FT HAMILTON PARKWAY,FT HAMILTON PARKWAY,,,ADDRESS,BROOKLYN,N/A,Closed,,"The Department of Housing Preservation and Development was not able to gain access to your apartment or others in the building to inspect for a lack of heat or hot water. The complaint has been closed. If the condition still exists, please file a new complaint.",2016-10-08T02:14:50.000,10 BROOKLYN,BROOKLYN,980646,168123,Unspecified,BROOKLYN,40.62813459158012,-74.0129836572411,"{'type': 'Point', 'coordinates': [-74.0129836572411, 40.62813459158012]}",,,
34436042,2016-09-29T22:49:16.000,2016-09-30T03:25:31.000,NYPD,New York City Police Department,Noise - Residential,Banging/Pounding,Residential Building/House,10033,247 WADSWORTH AVENUE,WADSWORTH AVENUE,WEST 185 STREET,WEST 186 STREET,ADDRESS,NEW YORK,Precinct,Closed,2016-09-30T06:49:16.000,The Police Department responded to the complaint and took action to fix the condition.,2016-09-30T03:25:31.000,12 MANHATTAN,MANHATTAN,1002795,249892,Unspecified,MANHATTAN,40.85255128587805,-73.93296494740626,"{'type': 'Point', 'coordinates': [-73.93296494740626, 40.85255128587805]}",,,
34431292,2016-09-29T22:48:48.000,2016-09-30T00:00:01.000,DOHMH,Department of Health and Mental Hygiene,Food Poisoning,1 or 2,Restaurant/Bar/Deli/Bakery,11218,709 CHURCH AVENUE,CHURCH AVENUE,EAST 7 STREET,EAST 8 STREET,ADDRESS,BROOKLYN,N/A,Closed,2016-10-13T22:48:50.000,"The Department of Health and Mental Hygiene will review your complaint within 24 hours.  Complaints of this type usually result in complainant contact and/or inspection by the agency. Initial status will be available 14 days after the date of your complaint by calling 311. If you are experiencing medical symptoms, please seek medical attention or consult the NYC Poison Control Center which can be reached through 311.   Please note your Service Request number for future reference.",2016-09-30T11:00:27.000,12 BROOKLYN,BROOKLYN,991802,174483,Unspecified,BROOKLYN,40.645588949443635,-73.97278628444958,"{'type': 'Point', 'coordinates': [-73.97278628444958, 40.645588949443635]}",,,
34435301,2016-09-29T22:48:31.000,2016-10-01T08:43:27.000,DPR,Department of Parks and Recreation,Damaged Tree,Branch or Limb Has Fallen Down,Street,10452,,,,,INTERSECTION,BRONX,N/A,Closed,2016-10-08T07:03:24.000,The Department of Parks and Recreation performed the work necessary to correct the condition.,2016-10-01T08:43:27.000,04 BRONX,BRONX,1005452,243662,Unspecified,BRONX,40.83544578740747,-73.9233803284864,"{'type': 'Point', 'coordinates': [-73.9233803284864, 40.83544578740747]}",JEROME AVENUE,SHAKESPEARE AVENUE,
34436294,2016-09-29T22:48:00.000,2016-10-04T21:00:00.000,DEP,Department of Environmental Protection,Noise,Noise: Construction Before/After Hours (NM1),,11374,63-34 WOODHAVEN BOULEVARD,WOODHAVEN BOULEVARD,63 RD,EVERTON ST,ADDRESS,Rego Park,N/A,Closed,,The Department of Environmental Protection has inspected your complaint and determined that further investigation is required. More information will be available once the condition is resolved. Please visit nyc.gov/311 or call 311 at a later time to check the status of your complaint.,2016-10-04T21:37:00.000,05 QUEENS,QUEENS,1020685,202923,Unspecified,QUEENS,40.72357843536252,-73.86855238237332,"{'type': 'Point', 'coordinates': [-73.86855238237332, 40.72357843536252]}",,,
34432240,2016-09-29T22:47:49.000,2016-09-30T04:28:57.000,NYPD,New York City Police Department,Noise - Residential,Loud Music/Party,Residential Building/House,10009,199 EAST 3 STREET,EAST 3 STREET,AVENUE A,AVENUE B,ADDRESS,NEW YORK,Precinct,Closed,2016-09-30T06:47:49.000,The Police Department responded to the complaint and took action to fix the condition.,2016-09-30T04:28:57.000,03 MANHATTAN,MANHATTAN,988828,202649,Unspecified,MANHATTAN,40.72290022061987,-73.98348398937051,"{'type': 'Point', 'coordinates': [-73.98348398937051, 40.72290022061987]}",,,
34431373,2016-09-29T22:47:37.000,2016-09-29T23:25:10.000,NYPD,New York City Police Department,Noise - Residential,Loud Music/Party,Residential Building/House,10026,228 WEST 116 STREET,WEST 116 STREET,7 AVENUE,8 AVENUE,ADDRESS,NEW YORK,Precinct,Closed,2016-09-30T06:47:37.000,The Police Department responded to the complaint and took action to fix the condition.,2016-09-29T23:25:10.000,10 MANHATTAN,MANHATTAN,997098,232075,Unspecified,MANHATTAN,40.803658846372805,-73.95359214423708,"{'type': 'Point', 'coordinates': [-73.95359214423708, 40.803658846372805]}",,,
34431106,2016-09-29T22:47:19.000,,DOHMH,Department of Health and Mental Hygiene,Smoking,Smoking Violation,Restaurant/Bar/Deli/Bakery,10019,180 CENTRAL PARK SOUTH,CENTRAL PARK SOUTH,AVENUE OF THE AMERICAS,7 AVENUE,ADDRESS,NEW YORK,N/A,Pending,2016-11-05T22:47:19.000,The Department of Health and Mental Hygiene has received and processed your complaint.  The facility will receive an inspection from the Bureau of Food Safety and Community Sanitation.  Inspection results are not published.,2016-09-30T10:40:24.000,05 MANHATTAN,MANHATTAN,990140,218616,Unspecified,MANHATTAN,40.76672486064378,-73.9787367158388,"{'type': 'Point', 'coordinates': [-73.9787367158388, 40.76672486064378]}",,,
34436946,2016-09-29T22:46:17.000,2016-09-30T00:45:39.000,NYPD,New York City Police Department,Noise - Residential,Loud Music/Party,Residential Building/House,10010,220 EAST 23 STREET,EAST 23 STREET,3 AVENUE,2 AVENUE,ADDRESS,NEW YORK,Precinct,Closed,2016-09-30T06:46:17.000,The Police Department responded to the complaint and with the information available observed no evidence of the violation at that time.,2016-09-30T00:45:39.000,06 MANHATTAN,MANHATTAN,989101,208350,Unspecified,MANHATTAN,40.738547923683484,-73.98249497957708,"{'type': 'Point', 'coordinates': [-73.98249497957708, 40.738547923683484]}",,,
34436035,2016-09-29T22:46:00.000,2016-10-04T09:53:00.000,DOT,Department of Transportation,Street Light Condition,Street Light Dayburning,,11415,,,84 RD,TALBOT ST,INTERSECTION,Kew Gardens,N/A,Closed,,Service Request status for this request is available on the Department of Transportationâs website. Please click the âLearn Moreâ link below.,2016-10-04T09:53:00.000,09 QUEENS,QUEENS,1032179,197296,Unspecified,QUEENS,40.708078889047464,-73.8271253001259,"{'type': 'Point', 'coordinates': [-73.8271253001259, 40.708078889047464]}",84 ROAD,TALBOT STREET,
34436884,2016-09-29T22:45:48.000,2016-09-30T02:10:31.000,NYPD,New York City Police Department,Blocked Driveway,No Access,Street/Sidewalk,11214,2311 84 STREET,84 STREET,23 AVENUE,24 AVENUE,ADDRESS,BROOKLYN,Precinct,Closed,2016-09-30T06:45:48.000,The Police Department issued a summons in response to the complaint.,2016-09-30T02:10:31.000,11 BROOKLYN,BROOKLYN,987056,158403,Unspecified,BROOKLYN,40.601455489760426,-73.9898952318521,"{'type': 'Point', 'coordinates': [-73.9898952318521, 40.601455489760426]}",,,
34436236,2016-09-29T22:45:05.000,2016-09-30T00:13:43.000,NYPD,New York City Police Department,Noise - Vehicle,Car/Truck Horn,Street/Sidewalk,10016,,,,,INTERSECTION,NEW YORK,Precinct,Closed,2016-09-30T06:45:05.000,The Police Department responded to the complaint and determined that police action was not necessary.,2016-09-30T00:13:44.000,06 MANHATTAN,MANHATTAN,991563,211767,Unspecified,MANHATTAN,40.74792504202257,-73.9736070430265,"{'type': 'Point', 'coordinates': [-73.9736070430265, 40.74792504202257]}",2 AVENUE,EAST   39 STREET,
34430314,2016-09-29T22:45:00.000,2016-09-30T09:53:00.000,DOT,Department of Transportation,Street Light Condition,Street Light Out,,11691,25-18 CAMP ROAD,CAMP ROAD,CAMP RD,EDGEMERE AVE,INTERSECTION,Far Rockaway,N/A,Closed,,Service Request status for this request is available on the Department of Transportationâs website. Please click the âLearn Moreâ link below.,2016-09-30T09:53:00.000,14 QUEENS,QUEENS,1051003,156635,Unspecified,QUEENS,40.596351747581345,-73.75963190458165,"{'type': 'Point', 'coordinates': [-73.75963190458165, 40.596351747581345]}",CAMP ROAD,EDGEMERE AVENUE,
34434257,2016-09-29T22:45:00.000,2016-10-13T20:30:00.000,DEP,Department of Environmental Protection,Noise,Noise: air condition/ventilation equipment (NV1),,10019,345 WEST   51 STREET,WEST   51 STREET,8 AVE,9 AVE,ADDRESS,NEW YORK,N/A,Closed,,"The Department of Environmental Protection (DEP) didn't observe a violation of the NYC Air or Noise Code at the time of inspection and couldn't issue a summons.  If the problem still exists, please go to nyc.gov/311 or call 311 to file a new Service Request. If you're outside of New York City, please call (212) NEW-YORK (212-639-9675).",2016-10-13T20:30:00.000,04 MANHATTAN,MANHATTAN,987718,217512,Unspecified,MANHATTAN,40.76369594785382,-73.98748086324493,"{'type': 'Point', 'coordinates': [-73.98748086324493, 40.76369594785382]}",,,
34434128,2016-09-29T22:44:40.000,2016-09-30T01:21:59.000,NYPD,New York City Police Department,Noise - Residential,Loud Music/Party,Residential Building/House,10002,49 LUDLOW STREET,LUDLOW STREET,HESTER STREET,GRAND STREET,ADDRESS,NEW YORK,Precinct,Closed,2016-09-30T06:44:40.000,The Police Department reviewed your complaint and provided additional information below.,2016-09-30T01:21:59.000,03 MANHATTAN,MANHATTAN,986962,200310,Unspecified,MANHATTAN,40.716480997685906,-73.99021688362741,"{'type': 'Point', 'coordinates': [-73.99021688362741, 40.716480997685906]}",,,
34431349,2016-09-29T22:44:32.000,2016-09-30T01:44:04.000,NYPD,New York City Police Department,Noise - Residential,Loud Music/Party,Residential Building/House,10011,15 WEST 9 STREET,WEST 9 STREET,5 AVENUE,BEND,ADDRESS,NEW YORK,Precinct,Closed,2016-09-30T06:44:32.000,The Police Department responded to the complaint and with the information available observed no evidence of the violation at that time.,2016-09-30T01:44:04.000,02 MANHATTAN,MANHATTAN,985168,206394,Unspecified,MANHATTAN,40.7331804692419,-73.9966876284845,"{'type': 'Point', 'coordinates': [-73.9966876284845, 40.7331804692419]}",,,
34429822,2016-09-29T22:44:12.000,2016-10-05T13:03:42.000,HPD,Department of Housing Preservation and Development,HEAT/HOT WATER,APARTMENT ONLY,RESIDENTIAL BUILDING,10009,98 ST MARKS PLACE,ST MARKS PLACE,,,ADDRESS,NEW YORK,N/A,Closed,,The Department of Housing Preservation and Development inspected the following conditions. No violations were issued. The complaint has been closed.,2016-10-05T13:03:42.000,03 MANHATTAN,MANHATTAN,988448,204288,Unspecified,MANHATTAN,40.72739906610893,-73.98485388962835,"{'type': 'Point', 'coordinates': [-73.98485388962835, 40.72739906610893]}",,,
40853627,2016-09-29T22:44:09.000,2016-09-30T00:00:00.000,DOB,Department of Buildings,General Construction/Plumbing,Building Permit - None,,,DUFFIELD STREET,DUFFIELD STREET,,,,,N/A,Closed,,"The Department of Buildings attempted to investigate this complaint but could not locate the premises. If the problem still exists, please call 311 and file a new complaint with additional information about how to locate the building. If you are outside of New York City, please call (212) NEW-YORK (212-639-9675).",2016-09-30T00:00:00.000,Unspecified BROOKLYN,BROOKLYN,,,Unspecified,BROOKLYN,,,,,,
34431385,2016-09-29T22:44:05.000,2016-09-29T22:50:50.000,NYPD,New York City Police Department,Noise - Street/Sidewalk,Loud Music/Party,Street/Sidewalk,10026,243 WEST 115 STREET,WEST 115 STREET,7 AVENUE,8 AVENUE,ADDRESS,NEW YORK,Precinct,Closed,2016-09-30T06:44:05.000,The Police Department responded to the complaint and took action to fix the condition.,2016-09-29T22:50:51.000,10 MANHATTAN,MANHATTAN,996937,231847,Unspecified,MANHATTAN,40.803033281694454,-73.95417411799,"{'type': 'Point', 'coordinates': [-73.95417411799, 40.803033281694454]}",,,
34431571,2016-09-29T22:44:00.000,2016-10-07T21:15:00.000,DEP,Department of Environmental Protection,Noise,Noise: Construction Before/After Hours (NM1),,10022,919 THIRD AVENUE,THIRD AVENUE,E 55 ST,E 56 ST,ADDRESS,NEW YORK,N/A,Closed,,"The Department of Environmental Protection (DEP) didn't observe a violation of the NYC Air or Noise Code at the time of inspection and couldn't issue a summons.  If the problem still exists, please go to nyc.gov/311 or call 311 to file a new Service Request. If you're outside of New York City, please call (212) NEW-YORK (212-639-9675).",2016-10-07T21:15:00.000,06 MANHATTAN,MANHATTAN,993023,215852,Unspecified,MANHATTAN,40.759136001913056,-73.96833250581118,"{'type': 'Point', 'coordinates': [-73.96833250581118, 40.759136001913056]}",,,
34430663,2016-09-29T22:44:00.000,2016-10-05T19:24:00.000,DEP,Department of Environmental Protection,Noise,Noise: Construction Before/After Hours (NM1),,10003,,,UNIVERSITY PL,E 8 ST,INTERSECTION,NEW YORK,N/A,Closed,,The Department of Environmental Protection researched this complaint and determined that it could be closed.,2016-10-05T19:24:00.000,02 MANHATTAN,MANHATTAN,985694,205817,Unspecified,MANHATTAN,40.731596675672584,-73.99478981395785,"{'type': 'Point', 'coordinates': [-73.99478981395785, 40.731596675672584]}",UNIVERSITY PLACE,EAST 8 STREET,
34433152,2016-09-29T22:43:53.000,2016-09-29T23:07:01.000,NYPD,New York City Police Department,Noise - Residential,Loud Music/Party,Residential Building/House,11221,524 EVERGREEN AVENUE,EVERGREEN AVENUE,PALMETTO STREET,WOODBINE STREET,ADDRESS,BROOKLYN,Precinct,Closed,2016-09-30T06:43:53.000,The Police Department responded to the complaint and took action to fix the condition.,2016-09-29T23:07:01.000,04 BROOKLYN,BROOKLYN,1007012,191220,Unspecified,BROOKLYN,40.69150222994142,-73.91792038953716,"{'type': 'Point', 'coordinates': [-73.91792038953716, 40.69150222994142]}",,,
34434320,2016-09-29T22:43:12.000,2016-09-30T04:57:16.000,NYPD,New York City Police Department,Illegal Parking,Blocked Hydrant,Street/Sidewalk,10465,254 CALHOUN AVENUE,CALHOUN AVENUE,HARDING AVENUE,LAWTON AVENUE,ADDRESS,BRONX,Precinct,Closed,2016-09-30T06:43:12.000,The Police Department responded to the complaint and with the information available observed no evidence of the violation at that time.,2016-09-30T04:57:16.000,10 BRONX,BRONX,1034586,236897,Unspecified,BRONX,40.81675982995842,-73.81814700670641,"{'type': 'Point', 'coordinates': [-73.81814700670641, 40.81675982995842]}",,,
34436087,2016-09-29T22:42:52.000,2016-09-29T23:43:27.000,NYPD,New York City Police Department,Noise - Commercial,Loud Music/Party,Store/Commercial,10002,159 EAST HOUSTON STREET,EAST HOUSTON STREET,ELDRIDGE STREET,1 AVENUE,ADDRESS,NEW YORK,Precinct,Closed,2016-09-30T06:42:52.000,The Police Department responded to the complaint and with the information available observed no evidence of the violation at that time.,2016-09-29T23:43:27.000,03 MANHATTAN,MANHATTAN,987277,202709,Unspecified,MANHATTAN,40.72306557278975,-73.98907949147022,"{'type': 'Point', 'coordinates': [-73.98907949147022, 40.72306557278975]}",,,
34435469,2016-09-29T22:42:45.000,2016-10-25T16:01:09.000,DPR,Department of Parks and Recreation,Overgrown Tree/Branches,Hitting Building,Street,10459,824 EAST 170 STREET,EAST 170 STREET,BRISTOW STREET,REV JAMES POLITE AVENUE,ADDRESS,BRONX,N/A,Closed,2016-10-29T22:42:45.000,The Department of Parks and Recreation visited the site and inspected the condition. No work is necessary at this time.,2016-10-25T16:01:09.000,03 BRONX,BRONX,1013372,242861,Unspecified,BRONX,40.833224709841325,-73.89476257721367,"{'type': 'Point', 'coordinates': [-73.89476257721367, 40.833224709841325]}",,,
34434363,2016-09-29T22:42:13.000,2016-09-30T02:43:35.000,NYPD,New York City Police Department,Noise - Vehicle,Car/Truck Horn,Street/Sidewalk,11219,47 STREET,47 STREET,15 AVENUE,16 AVENUE,BLOCKFACE,BROOKLYN,Precinct,Closed,2016-09-30T06:42:13.000,The Police Department responded and upon arrival those responsible for the condition were gone.,2016-09-30T02:43:36.000,12 BROOKLYN,BROOKLYN,988289,169830,Unspecified,BROOKLYN,40.632819758336474,-73.98544820386526,"{'type': 'Point', 'coordinates': [-73.98544820386526, 40.632819758336474]}",,,
34433083,2016-09-29T22:42:09.000,2016-09-30T01:38:00.000,NYPD,New York City Police Department,Noise - Residential,Loud Music/Party,Residential Building/House,11206,146 MESEROLE STREET,MESEROLE STREET,MANHATTAN AVENUE,GRAHAM AVENUE,ADDRESS,BROOKLYN,Precinct,Closed,2016-09-30T06:42:09.000,The Police Department reviewed your complaint and provided additional information below.,2016-09-30T01:38:01.000,01 BROOKLYN,BROOKLYN,999812,197229,Unspecified,BROOKLYN,40.7080111167005,-73.94386964505776,"{'type': 'Point', 'coordinates': [-73.94386964505776, 40.7080111167005]}",,,
34436725,2016-09-29T22:41:53.000,2016-09-30T03:19:49.000,NYPD,New York City Police Department,Blocked Driveway,Partial Access,Street/Sidewalk,11417,107-23 107 STREET,107 STREET,107 AVENUE,109 AVENUE,ADDRESS,OZONE PARK,Precinct,Closed,2016-09-30T06:41:53.000,The Police Department responded to the complaint and with the information available observed no evidence of the violation at that time.,2016-09-30T03:19:50.000,10 QUEENS,QUEENS,1030434,187454,Unspecified,QUEENS,40.68107420956725,-73.83348679010426,"{'type': 'Point', 'coordinates': [-73.83348679010426, 40.68107420956725]}",,,
34433241,2016-09-29T22:41:35.000,2016-09-30T00:54:27.000,DHS,Operations Unit - Department of Homeless Services,Homeless Person Assistance,N/A,Street/Sidewalk,10010,225 EAST 26 STREET,EAST 26 STREET,3 AVENUE,2 AVENUE,ADDRESS,NEW YORK,N/A,Closed,2016-09-30T02:52:41.000,"The mobile outreach response team offered services to the individual, but the individual did not accept assistance.",2016-09-30T00:54:27.000,06 MANHATTAN,MANHATTAN,989592,208989,Unspecified,MANHATTAN,40.74030153709773,-73.9807226797676,"{'type': 'Point', 'coordinates': [-73.9807226797676, 40.74030153709773]}",,,
34434298,2016-09-29T22:41:28.000,2016-09-29T23:16:36.000,NYPD,New York City Police Department,Illegal Parking,Blocked Hydrant,Street/Sidewalk,11368,57-36 PENROD STREET,PENROD STREET,MARTENSE AVENUE,OTIS AVENUE,ADDRESS,CORONA,Precinct,Closed,2016-09-30T06:41:28.000,The Police Department responded and upon arrival those responsible for the condition were gone.,2016-09-29T23:16:36.000,04 QUEENS,QUEENS,1024107,208765,Unspecified,QUEENS,40.73959851493326,-73.85617214817786,"{'type': 'Point', 'coordinates': [-73.85617214817786, 40.73959851493326]}",,,
34429824,2016-09-29T22:41:27.000,2016-09-30T05:51:02.000,NYPD,New York City Police Department,Disorderly Youth,Playing in Unsuitable Place,Residential Building/House,10453,2078 MORRIS AVENUE,MORRIS AVENUE,EAST BURNSIDE AVENUE,EAST 181 STREET,ADDRESS,BRONX,Precinct,Closed,2016-09-30T06:41:27.000,The Police Department responded and upon arrival those responsible for the condition were gone.,2016-09-30T05:51:02.000,05 BRONX,BRONX,1010530,250353,Unspecified,BRONX,40.85379695805137,-73.90500327047464,"{'type': 'Point', 'coordinates': [-73.90500327047464, 40.85379695805137]}",,,
34431634,2016-09-29T22:41:00.000,2016-10-09T00:30:00.000,DEP,Department of Environmental Protection,Water System,Leak (Use Comments) (WA2),,11222,137 ENGERT AVENUE,ENGERT AVENUE,MC GUINNESS BLVD SOUTH,NEWTON ST,ADDRESS,BROOKLYN,N/A,Closed,,"The Department of Environmental Protection has investigated this complaint and a leak, not a city issue, has been resolved by homeowner.",2016-10-09T00:30:00.000,01 BROOKLYN,BROOKLYN,999450,202200,Unspecified,BROOKLYN,40.72165595026706,-73.94516411325306,"{'type': 'Point', 'coordinates': [-73.94516411325306, 40.72165595026706]}",,,
34430583,2016-09-29T22:40:52.000,2016-09-30T05:50:52.000,NYPD,New York City Police Department,Illegal Parking,Commercial Overnight Parking,Street/Sidewalk,11379,60-36 83 PLACE,83 PLACE,60 AVENUE,ELIOT AVENUE,ADDRESS,MIDDLE VILLAGE,Precinct,Closed,2016-09-30T06:40:52.000,The Police Department issued a summons in response to the complaint.,2016-09-30T05:50:52.000,05 QUEENS,QUEENS,1018487,204342,Unspecified,QUEENS,40.72748202172506,-73.87647494149901,"{'type': 'Point', 'coordinates': [-73.87647494149901, 40.72748202172506]}",,,
34434814,2016-09-29T22:40:14.000,2016-09-30T02:06:11.000,NYPD,New York City Police Department,Blocked Driveway,Partial Access,Street/Sidewalk,11417,79-14 SUTTER AVENUE,SUTTER AVENUE,79 STREET,80 STREET,ADDRESS,OZONE PARK,Precinct,Closed,2016-09-30T06:40:14.000,The Police Department responded to the complaint and with the information available observed no evidence of the violation at that time.,2016-09-30T02:06:11.000,10 QUEENS,QUEENS,1023859,185188,Unspecified,QUEENS,40.674886423525955,-73.85720576918743,"{'type': 'Point', 'coordinates': [-73.85720576918743, 40.674886423525955]}",,,
34440439,2016-09-29T22:39:33.000,2016-11-30T00:00:00.000,DOB,Department of Buildings,Special Projects Inspection Team (SPIT),Illegal Hotel Rooms In Residential Building,,10018,400 WEST   37 STREET,WEST   37 STREET,,,ADDRESS,NEW YORK,N/A,Closed,,"The Department of Buildings determined that the conditions described in this complaint were addressed under another service request number. Click on ""Learn More"" in the ""Did You Know"" section below for more information.",2016-11-30T00:00:00.000,04 MANHATTAN,MANHATTAN,985630,214462,Unspecified,MANHATTAN,40.75532505148259,-73.9950189626292,"{'type': 'Point', 'coordinates': [-73.9950189626292, 40.75532505148259]}",,,
34434789,2016-09-29T22:39:20.000,2016-09-30T02:57:22.000,NYPD,New York City Police Department,Blocked Driveway,No Access,Street/Sidewalk,11354,30-45 LINDEN PLACE,LINDEN PLACE,I 678,31 ROAD,ADDRESS,FLUSHING,Precinct,Closed,2016-09-30T06:39:20.000,The Police Department responded and upon arrival those responsible for the condition were gone.,2016-09-30T02:57:22.000,07 QUEENS,QUEENS,1030528,219939,Unspecified,QUEENS,40.77023697948065,-73.83292449137616,"{'type': 'Point', 'coordinates': [-73.83292449137616, 40.77023697948065]}",,,
34433584,2016-09-29T22:39:11.000,2016-10-12T10:35:49.000,DOT,Department of Transportation,Sidewalk Condition,Blocked - Construction,Sidewalk,11208,,,,,INTERSECTION,BROOKLYN,N/A,Closed,2016-10-09T22:39:11.000,The Department of Transportation inspected the condition you reported and found that the condition meets its standards and/or there is a valid permit to conduct work.,2016-10-12T10:35:49.000,05 BROOKLYN,BROOKLYN,1018954,187344,Unspecified,BROOKLYN,40.68082473770758,-73.87487763503619,"{'type': 'Point', 'coordinates': [-73.87487763503619, 40.68082473770758]}",CHESTNUT STREET,ATLANTIC AVENUE,
34436292,2016-09-29T22:38:59.000,2016-09-30T03:37:05.000,NYPD,New York City Police Department,Illegal Parking,Blocked Hydrant,Street/Sidewalk,11379,73-01 69 AVENUE,69 AVENUE,73 PLACE,75 STREET,ADDRESS,MIDDLE VILLAGE,Precinct,Closed,2016-09-30T06:38:59.000,The Police Department issued a summons in response to the complaint.,2016-09-30T03:37:05.000,05 QUEENS,QUEENS,1018034,197681,Unspecified,QUEENS,40.709200936682535,-73.87814276819333,"{'type': 'Point', 'coordinates': [-73.87814276819333, 40.709200936682535]}",,,
34436245,2016-09-29T22:38:32.000,2016-09-30T01:20:46.000,NYPD,New York City Police Department,Illegal Parking,Blocked Sidewalk,Street/Sidewalk,11357,149-33 23 AVENUE,23 AVENUE,149 STREET,150 STREET,ADDRESS,WHITESTONE,Precinct,Closed,2016-09-30T06:38:32.000,The Police Department issued a summons in response to the complaint.,2016-09-30T01:20:46.000,07 QUEENS,QUEENS,1035106,222793,Unspecified,QUEENS,40.77804529272643,-73.81637517863743,"{'type': 'Point', 'coordinates': [-73.81637517863743, 40.77804529272643]}",,,
42426132,2016-09-29T22:38:28.000,2016-12-06T00:00:00.000,DOB,Department of Buildings,General Construction/Plumbing,Debris - Excessive,,,44-26 PURVES STREET,PURVES STREET,,,,,N/A,Closed,,The Department of Buildings reviewed this complaint and referred it to the Department of Transportation for further action.,2016-12-06T00:00:00.000,Unspecified QUEENS,QUEENS,,,Unspecified,QUEENS,,,,,,
34432873,2016-09-29T22:38:28.000,2016-09-29T23:17:41.000,NYPD,New York City Police Department,Blocked Driveway,Partial Access,Street/Sidewalk,11373,51-08 JUNCTION BOULEVARD,JUNCTION BOULEVARD,51 AVENUE,52 AVENUE,ADDRESS,ELMHURST,Precinct,Closed,2016-09-30T06:38:28.000,The Police Department responded and upon arrival those responsible for the condition were gone.,2016-09-29T23:17:41.000,04 QUEENS,QUEENS,1020961,209197,Unspecified,QUEENS,40.740797864651356,-73.86752241876206,"{'type': 'Point', 'coordinates': [-73.86752241876206, 40.740797864651356]}",,,
34432399,2016-09-29T22:38:00.000,2016-10-01T10:15:00.000,DEP,Department of Environmental Protection,Noise,Noise: air condition/ventilation equipment (NV1),,11102,27-35 CRESCENT STREET,CRESCENT STREET,NEWTOWN AVE,28 AVE,ADDRESS,Astoria,N/A,Closed,,"The Department of Environmental Protection (DEP) didn't observe a violation of the NYC Air or Noise Code at the time of inspection and couldn't issue a summons.  If the problem still exists, please go to nyc.gov/311 or call 311 to file a new Service Request. If you're outside of New York City, please call (212) NEW-YORK (212-639-9675).",2016-10-01T10:15:00.000,01 QUEENS,QUEENS,1005357,219893,Unspecified,QUEENS,40.770206657757846,-73.9237983607424,"{'type': 'Point', 'coordinates': [-73.9237983607424, 40.770206657757846]}",,,
34434988,2016-09-29T22:37:30.000,,DOHMH,Department of Health and Mental Hygiene,Smoking,Smoking Violation,Commercial Building,10019,180 CENTRAL PARK SOUTH,CENTRAL PARK SOUTH,AVENUE OF THE AMERICAS,7 AVENUE,ADDRESS,NEW YORK,N/A,Pending,2016-11-05T22:37:30.000,The Department of Health and Mental Hygiene has received and processed your complaint.  The facility will receive an inspection from the Bureau of Food Safety and Community Sanitation.  Inspection results are not published.,2016-09-30T10:40:23.000,05 MANHATTAN,MANHATTAN,990140,218616,Unspecified,MANHATTAN,40.76672486064378,-73.9787367158388,"{'type': 'Point', 'coordinates': [-73.9787367158388, 40.76672486064378]}",,,
34437113,2016-09-29T22:36:58.000,2016-09-30T05:47:47.000,NYPD,New York City Police Department,Illegal Parking,Double Parked Blocking Vehicle,Street/Sidewalk,11379,60-26 83 PLACE,83 PLACE,60 AVENUE,ELIOT AVENUE,ADDRESS,MIDDLE VILLAGE,Precinct,Closed,2016-09-30T06:36:58.000,The Police Department responded and upon arrival those responsible for the condition were gone.,2016-09-30T05:47:48.000,05 QUEENS,QUEENS,1018454,204375,Unspecified,QUEENS,40.72757272625904,-73.87659383564413,"{'type': 'Point', 'coordinates': [-73.87659383564413, 40.72757272625904]}",,,
34431522,2016-09-29T22:36:11.000,2016-09-30T03:37:05.000,NYPD,New York City Police Department,Illegal Parking,Blocked Sidewalk,Street/Sidewalk,11379,73-01 69 AVENUE,69 AVENUE,73 PLACE,75 STREET,ADDRESS,MIDDLE VILLAGE,Precinct,Closed,2016-09-30T06:36:11.000,The Police Department issued a summons in response to the complaint.,2016-09-30T03:37:05.000,05 QUEENS,QUEENS,1018034,197681,Unspecified,QUEENS,40.709200936682535,-73.87814276819333,"{'type': 'Point', 'coordinates': [-73.87814276819333, 40.709200936682535]}",,,
34436111,2016-09-29T22:36:06.000,2016-09-29T23:09:11.000,NYPD,New York City Police Department,Noise - Street/Sidewalk,Loud Music/Party,Street/Sidewalk,10454,400 BROOK AVENUE,BROOK AVENUE,EAST 143 STREET,EAST 144 STREET,ADDRESS,BRONX,Precinct,Closed,2016-09-30T06:36:06.000,The Police Department responded to the complaint and took action to fix the condition.,2016-09-29T23:09:11.000,01 BRONX,BRONX,1007256,234955,Unspecified,BRONX,40.81154303671623,-73.91689090006788,"{'type': 'Point', 'coordinates': [-73.91689090006788, 40.81154303671623]}",,,
34431434,2016-09-29T22:36:00.000,2016-10-05T09:14:00.000,DEP,Department of Environmental Protection,Noise,"Noise, Barking Dog (NR5)",,10024,41 WEST   86 STREET,WEST   86 STREET,CENTRAL PARK W,COLUMBUS AVE,ADDRESS,NEW YORK,N/A,Closed,,The Department of Environmental Protection determined that this complaint is a duplicate of a previously filed complaint. The original complaint is being addressed.,2016-10-05T09:14:00.000,07 MANHATTAN,MANHATTAN,992299,225630,Unspecified,MANHATTAN,40.785974742824905,-73.97093418370672,"{'type': 'Point', 'coordinates': [-73.97093418370672, 40.785974742824905]}",,,
34432494,2016-09-29T22:36:00.000,2016-10-05T19:45:00.000,DEP,Department of Environmental Protection,Noise,Noise: Construction Before/After Hours (NM1),,10075,20 EAST   79 STREET,EAST   79 STREET,3 AVENUE,2 AVENUE,BLOCKFACE,NEW YORK,N/A,Closed,,The Department of Environmental Protection has inspected your complaint and determined that further investigation is required. More information will be available once the condition is resolved. Please visit nyc.gov/311 or call 311 at a later time to check the status of your complaint.,2016-10-05T22:36:00.000,08 MANHATTAN,MANHATTAN,996388,221199,Unspecified,MANHATTAN,40.77380815129164,-73.95617636606045,"{'type': 'Point', 'coordinates': [-73.95617636606045, 40.77380815129164]}",,,
34432642,2016-09-29T22:35:50.000,2016-09-30T00:17:02.000,DOT,Department of Transportation,Street Condition,Plate Condition - Noisy,Street,10023,,,,,INTERSECTION,NEW YORK,N/A,Closed,2016-10-09T17:43:43.000,"The  Department of Transportation inspected the condition you reported and issued a Corrective Action Repair (CAR) to the contractor or utility company. The responsible party has a maximum of 30 days to correct the condition. If after that time the condition still exists, the Agency may issue the responsible party a summons and/or correct the condition.",2016-09-30T00:11:18.000,07 MANHATTAN,MANHATTAN,987784,222001,Unspecified,MANHATTAN,40.77601705805608,-73.98724024932024,"{'type': 'Point', 'coordinates': [-73.98724024932024, 40.77601705805608]}",WEST END AVENUE,WEST   66 STREET,
34435091,2016-09-29T22:35:22.000,2016-09-30T01:40:58.000,NYPD,New York City Police Department,Noise - Residential,Loud Music/Party,Residential Building/House,10014,14 JONES STREET,JONES STREET,WEST 4 STREET,BLEECKER STREET,ADDRESS,NEW YORK,Precinct,Closed,2016-09-30T06:35:22.000,The Police Department responded to the complaint and with the information available observed no evidence of the violation at that time.,2016-09-30T01:40:58.000,02 MANHATTAN,MANHATTAN,983683,206027,Unspecified,MANHATTAN,40.732173173851336,-74.00204584559738,"{'type': 'Point', 'coordinates': [-74.00204584559738, 40.732173173851336]}",,,
34433335,2016-09-29T22:35:14.000,2016-09-29T23:12:22.000,NYPD,New York City Police Department,Illegal Parking,Posted Parking Sign Violation,Street/Sidewalk,11357,,,,,INTERSECTION,WHITESTONE,Precinct,Closed,2016-09-30T06:35:14.000,The Police Department responded to the complaint and with the information available observed no evidence of the violation at that time.,2016-09-29T23:12:22.000,07 QUEENS,QUEENS,1033266,229409,Unspecified,QUEENS,40.7962148008141,-73.8229705373936,"{'type': 'Point', 'coordinates': [-73.8229705373936, 40.7962148008141]}",147 STREET,3 AVENUE,
34441023,2016-09-29T22:35:00.000,2016-10-01T12:00:00.000,DSNY,Department of Sanitation,Sanitation Condition,15 Street Cond/Dump-Out/Drop-Off,Street,11103,30-52 35 STREET,35 STREET,30 AVENUE,31 AVENUE,ADDRESS,Astoria,DSNY Garage,Closed,,The Department of Sanitation investigated this complaint and found no condition at the location.,2016-10-01T12:00:00.000,01 QUEENS,QUEENS,1006632,217693,Unspecified,QUEENS,40.76416509436201,-73.91920261494737,"{'type': 'Point', 'coordinates': [-73.91920261494737, 40.76416509436201]}",,,
34435923,2016-09-29T22:34:55.000,2016-09-29T23:32:41.000,NYPD,New York City Police Department,Blocked Driveway,No Access,Street/Sidewalk,11234,1851 EAST 38 STREET,EAST 38 STREET,AVENUE R,FILLMORE AVENUE,ADDRESS,BROOKLYN,Precinct,Closed,2016-09-30T06:34:55.000,The Police Department responded to the complaint and with the information available observed no evidence of the violation at that time.,2016-09-29T23:32:41.000,18 BROOKLYN,BROOKLYN,1002984,162640,Unspecified,BROOKLYN,40.61306582753767,-73.93252470812068,"{'type': 'Point', 'coordinates': [-73.93252470812068, 40.61306582753767]}",,,
34434055,2016-09-29T22:34:53.000,2016-09-30T01:38:05.000,NYPD,New York City Police Department,Noise - Park,Loud Music/Party,Park/Playground,10003,,,,,INTERSECTION,NEW YORK,Precinct,Closed,2016-09-30T06:34:53.000,The Police Department responded to the complaint and with the information available observed no evidence of the violation at that time.,2016-09-30T01:38:05.000,02 MANHATTAN,MANHATTAN,985382,206273,Unspecified,MANHATTAN,40.732848329178424,-73.99591548380599,"{'type': 'Point', 'coordinates': [-73.99591548380599, 40.732848329178424]}",EAST    9 STREET,5 AVENUE,
34433976,2016-09-29T22:34:45.000,2016-09-30T01:56:16.000,NYPD,New York City Police Department,Blocked Driveway,Partial Access,Street/Sidewalk,10302,354 HEBERTON AVENUE,HEBERTON AVENUE,POST AVENUE,PALMER AVENUE,ADDRESS,STATEN ISLAND,Precinct,Closed,2016-09-30T06:34:45.000,The Police Department responded to the complaint and with the information available observed no evidence of the violation at that time.,2016-09-30T01:56:16.000,01 STATEN ISLAND,STATEN ISLAND,946969,169724,Unspecified,STATEN ISLAND,40.632451279593006,-74.13431609962014,"{'type': 'Point', 'coordinates': [-74.13431609962014, 40.632451279593006]}",,,
34432345,2016-09-29T22:34:00.000,2016-10-05T11:35:00.000,DEP,Department of Environmental Protection,Noise,"Noise, Barking Dog (NR5)",,10304,72A TOWNSEND AVENUE,TOWNSEND AVENUE,BAY ST,TOMPKINS AVE,ADDRESS,STATEN ISLAND,N/A,Closed,,The Department of Environmental Protection determined that an inspection is not warranted to investigate this complaint at this time and sent a letter to the complainant and/or respondent.,2016-10-05T11:35:00.000,01 STATEN ISLAND,STATEN ISLAND,963881,165234,Unspecified,STATEN ISLAND,40.62018220983081,-74.07337198557221,"{'type': 'Point', 'coordinates': [-74.07337198557221, 40.62018220983081]}",,,
34436783,2016-09-29T22:33:17.000,2016-09-30T03:07:05.000,NYPD,New York City Police Department,Blocked Driveway,No Access,Street/Sidewalk,11220,739 46 STREET,46 STREET,7 AVENUE,8 AVENUE,ADDRESS,BROOKLYN,Precinct,Closed,2016-09-30T06:33:17.000,The Police Department issued a summons in response to the complaint.,2016-09-30T03:07:05.000,07 BROOKLYN,BROOKLYN,983515,173952,Unspecified,BROOKLYN,40.644134658252824,-74.00264852286192,"{'type': 'Point', 'coordinates': [-74.00264852286192, 40.644134658252824]}",,,
34431365,2016-09-29T22:33:10.000,2016-09-30T00:53:23.000,DHS,Operations Unit - Department of Homeless Services,Homeless Person Assistance,N/A,Other,10036,,,,,INTERSECTION,NEW YORK,N/A,Closed,2016-09-30T02:51:52.000,"The mobile outreach response team offered services to the individual, but the individual did not accept assistance.",2016-09-30T00:53:23.000,04 MANHATTAN,MANHATTAN,987078,215157,Unspecified,MANHATTAN,40.75723230481567,-73.98979219054627,"{'type': 'Point', 'coordinates': [-73.98979219054627, 40.75723230481567]}",WEST   42 STREET,8 AVENUE,
34435999,2016-09-29T22:33:00.000,2016-09-30T00:12:39.000,NYPD,New York City Police Department,Noise - Residential,Loud Music/Party,Residential Building/House,10016,245 EAST 30 STREET,EAST 30 STREET,3 AVENUE,2 AVENUE,ADDRESS,NEW YORK,Precinct,Closed,2016-09-30T06:33:00.000,The Police Department responded to the complaint and took action to fix the condition.,2016-09-30T00:12:39.000,06 MANHATTAN,MANHATTAN,990098,209890,Unspecified,MANHATTAN,40.74277423754605,-73.97889592794942,"{'type': 'Point', 'coordinates': [-73.97889592794942, 40.74277423754605]}",,,
34434309,2016-09-29T22:33:00.000,2016-10-05T19:25:00.000,DEP,Department of Environmental Protection,Noise,Noise: Construction Before/After Hours (NM1),,10003,30 EAST    8 STREET,EAST    8 STREET,,,ADDRESS,NEW YORK,N/A,Closed,,The Department of Environmental Protection researched this complaint and determined that it could be closed.,2016-10-05T19:25:00.000,02 MANHATTAN,MANHATTAN,985628,205850,Unspecified,MANHATTAN,40.73168726310841,-73.99502794589611,"{'type': 'Point', 'coordinates': [-73.99502794589611, 40.73168726310841]}",,,
34430494,2016-09-29T22:32:20.000,2016-09-29T23:01:32.000,DHS,Operations Unit - Department of Homeless Services,Homeless Person Assistance,N/A,Street/Sidewalk,10455,,,,,INTERSECTION,BRONX,N/A,Closed,2016-09-30T00:58:16.000,The individual was found and outreach assistance was offered.,2016-09-29T23:01:32.000,01 BRONX,BRONX,1010695,235228,Unspecified,BRONX,40.812282720475295,-73.9044664574376,"{'type': 'Point', 'coordinates': [-73.9044664574376, 40.812282720475295]}",PROSPECT AVENUE,EAST  149 STREET,
34431263,2016-09-29T22:32:19.000,2016-09-30T07:20:28.000,NYPD,New York City Police Department,Noise - Commercial,Loud Music/Party,Club/Bar/Restaurant,11105,,,,,INTERSECTION,ASTORIA,Precinct,Closed,2016-09-30T06:32:19.000,The Police Department responded to the complaint and with the information available observed no evidence of the violation at that time.,2016-09-30T07:20:28.000,01 QUEENS,QUEENS,1009283,221777,Unspecified,QUEENS,40.775367496509595,-73.90961749331873,"{'type': 'Point', 'coordinates': [-73.90961749331873, 40.775367496509595]}",DITMARS BOULEVARD,33 STREET,
34432186,2016-09-29T22:32:09.000,2016-09-29T23:04:46.000,NYPD,New York City Police Department,Noise - Residential,Loud Music/Party,Residential Building/House,10039,231 WEST 149 STREET,WEST 149 STREET,7 AVENUE,8 AVENUE,ADDRESS,NEW YORK,Precinct,Closed,2016-09-30T06:32:09.000,The Police Department responded to the complaint and took action to fix the condition.,2016-09-29T23:04:46.000,10 MANHATTAN,MANHATTAN,1001324,239727,Unspecified,MANHATTAN,40.82465428808968,-73.93830808164087,"{'type': 'Point', 'coordinates': [-73.93830808164087, 40.82465428808968]}",,,
34435647,2016-09-29T22:32:00.000,2016-10-04T12:03:46.000,HPD,Department of Housing Preservation and Development,ELECTRIC,POWER OUTAGE,RESIDENTIAL BUILDING,10458,2490 TIEBOUT AVENUE,TIEBOUT AVENUE,,,ADDRESS,BRONX,N/A,Closed,,The Department of Housing Preservation and Development inspected the following conditions. No violations were issued. The complaint has been closed.,2016-10-04T12:03:46.000,05 BRONX,BRONX,1013300,253224,Unspecified,BRONX,40.86166830768844,-73.89497786374334,"{'type': 'Point', 'coordinates': [-73.89497786374334, 40.86166830768844]}",,,
34436410,2016-09-29T22:31:29.000,2016-10-03T18:06:26.000,DOT,Department of Transportation,Street Condition,Blocked - Construction,Street,11101,44-26 PURVES STREET,PURVES STREET,JACKSON AVENUE,DEAD END,ADDRESS,LONG ISLAND CITY,N/A,Closed,2016-10-09T22:31:29.000,The Department of Transportation inspected the condition you reported and found that the condition meets its standards and/or there is a valid permit to conduct work.,2016-10-03T18:06:26.000,02 QUEENS,QUEENS,1000558,211406,Unspecified,QUEENS,40.74692217434289,-73.94114455231293,"{'type': 'Point', 'coordinates': [-73.94114455231293, 40.74692217434289]}",,,
34430431,2016-09-29T22:31:27.000,2016-09-29T22:50:46.000,NYPD,New York City Police Department,Noise - Street/Sidewalk,Loud Music/Party,Street/Sidewalk,10026,315 WEST 115 STREET,WEST 115 STREET,8 AVENUE,MANHATTAN AVENUE,ADDRESS,NEW YORK,Precinct,Closed,2016-09-30T06:31:27.000,The Police Department responded to the complaint and took action to fix the condition.,2016-09-29T22:50:46.000,10 MANHATTAN,MANHATTAN,996328,232187,Unspecified,MANHATTAN,40.80396734168586,-73.95637323500586,"{'type': 'Point', 'coordinates': [-73.95637323500586, 40.80396734168586]}",,,
34435344,2016-09-29T22:31:00.000,2016-10-07T20:15:00.000,DEP,Department of Environmental Protection,Noise,Noise: Construction Before/After Hours (NM1),,10019,211 WEST   56 STREET,WEST   56 STREET,7 AVE,BROADWAY,ADDRESS,NEW YORK,N/A,Closed,,"The Department of Environmental Protection (DEP) didn't observe a violation of the NYC Air or Noise Code at the time of inspection and couldn't issue a summons.  If the problem still exists, please go to nyc.gov/311 or call 311 to file a new Service Request. If you're outside of New York City, please call (212) NEW-YORK (212-639-9675).",2016-10-07T20:15:00.000,05 MANHATTAN,MANHATTAN,989456,218038,Unspecified,MANHATTAN,40.765138829467396,-73.98120644804382,"{'type': 'Point', 'coordinates': [-73.98120644804382, 40.765138829467396]}",,,
34433253,2016-09-29T22:30:35.000,,DOHMH,Department of Health and Mental Hygiene,Food Establishment,Food Contains Foreign Object,Restaurant/Bar/Deli/Bakery,11385,80-21 MYRTLE AVENUE,MYRTLE AVENUE,80 STREET,81 STREET,ADDRESS,RIDGEWOOD,N/A,Pending,2016-11-05T22:30:35.000,The Department of Health and Mental Hygiene has received and processed your complaint.  All restaurants and mobile food vendors are inspected annually.  Restaurant inspection results can be found on WWW.NYC.GOV or a copy of the inspection can be requested from 311.,2016-09-30T10:45:13.000,05 QUEENS,QUEENS,1020863,195427,Unspecified,QUEENS,40.70300299116192,-73.86795097445707,"{'type': 'Point', 'coordinates': [-73.86795097445707, 40.70300299116192]}",,,
34435730,2016-09-29T22:30:32.000,2016-09-30T05:12:32.000,NYPD,New York City Police Department,Blocked Driveway,No Access,Street/Sidewalk,10458,2983 MARION AVENUE,MARION AVENUE,BEDFORD PARK BOULEVARD,EAST 201 STREET,ADDRESS,BRONX,Precinct,Closed,2016-09-30T06:30:32.000,The Police Department responded and upon arrival those responsible for the condition were gone.,2016-09-30T05:12:32.000,07 BRONX,BRONX,1016492,256085,Unspecified,BRONX,40.86950979674928,-73.88342433017519,"{'type': 'Point', 'coordinates': [-73.88342433017519, 40.86950979674928]}",,,
34432493,2016-09-29T22:30:00.000,2016-10-05T01:45:00.000,DEP,Department of Environmental Protection,Noise,Noise: Construction Equipment (NC1),,11231,163 PRESIDENT STREET,PRESIDENT STREET,HICKS ST,HENRY ST,ADDRESS,BROOKLYN,N/A,Closed,,"The Department of Environmental Protection (DEP) didn't observe a violation of the NYC Air or Noise Code at the time of inspection and couldn't issue a summons.  If the problem still exists, please go to nyc.gov/311 or call 311 to file a new Service Request. If you're outside of New York City, please call (212) NEW-YORK (212-639-9675).",2016-10-05T01:45:00.000,06 BROOKLYN,BROOKLYN,984104,188091,Unspecified,BROOKLYN,40.68294311162599,-74.00052640731289,"{'type': 'Point', 'coordinates': [-74.00052640731289, 40.68294311162599]}",,,
34435328,2016-09-29T22:30:00.000,2016-10-03T14:45:00.000,DEP,Department of Environmental Protection,Noise,Noise: Construction Before/After Hours (NM1),,11415,118-09 83 AVENUE,83 AVENUE,118 ST,BEND,ADDRESS,Kew Gardens,N/A,Closed,,"The Department of Environmental Protection (DEP) didn't observe a violation of the NYC Air or Noise Code at the time of inspection and couldn't issue a summons.  If the problem still exists, please go to nyc.gov/311 or call 311 to file a new Service Request. If you're outside of New York City, please call (212) NEW-YORK (212-639-9675).",2016-10-03T14:45:00.000,09 QUEENS,QUEENS,1030043,197036,Unspecified,QUEENS,40.707376564326395,-73.83483136980472,"{'type': 'Point', 'coordinates': [-73.83483136980472, 40.707376564326395]}",,,
34432374,2016-09-29T22:29:43.000,2016-09-29T22:40:01.000,NYPD,New York City Police Department,Illegal Parking,Unauthorized Bus Layover,Street/Sidewalk,10306,,,,,INTERSECTION,STATEN ISLAND,Precinct,Closed,2016-09-30T06:29:43.000,The Police Department responded to the complaint and took action to fix the condition.,2016-09-29T22:40:01.000,02 STATEN ISLAND,STATEN ISLAND,956665,148562,Unspecified,STATEN ISLAND,40.57440143789189,-74.09929693107453,"{'type': 'Point', 'coordinates': [-74.09929693107453, 40.57440143789189]}",LINCOLN AVENUE,OLD FIELD STREET,
34433084,2016-09-29T22:29:35.000,2016-09-30T03:25:30.000,NYPD,New York City Police Department,Noise - Residential,Loud Music/Party,Residential Building/House,10033,1 BENNETT AVENUE,BENNETT AVENUE,WEST 181 STREET,WEST 184 STREET,ADDRESS,NEW YORK,Precinct,Closed,2016-09-30T06:29:35.000,The Police Department responded to the complaint and took action to fix the condition.,2016-09-30T03:25:31.000,12 MANHATTAN,MANHATTAN,1001815,249227,Unspecified,MANHATTAN,40.850728062663016,-73.93650911771923,"{'type': 'Point', 'coordinates': [-73.93650911771923, 40.850728062663016]}",,,
34432986,2016-09-29T22:29:02.000,2016-09-30T03:56:19.000,NYPD,New York City Police Department,Blocked Driveway,No Access,Street/Sidewalk,10458,2983 MARION AVENUE,MARION AVENUE,BEDFORD PARK BOULEVARD,EAST 201 STREET,ADDRESS,BRONX,Precinct,Closed,2016-09-30T06:29:02.000,The Police Department reviewed your complaint and provided additional information below.,2016-09-30T03:56:19.000,07 BRONX,BRONX,1016492,256085,Unspecified,BRONX,40.86950979674928,-73.88342433017519,"{'type': 'Point', 'coordinates': [-73.88342433017519, 40.86950979674928]}",,,
34439801,2016-09-29T22:29:00.000,2016-10-03T12:00:00.000,DSNY,Department of Sanitation,Dirty Conditions,E3 Dirty Sidewalk,Sidewalk,10010,225 EAST   26 STREET,EAST   26 STREET,3 AVENUE,2 AVENUE,ADDRESS,NEW YORK,N/A,Closed,,The Department of Sanitation investigated this complaint and found no violation at the location.,2016-10-03T12:00:00.000,06 MANHATTAN,MANHATTAN,989592,208989,Unspecified,MANHATTAN,40.74030153709773,-73.9807226797676,"{'type': 'Point', 'coordinates': [-73.9807226797676, 40.74030153709773]}",,,
34435169,2016-09-29T22:28:45.000,2016-09-30T00:54:29.000,NYPD,New York City Police Department,Noise - Street/Sidewalk,Loud Music/Party,Street/Sidewalk,11206,181 JOHNSON AVENUE,JOHNSON AVENUE,GRAHAM AVENUE,HUMBOLDT STREET,ADDRESS,BROOKLYN,Precinct,Closed,2016-09-30T06:28:45.000,The Police Department reviewed your complaint and provided additional information below.,2016-09-30T00:54:29.000,01 BROOKLYN,BROOKLYN,1000161,196734,Unspecified,BROOKLYN,40.70665183825028,-73.94261201199481,"{'type': 'Point', 'coordinates': [-73.94261201199481, 40.70665183825028]}",,,
34436093,2016-09-29T22:28:41.000,2016-09-30T04:38:33.000,NYPD,New York City Police Department,Non-Emergency Police Matter,Other (complaint details),Residential Building/House,11385,78-29 64 STREET,64 STREET,78 AVENUE,80 AVENUE,ADDRESS,RIDGEWOOD,Precinct,Closed,2016-09-30T06:28:41.000,The Police Department responded to the complaint and with the information available observed no evidence of the violation at that time.,2016-09-30T04:38:34.000,05 QUEENS,QUEENS,1014312,193194,Unspecified,QUEENS,40.69689861319318,-73.89158785529403,"{'type': 'Point', 'coordinates': [-73.89158785529403, 40.69689861319318]}",,,
34432492,2016-09-29T22:28:39.000,2016-09-30T00:12:34.000,NYPD,New York City Police Department,Noise - Vehicle,Car/Truck Horn,Street/Sidewalk,10016,300 EAST 39 STREET,EAST 39 STREET,2 AVENUE,QUEENS MIDTOWN TUNNEL APPROACH,ADDRESS,NEW YORK,Precinct,Closed,2016-09-30T06:28:39.000,The Police Department responded to the complaint and determined that police action was not necessary.,2016-09-30T00:12:34.000,06 MANHATTAN,MANHATTAN,991598,211744,Unspecified,MANHATTAN,40.74786188379588,-73.97348075153702,"{'type': 'Point', 'coordinates': [-73.97348075153702, 40.74786188379588]}",,,
34436699,2016-09-29T22:28:38.000,2016-09-29T23:32:40.000,NYPD,New York City Police Department,Blocked Driveway,No Access,Street/Sidewalk,11234,1563 EAST 56 STREET,EAST 56 STREET,MILL LANE,AVENUE O,ADDRESS,BROOKLYN,Precinct,Closed,2016-09-30T06:28:38.000,The Police Department responded to the complaint and with the information available observed no evidence of the violation at that time.,2016-09-29T23:32:40.000,18 BROOKLYN,BROOKLYN,1006214,164226,Unspecified,BROOKLYN,40.61741164988193,-73.92088588378485,"{'type': 'Point', 'coordinates': [-73.92088588378485, 40.61741164988193]}",,,
34431308,2016-09-29T22:28:37.000,2016-09-30T03:25:29.000,NYPD,New York City Police Department,Noise - Residential,Loud Music/Party,Residential Building/House,10040,711 WEST 190 STREET,WEST 190 STREET,BROADWAY,BENNETT AVENUE,ADDRESS,NEW YORK,Precinct,Closed,2016-09-30T06:28:37.000,The Police Department responded to the complaint and took action to fix the condition.,2016-09-30T03:25:29.000,12 MANHATTAN,MANHATTAN,1002795,251357,Unspecified,MANHATTAN,40.8565722730407,-73.93296089464994,"{'type': 'Point', 'coordinates': [-73.93296089464994, 40.8565722730407]}",,,
34434995,2016-09-29T22:28:24.000,2016-09-29T22:55:10.000,NYPD,New York City Police Department,Noise - Street/Sidewalk,Loud Talking,Street/Sidewalk,11357,,,,,INTERSECTION,WHITESTONE,Precinct,Closed,2016-09-30T06:28:24.000,The Police Department responded to the complaint and took action to fix the condition.,2016-09-29T22:55:10.000,07 QUEENS,QUEENS,1033266,229409,Unspecified,QUEENS,40.7962148008141,-73.8229705373936,"{'type': 'Point', 'coordinates': [-73.8229705373936, 40.7962148008141]}",147 STREET,3 AVENUE,
34431695,2016-09-29T22:28:16.000,2016-09-30T03:41:21.000,DOT,Department of Transportation,Street Condition,Blocked - Construction,Street,10016,,,,,INTERSECTION,NEW YORK,N/A,Closed,2016-10-09T22:28:16.000,The Department of Transportation inspected the condition you reported and found that the condition meets its standards and/or there is a valid permit to conduct work.,2016-09-30T03:41:21.000,06 MANHATTAN,MANHATTAN,991591,210258,Unspecified,MANHATTAN,40.743783192311035,-73.97350763680087,"{'type': 'Point', 'coordinates': [-73.97350763680087, 40.743783192311035]}",EAST   34 STREET,1 AVENUE,
34435329,2016-09-29T22:28:00.000,2016-10-06T19:16:00.000,DEP,Department of Environmental Protection,Noise,Noise: Construction Before/After Hours (NM1),,10009,438 EAST   12 STREET,EAST   12 STREET,1 AVE,AVENUE A,ADDRESS,NEW YORK,N/A,Closed,,The Department of Environmental Protection researched this complaint and determined that it could be closed.,2016-10-06T19:16:00.000,03 MANHATTAN,MANHATTAN,989070,205094,Unspecified,MANHATTAN,40.72961102230191,-73.98260917689674,"{'type': 'Point', 'coordinates': [-73.98260917689674, 40.72961102230191]}",,,
34435987,2016-09-29T22:27:38.000,2016-10-02T08:56:41.000,NYPD,New York City Police Department,Blocked Driveway,Partial Access,Street/Sidewalk,11422,254-32 CRAFT AVENUE,CRAFT AVENUE,255 STREET,WELLER LANE,ADDRESS,ROSEDALE,Precinct,Closed,2016-09-30T06:27:38.000,The Police Department reviewed your complaint and provided additional information below.,2016-10-02T08:56:41.000,13 QUEENS,QUEENS,1057843,176310,Unspecified,QUEENS,40.65030110234623,-73.73478767931319,"{'type': 'Point', 'coordinates': [-73.73478767931319, 40.65030110234623]}",,,
34431354,2016-09-29T22:27:33.000,2016-09-30T06:08:14.000,NYPD,New York City Police Department,Noise - Residential,Loud Music/Party,Residential Building/House,11102,25-12 27 STREET,27 STREET,HOYT AVENUE,25 ROAD,ADDRESS,ASTORIA,Precinct,Closed,2016-09-30T06:27:33.000,The Police Department responded to the complaint and with the information available observed no evidence of the violation at that time.,2016-09-30T06:08:14.000,01 QUEENS,QUEENS,1006297,220479,Unspecified,QUEENS,40.77181277988696,-73.92040280105539,"{'type': 'Point', 'coordinates': [-73.92040280105539, 40.77181277988696]}",,,
34433353,2016-09-29T22:27:13.000,2016-09-29T23:17:41.000,NYPD,New York City Police Department,Noise - Commercial,Loud Talking,Club/Bar/Restaurant,11377,49-10 SKILLMAN AVENUE,SKILLMAN AVENUE,49 STREET,50 STREET,ADDRESS,WOODSIDE,Precinct,Closed,2016-09-30T06:27:13.000,This complaint does not fall under the Police Department's jurisdiction.,2016-09-29T23:17:41.000,02 QUEENS,QUEENS,1007794,211154,Unspecified,QUEENS,40.74621419306285,-73.91503077951621,"{'type': 'Point', 'coordinates': [-73.91503077951621, 40.74621419306285]}",,,
34433364,2016-09-29T22:26:57.000,2016-09-30T21:09:54.000,NYPD,New York City Police Department,Blocked Driveway,No Access,Street/Sidewalk,10452,986 OGDEN AVENUE,OGDEN AVENUE,WEST 163 STREET,WEST 164 STREET,ADDRESS,BRONX,Precinct,Closed,2016-09-30T06:26:57.000,The Police Department responded to the complaint and determined that police action was not necessary.,2016-09-30T21:09:54.000,04 BRONX,BRONX,1003720,242565,Unspecified,BRONX,40.83243882792173,-73.9296426019112,"{'type': 'Point', 'coordinates': [-73.9296426019112, 40.83243882792173]}",,,
34434031,2016-09-29T22:26:14.000,2016-09-30T08:43:32.000,NYPD,New York City Police Department,Noise - Residential,Loud Music/Party,Residential Building/House,10474,875 LONGFELLOW AVENUE,LONGFELLOW AVENUE,SENECA AVENUE,GARRISON AVENUE,ADDRESS,BRONX,Precinct,Closed,2016-09-30T06:26:14.000,The Police Department responded to the complaint and with the information available observed no evidence of the violation at that time.,2016-09-30T08:43:32.000,02 BRONX,BRONX,1015832,237869,Unspecified,BRONX,40.81951464905844,-73.88589644618354,"{'type': 'Point', 'coordinates': [-73.88589644618354, 40.81951464905844]}",,,
34431662,2016-09-29T22:25:00.000,2016-10-25T13:00:42.000,DPR,Department of Parks and Recreation,Damaged Tree,Tree Alive - in Poor Condition,Street,10466,1133 EAST 224 STREET,EAST 224 STREET,BEND,SCHIEFFELIN AVENUE,ADDRESS,BRONX,N/A,Closed,2016-10-09T22:25:00.000,The Department of Parks and Recreation performed the work necessary to correct the condition.,2016-10-25T13:00:42.000,12 BRONX,BRONX,1026194,260999,Unspecified,BRONX,40.88295641950738,-73.84831462501559,"{'type': 'Point', 'coordinates': [-73.84831462501559, 40.88295641950738]}",,,
34431635,2016-09-29T22:25:00.000,2016-09-30T02:10:00.000,DEP,Department of Environmental Protection,Water System,Hydrant Running Full (WA4),,10453,2074 WALTON AVENUE,WALTON AVENUE,E BURNSIDE AVE,E 181 ST,ADDRESS,BRONX,N/A,Closed,,"Please call 311 for further information. If you are outside of New York City, please call (212) NEW-YORK (212-639-9675).",2016-09-30T02:10:00.000,05 BRONX,BRONX,1010285,250455,Unspecified,BRONX,40.85407764337407,-73.90588849766239,"{'type': 'Point', 'coordinates': [-73.90588849766239, 40.85407764337407]}",,,
34433210,2016-09-29T22:24:59.000,2016-09-29T23:11:19.000,NYPD,New York City Police Department,Noise - Residential,Banging/Pounding,Residential Building/House,11692,54-49 ALMEDA AVENUE,ALMEDA AVENUE,BEACH 54 STREET,BEACH 58 STREET,ADDRESS,ARVERNE,Precinct,Closed,2016-09-30T06:24:59.000,The Police Department responded to the complaint and with the information available observed no evidence of the violation at that time.,2016-09-29T23:11:19.000,14 QUEENS,QUEENS,1043415,157069,Unspecified,QUEENS,40.59759688921185,-73.78695130198061,"{'type': 'Point', 'coordinates': [-73.78695130198061, 40.59759688921185]}",,,
34433076,2016-09-29T22:24:13.000,2016-09-30T21:58:10.000,NYPD,New York City Police Department,Blocked Driveway,No Access,Street/Sidewalk,,62-7-62-11 64TH STREET,64TH STREET,,,,,Precinct,Closed,2016-09-30T06:24:13.000,The Police Department responded and upon arrival those responsible for the condition were gone.,2016-09-30T21:58:10.000,0 Unspecified,Unspecified,,,Unspecified,Unspecified,,,,,,
34434785,2016-09-29T22:23:58.000,2016-09-29T22:24:46.000,HRA,HRA Benefit Card Replacement,Benefit Card Replacement,Food Stamp,NYC Street Address,,,,,,,,N/A,Closed,,"The Human Resources Administration received your request. If you are eligible for a benefit card replacement, you will receive it in 7 to 10 business days. No further updates will be available by calling 311 or on 311 Online.",,0 Unspecified,Unspecified,,,Unspecified,Unspecified,,,,,,
34432183,2016-09-29T22:23:27.000,2016-09-30T00:14:47.000,NYPD,New York City Police Department,Noise - Residential,Loud Music/Party,Residential Building/House,10032,530 WEST 163 STREET,WEST 163 STREET,ST NICHOLAS AVENUE,BROADWAY,ADDRESS,NEW YORK,Precinct,Closed,2016-09-30T06:23:27.000,The Police Department responded to the complaint and with the information available observed no evidence of the violation at that time.,2016-09-30T00:14:47.000,12 MANHATTAN,MANHATTAN,1000671,244286,Unspecified,MANHATTAN,40.8371686702629,-73.94065634637518,"{'type': 'Point', 'coordinates': [-73.94065634637518, 40.8371686702629]}",,,
34433350,2016-09-29T22:23:21.000,2016-09-29T23:43:26.000,NYPD,New York City Police Department,Illegal Parking,Posted Parking Sign Violation,Street/Sidewalk,11206,150A HART STREET,HART STREET,TOMPKINS AVENUE,THROOP AVENUE,ADDRESS,BROOKLYN,Precinct,Closed,2016-09-30T06:23:21.000,The Police Department issued a summons in response to the complaint.,2016-09-29T23:43:26.000,03 BROOKLYN,BROOKLYN,999423,191965,Unspecified,BROOKLYN,40.69356334668159,-73.94528458274908,"{'type': 'Point', 'coordinates': [-73.94528458274908, 40.69356334668159]}",,,
34430461,2016-09-29T22:23:16.000,2016-09-30T09:10:43.000,NYPD,New York City Police Department,Noise - Residential,Loud Music/Party,Residential Building/House,11105,23-55 31 STREET,31 STREET,23 ROAD,24 AVENUE,ADDRESS,ASTORIA,Precinct,Closed,2016-09-30T06:23:16.000,The Police Department responded and upon arrival those responsible for the condition were gone.,2016-09-30T09:10:43.000,01 QUEENS,QUEENS,1007940,220926,Unspecified,QUEENS,40.77303542703193,-73.91446943787062,"{'type': 'Point', 'coordinates': [-73.91446943787062, 40.77303542703193]}",,,
34435345,2016-09-29T22:23:00.000,2016-09-30T14:00:00.000,DEP,Department of Environmental Protection,Noise,Noise: Construction Before/After Hours (NM1),,11375,,,GROTON ST,68 AVE,INTERSECTION,Forest Hills,N/A,Closed,,The Department of Environmental Protection determined that this complaint is a duplicate of a previously filed complaint. The original complaint is being addressed.,2016-09-30T14:00:00.000,06 QUEENS,QUEENS,1024730,200982,Unspecified,QUEENS,40.71823328077494,-73.85397081667404,"{'type': 'Point', 'coordinates': [-73.85397081667404, 40.71823328077494]}",GROTON STREET,68 AVENUE,
34437031,2016-09-29T22:22:56.000,2016-09-30T00:45:42.000,NYPD,New York City Police Department,Noise - Street/Sidewalk,Loud Music/Party,Street/Sidewalk,10001,144 WEST 27 STREET,WEST 27 STREET,AVENUE OF THE AMERICAS,7 AVENUE,ADDRESS,NEW YORK,Precinct,Closed,2016-09-30T06:22:56.000,The Police Department responded to the complaint and determined that police action was not necessary.,2016-09-30T00:45:42.000,05 MANHATTAN,MANHATTAN,986385,211054,Unspecified,MANHATTAN,40.74597080223622,-73.992294911877,"{'type': 'Point', 'coordinates': [-73.992294911877, 40.74597080223622]}",,,
34430452,2016-09-29T22:22:37.000,2016-09-30T01:35:27.000,NYPD,New York City Police Department,Noise - Residential,Loud Music/Party,Residential Building/House,10014,10 JONES STREET,JONES STREET,WEST 4 STREET,BLEECKER STREET,ADDRESS,NEW YORK,Precinct,Closed,2016-09-30T06:22:37.000,The Police Department responded to the complaint and with the information available observed no evidence of the violation at that time.,2016-09-30T01:35:27.000,02 MANHATTAN,MANHATTAN,983696,206033,Unspecified,MANHATTAN,40.73218964320252,-74.00199893957861,"{'type': 'Point', 'coordinates': [-74.00199893957861, 40.73218964320252]}",,,
34433304,2016-09-29T22:22:31.000,2016-09-29T23:00:30.000,NYPD,New York City Police Department,Illegal Parking,Blocked Hydrant,Street/Sidewalk,11204,WEST 10 STREET,WEST 10 STREET,AVENUE O,AVENUE P,BLOCKFACE,BROOKLYN,Precinct,Closed,2016-09-30T06:22:31.000,The Police Department issued a summons in response to the complaint.,2016-09-29T23:00:30.000,11 BROOKLYN,BROOKLYN,988770,161130,Unspecified,BROOKLYN,40.60893983978397,-73.98372107177022,"{'type': 'Point', 'coordinates': [-73.98372107177022, 40.60893983978397]}",,,
34432389,2016-09-29T22:22:28.000,2016-09-30T01:57:23.000,NYPD,New York City Police Department,Urinating in Public,N/A,Street/Sidewalk,10010,225 EAST 26 STREET,EAST 26 STREET,3 AVENUE,2 AVENUE,ADDRESS,NEW YORK,Precinct,Closed,2016-09-30T06:22:28.000,The Police Department responded to the complaint and took action to fix the condition.,2016-09-30T01:57:24.000,06 MANHATTAN,MANHATTAN,989592,208989,Unspecified,MANHATTAN,40.74030153709773,-73.9807226797676,"{'type': 'Point', 'coordinates': [-73.9807226797676, 40.74030153709773]}",,,
34436175,2016-09-29T22:20:59.000,2016-09-30T04:19:48.000,NYPD,New York City Police Department,Illegal Parking,Blocked Sidewalk,Street/Sidewalk,11228,701 BAY RIDGE PARKWAY,BAY RIDGE PARKWAY,7 AVENUE,FT HAMILTON PARKWAY,ADDRESS,BROOKLYN,Precinct,Closed,2016-09-30T06:20:59.000,The Police Department responded to the complaint and with the information available observed no evidence of the violation at that time.,2016-09-30T04:19:48.000,10 BROOKLYN,BROOKLYN,979355,167519,Unspecified,BROOKLYN,40.626476119328544,-74.0176341351578,"{'type': 'Point', 'coordinates': [-74.0176341351578, 40.626476119328544]}",,,
34436062,2016-09-29T22:20:58.000,2016-09-30T22:24:09.000,HPD,Department of Housing Preservation and Development,HPD Literature Request,The ABCs of Housing,,,,,,,,,N/A,Closed,2016-09-30T22:20:58.000,"The literature will be emailed within 24 hours. If it is not received, please call 311 and submit a new request.",2016-09-29T22:23:51.000,0 Unspecified,Unspecified,,,Unspecified,Unspecified,,,,,,
34431961,2016-09-29T22:20:46.000,2016-09-29T22:55:11.000,NYPD,New York City Police Department,Blocked Driveway,No Access,Street/Sidewalk,11355,137-05 56 AVENUE,56 AVENUE,137 STREET,138 STREET,ADDRESS,FLUSHING,Precinct,Closed,2016-09-30T06:20:46.000,The Police Department responded to the complaint and with the information available observed no evidence of the violation at that time.,2016-09-29T22:55:11.000,07 QUEENS,QUEENS,1031995,212007,Unspecified,QUEENS,40.748457911042145,-73.82768458856091,"{'type': 'Point', 'coordinates': [-73.82768458856091, 40.748457911042145]}",,,
34432093,2016-09-29T22:20:37.000,2016-09-30T03:10:28.000,NYPD,New York City Police Department,Blocked Driveway,Partial Access,Street/Sidewalk,11385,59-18 LINDEN STREET,LINDEN STREET,FOREST AVENUE,60 PLACE,ADDRESS,RIDGEWOOD,Precinct,Closed,2016-09-30T06:20:37.000,The Police Department responded and upon arrival those responsible for the condition were gone.,2016-09-30T03:10:28.000,05 QUEENS,QUEENS,1011032,197453,Unspecified,QUEENS,40.70859909596566,-73.90339952269035,"{'type': 'Point', 'coordinates': [-73.90339952269035, 40.70859909596566]}",,,
34432836,2016-09-29T22:19:51.000,2016-10-07T10:44:39.000,HPD,Department of Housing Preservation and Development,PLUMBING,WATER SUPPLY,RESIDENTIAL BUILDING,11237,221 HIMROD STREET,HIMROD STREET,,,ADDRESS,BROOKLYN,N/A,Closed,,"The Department of Housing Preservation and Development responded to a complaint of no heat or hot water and was advised by a tenant in the building that heat and hot water had been restored. If the condition still exists, please file a new complaint.",2016-10-07T10:44:39.000,04 BROOKLYN,BROOKLYN,1006312,194141,Unspecified,BROOKLYN,40.699521466297945,-73.92043501589184,"{'type': 'Point', 'coordinates': [-73.92043501589184, 40.699521466297945]}",,,
34433007,2016-09-29T22:19:23.000,2016-09-29T23:23:04.000,NYPD,New York City Police Department,Blocked Driveway,No Access,Street/Sidewalk,11368,50-19 104 STREET,104 STREET,CORONA AVENUE,ALSTYNE AVENUE,ADDRESS,CORONA,Precinct,Closed,2016-09-30T06:19:23.000,The Police Department responded to the complaint and with the information available observed no evidence of the violation at that time.,2016-09-29T23:23:04.000,04 QUEENS,QUEENS,1023405,210307,Unspecified,QUEENS,40.74383405115333,-73.85869640280998,"{'type': 'Point', 'coordinates': [-73.85869640280998, 40.74383405115333]}",,,
34430904,2016-09-29T22:19:19.000,2016-10-03T11:12:37.000,DPR,Department of Parks and Recreation,Maintenance or Facility,Rodent Sighting,Park,10021,,,,,,NEW YORK,N/A,Closed,2016-10-09T22:19:19.000,The Department of Parks and Recreation has completed the requested work order and corrected the problem.,2016-10-03T11:12:37.000,Unspecified MANHATTAN,MANHATTAN,,,Central Park,MANHATTAN,,,,,,
34432271,2016-09-29T22:19:00.000,2016-10-03T11:10:00.000,DOT,Department of Transportation,Street Light Condition,Street Light Out,,11212,301 DUMONT AVENUE,DUMONT AVENUE,DUMONT AVE,ROCKAWAY AVE,INTERSECTION,BROOKLYN,N/A,Closed,,Service Request status for this request is available on the Department of Transportationâs website. Please click the âLearn Moreâ link below.,2016-10-03T11:10:00.000,16 BROOKLYN,BROOKLYN,1009411,181238,Unspecified,BROOKLYN,40.664097416327564,-73.90930688560539,"{'type': 'Point', 'coordinates': [-73.90930688560539, 40.664097416327564]}",DUMONT AVENUE,ROCKAWAY AVENUE,
34430724,2016-09-29T22:19:00.000,2016-09-29T22:19:00.000,DEP,Department of Environmental Protection,Water System,Hydrant Running (WC3),,10003,,,5 AVE,W 17 ST,INTERSECTION,NEW YORK,N/A,Closed,,"Please call 311 for further information. If you are outside of New York City, please call (212) NEW-YORK (212-639-9675).",2016-09-29T22:19:00.000,05 MANHATTAN,MANHATTAN,986405,208120,Unspecified,MANHATTAN,40.737917698502024,-73.99222367305754,"{'type': 'Point', 'coordinates': [-73.99222367305754, 40.737917698502024]}",5 AVENUE,WEST 17 STREET,
34436297,2016-09-29T22:19:00.000,2016-09-30T14:00:00.000,DEP,Department of Environmental Protection,Noise,Noise: Jack Hammering (NC2),,11375,68-23 GROTON STREET,GROTON STREET,68 AVE,69 AVE,ADDRESS,Forest Hills,N/A,Closed,,"The Department of Environmental Protection (DEP) didn't observe a violation of the NYC Air or Noise Code at the time of inspection and couldn't issue a summons.  If the problem still exists, please go to nyc.gov/311 or call 311 to file a new Service Request. If you're outside of New York City, please call (212) NEW-YORK (212-639-9675).",2016-09-30T14:00:00.000,06 QUEENS,QUEENS,1024983,200865,Unspecified,QUEENS,40.71791098306805,-73.85305884399229,"{'type': 'Point', 'coordinates': [-73.85305884399229, 40.71791098306805]}",,,
34435070,2016-09-29T22:18:57.000,2016-09-30T14:30:38.000,NYPD,New York City Police Department,Noise - Residential,Loud Music/Party,Residential Building/House,10455,400 EAST 147 STREET,EAST 147 STREET,BERGEN AVENUE,BROOK AVENUE,ADDRESS,BRONX,Precinct,Closed,2016-09-30T06:18:57.000,The Police Department responded to the complaint and with the information available observed no evidence of the violation at that time.,2016-09-30T14:30:38.000,01 BRONX,BRONX,1006792,236099,Unspecified,BRONX,40.81468419248293,-73.9185632555248,"{'type': 'Point', 'coordinates': [-73.9185632555248, 40.81468419248293]}",,,
34437066,2016-09-29T22:18:44.000,2016-09-29T23:32:39.000,NYPD,New York City Police Department,Noise - Residential,Banging/Pounding,Residential Building/House,11210,1085 EAST 43 STREET,EAST 43 STREET,AVENUE I,AVENUE J,ADDRESS,BROOKLYN,Precinct,Closed,2016-09-30T06:18:44.000,The Police Department responded to the complaint but officers were unable to gain entry into the premises.,2016-09-29T23:32:39.000,18 BROOKLYN,BROOKLYN,1002376,168312,Unspecified,BROOKLYN,40.628635545687104,-73.93469934556451,"{'type': 'Point', 'coordinates': [-73.93469934556451, 40.628635545687104]}",,,
34430150,2016-09-29T22:18:37.000,2016-09-29T22:38:53.000,NYPD,New York City Police Department,Blocked Driveway,Partial Access,Street/Sidewalk,11355,138-26 58 AVENUE,58 AVENUE,138 STREET,MAIN STREET,ADDRESS,FLUSHING,Precinct,Closed,2016-09-30T06:18:37.000,The Police Department responded to the complaint and with the information available observed no evidence of the violation at that time.,2016-09-29T22:38:53.000,07 QUEENS,QUEENS,1032230,210887,Unspecified,QUEENS,40.745382526339306,-73.82684444776017,"{'type': 'Point', 'coordinates': [-73.82684444776017, 40.745382526339306]}",,,
34437153,2016-09-29T22:18:33.000,2016-09-30T04:56:11.000,NYPD,New York City Police Department,Illegal Parking,Posted Parking Sign Violation,Street/Sidewalk,10464,30 PILOT STREET,PILOT STREET,DEAD END,CITY ISLAND AVENUE,ADDRESS,BRONX,Precinct,Closed,2016-09-30T06:18:33.000,The Police Department responded to the complaint and took action to fix the condition.,2016-09-30T04:56:11.000,10 BRONX,BRONX,1043380,245690,Unspecified,BRONX,40.84083954283766,-73.78629881997816,"{'type': 'Point', 'coordinates': [-73.78629881997816, 40.84083954283766]}",,,
34434850,2016-09-29T22:18:21.000,2016-09-30T05:00:34.000,NYPD,New York City Police Department,Blocked Driveway,No Access,Street/Sidewalk,10304,505 BRITTON AVENUE,BRITTON AVENUE,STATEN ISLAND EP EB EN TARGEE ST,CLOVE ROAD,ADDRESS,STATEN ISLAND,Precinct,Closed,2016-09-30T06:18:21.000,The Police Department reviewed your complaint and provided additional information below.,2016-09-30T05:00:34.000,02 STATEN ISLAND,STATEN ISLAND,959911,160520,Unspecified,STATEN ISLAND,40.6072332425274,-74.08765548003309,"{'type': 'Point', 'coordinates': [-74.08765548003309, 40.6072332425274]}",,,
34436877,2016-09-29T22:18:03.000,2016-09-30T07:21:43.000,NYPD,New York City Police Department,Noise - Residential,Banging/Pounding,Residential Building/House,11106,33-15 28 STREET,28 STREET,33 AVENUE,34 AVENUE,ADDRESS,ASTORIA,Precinct,Closed,2016-09-30T06:18:03.000,The Police Department responded to the complaint and with the information available observed no evidence of the violation at that time.,2016-09-30T07:21:44.000,01 QUEENS,QUEENS,1004023,216921,Unspecified,QUEENS,40.762052374075004,-73.9286231807412,"{'type': 'Point', 'coordinates': [-73.9286231807412, 40.762052374075004]}",,,
34431297,2016-09-29T22:17:50.000,2016-09-30T01:57:28.000,NYPD,New York City Police Department,Homeless Encampment,N/A,Street/Sidewalk,10010,225 EAST 26 STREET,EAST 26 STREET,3 AVENUE,2 AVENUE,ADDRESS,NEW YORK,Precinct,Closed,2016-09-30T06:17:50.000,The Police Department responded to the complaint and took action to fix the condition.,2016-09-30T01:57:28.000,06 MANHATTAN,MANHATTAN,989592,208989,Unspecified,MANHATTAN,40.74030153709773,-73.9807226797676,"{'type': 'Point', 'coordinates': [-73.9807226797676, 40.74030153709773]}",,,
34437075,2016-09-29T22:16:51.000,2016-09-30T03:56:18.000,NYPD,New York City Police Department,Noise - Residential,Loud Music/Party,Residential Building/House,10458,2761 DECATUR AVENUE,DECATUR AVENUE,EAST 197 STREET,EAST 198 STREET,ADDRESS,BRONX,Precinct,Closed,2016-09-30T06:16:51.000,The Police Department responded to the complaint and with the information available observed no evidence of the violation at that time.,2016-09-30T03:56:18.000,07 BRONX,BRONX,1015490,254926,Unspecified,BRONX,40.866332300495564,-73.88705260699327,"{'type': 'Point', 'coordinates': [-73.88705260699327, 40.866332300495564]}",,,
34436998,2016-09-29T22:16:42.000,2016-09-30T00:10:22.000,NYPD,New York City Police Department,Noise - Residential,Banging/Pounding,Residential Building/House,10452,1340 MERRIAM AVENUE,MERRIAM AVENUE,WEST 169 STREET,WEST 170 STREET,ADDRESS,BRONX,Precinct,Closed,2016-09-30T06:16:42.000,The Police Department responded to the complaint and with the information available observed no evidence of the violation at that time.,2016-09-30T00:10:22.000,04 BRONX,BRONX,1004777,245766,Unspecified,BRONX,40.84122224911729,-73.92581319920582,"{'type': 'Point', 'coordinates': [-73.92581319920582, 40.84122224911729]}",,,
34432313,2016-09-29T22:16:38.000,2016-09-30T05:42:29.000,NYPD,New York City Police Department,Noise - Residential,Loud Music/Party,Residential Building/House,11367,155-05 71 AVENUE,71 AVENUE,KISSENA BOULEVARD,156 STREET,ADDRESS,FLUSHING,Precinct,Closed,2016-09-30T06:16:38.000,The Police Department responded to the complaint and took action to fix the condition.,2016-09-30T05:42:29.000,08 QUEENS,QUEENS,1035846,205376,Unspecified,QUEENS,40.73023587165977,-73.81383693107006,"{'type': 'Point', 'coordinates': [-73.81383693107006, 40.73023587165977]}",,,
34436014,2016-09-29T22:16:37.000,2016-09-29T22:30:19.000,NYPD,New York City Police Department,Derelict Vehicle,With License Plate,Street/Sidewalk,11357,,,,,INTERSECTION,WHITESTONE,Precinct,Closed,2016-09-30T06:16:37.000,The Police Department responded to the complaint and with the information available observed no evidence of the violation at that time.,2016-09-29T22:30:19.000,07 QUEENS,QUEENS,1041570,221871,Unspecified,QUEENS,40.7754750974247,-73.79304368015849,"{'type': 'Point', 'coordinates': [-73.79304368015849, 40.7754750974247]}",UTOPIA PARKWAY,24 AVENUE,
34437178,2016-09-29T22:16:08.000,2016-09-30T01:36:35.000,NYPD,New York City Police Department,Illegal Parking,Posted Parking Sign Violation,Street/Sidewalk,10314,,,,,INTERSECTION,STATEN ISLAND,Precinct,Closed,2016-09-30T06:16:08.000,The Police Department responded to the complaint and with the information available observed no evidence of the violation at that time.,2016-09-30T01:36:35.000,02 STATEN ISLAND,STATEN ISLAND,940018,155597,Unspecified,STATEN ISLAND,40.593643660620224,-74.15926659367815,"{'type': 'Point', 'coordinates': [-74.15926659367815, 40.593643660620224]}",GADSEN PLACE,SAXON AVENUE,
34430409,2016-09-29T22:15:55.000,2016-09-30T04:28:58.000,NYPD,New York City Police Department,Noise - Residential,Loud Music/Party,Residential Building/House,10003,110 EAST 13 STREET,EAST 13 STREET,4 AVENUE,3 AVENUE,ADDRESS,NEW YORK,Precinct,Closed,2016-09-30T06:15:55.000,The Police Department responded to the complaint and took action to fix the condition.,2016-09-30T04:28:59.000,03 MANHATTAN,MANHATTAN,987191,206443,Unspecified,MANHATTAN,40.73331452087836,-73.98938812173584,"{'type': 'Point', 'coordinates': [-73.98938812173584, 40.73331452087836]}",,,
34431044,2016-09-29T22:15:10.000,2016-10-13T15:19:28.000,HPD,Department of Housing Preservation and Development,UNSANITARY CONDITION,MOLD,RESIDENTIAL BUILDING,10466,4360 BAYCHESTER AVENUE,BAYCHESTER AVENUE,,,ADDRESS,BRONX,N/A,Closed,,The Department of Housing Preservation and Development inspected the following conditions. Violations were issued. Information about specific violations is available at www.nyc.gov/hpd.,2016-10-13T15:19:28.000,12 BRONX,BRONX,1026919,266544,Unspecified,BRONX,40.89817219352304,-73.84565742389341,"{'type': 'Point', 'coordinates': [-73.84565742389341, 40.89817219352304]}",,,
34435309,2016-09-29T22:15:05.000,2016-09-30T15:40:01.000,NYPD,New York City Police Department,Blocked Driveway,No Access,Street/Sidewalk,10469,939 EAST 217 STREET,EAST 217 STREET,BRONXWOOD AVENUE,PAULDING AVENUE,ADDRESS,BRONX,Precinct,Closed,2016-09-30T06:15:05.000,The Police Department responded to the complaint and with the information available observed no evidence of the violation at that time.,2016-09-30T15:40:01.000,12 BRONX,BRONX,1023855,259921,Unspecified,BRONX,40.88000845581424,-73.856779692456,"{'type': 'Point', 'coordinates': [-73.856779692456, 40.88000845581424]}",,,
34439063,2016-09-29T22:15:00.000,2016-10-03T12:00:00.000,DSNY,Department of Sanitation,Dirty Conditions,E2 Receptacle Violation,Sidewalk,10040,97 ARDEN STREET,ARDEN STREET,DONGAN PLACE,BROADWAY,ADDRESS,NEW YORK,DSNY Garage,Closed,,The Department of Sanitation investigated this complaint and found no violation at the location.,2016-10-03T12:00:00.000,12 MANHATTAN,MANHATTAN,1004010,254128,Unspecified,MANHATTAN,40.86417519602294,-73.92856057230655,"{'type': 'Point', 'coordinates': [-73.92856057230655, 40.86417519602294]}",,,
34432202,2016-09-29T22:14:25.000,2016-09-29T23:43:27.000,NYPD,New York City Police Department,Homeless Encampment,N/A,Street/Sidewalk,11217,STERLING PLACE,STERLING PLACE,7 AVENUE,FLATBUSH AVENUE,BLOCKFACE,BROOKLYN,Precinct,Closed,2016-09-30T06:14:25.000,The Police Department responded to the complaint and took action to fix the condition.,2016-09-29T23:43:27.000,06 BROOKLYN,BROOKLYN,991798,185830,Unspecified,BROOKLYN,40.67673396255118,-73.97278799634846,"{'type': 'Point', 'coordinates': [-73.97278799634846, 40.67673396255118]}",,,
34433455,2016-09-29T22:14:00.000,2016-09-29T22:14:00.000,DEP,Department of Environmental Protection,Water System,Leak (Use Comments) (WA2),,11105,26-04 23 AVENUE,23 AVENUE,26 ST,27 ST,ADDRESS,Astoria,N/A,Closed,,"Please call 311 for further information. If you are outside of New York City, please call (212) NEW-YORK (212-639-9675).",2016-09-29T22:14:00.000,01 QUEENS,QUEENS,1007569,222161,Unspecified,QUEENS,40.77642616299447,-73.91580461266146,"{'type': 'Point', 'coordinates': [-73.91580461266146, 40.77642616299447]}",,,
34431182,2016-09-29T22:13:41.000,2016-10-18T13:43:31.000,TLC,Taxi and Limousine Commission,Taxi Complaint,Driver Complaint,,10028,,,,,INTERSECTION,NEW YORK,N/A,Closed,2016-11-14T09:07:25.000,"A representative from the Taxi and Limousine Commission (TLC) called and left a message for you and emailed you but has not been able to get in touch with you to confirm the details of your complaint. As a result, the TLC has closed your complaint. If you would like to have your complaint reopened, please call (212) 676-1046.",2016-10-18T13:43:31.000,08 MANHATTAN,MANHATTAN,996551,223272,Unspecified,MANHATTAN,40.77949776479802,-73.95558406794517,"{'type': 'Point', 'coordinates': [-73.95558406794517, 40.77949776479802]}",EAST   86 STREET,LEXINGTON AVENUE,Other
34432429,2016-09-29T22:12:49.000,2016-09-29T23:43:28.000,NYPD,New York City Police Department,Illegal Parking,Posted Parking Sign Violation,Street/Sidewalk,11205,970 KENT AVENUE,KENT AVENUE,WILLOUGHBY AVENUE,DEKALB AVENUE,ADDRESS,BROOKLYN,Precinct,Closed,2016-09-30T06:12:49.000,The Police Department issued a summons in response to the complaint.,2016-09-29T23:43:28.000,03 BROOKLYN,BROOKLYN,995694,191129,Unspecified,BROOKLYN,40.691274327649964,-73.95873316277968,"{'type': 'Point', 'coordinates': [-73.95873316277968, 40.691274327649964]}",,,
34436941,2016-09-29T22:12:22.000,2016-09-30T00:14:47.000,NYPD,New York City Police Department,Noise - Vehicle,Car/Truck Music,Street/Sidewalk,10032,545 WEST 164 STREET,WEST 164 STREET,ST NICHOLAS AVENUE,BROADWAY,ADDRESS,NEW YORK,Precinct,Closed,2016-09-30T06:12:22.000,The Police Department responded to the complaint and with the information available observed no evidence of the violation at that time.,2016-09-30T00:14:47.000,12 MANHATTAN,MANHATTAN,1000719,244562,Unspecified,MANHATTAN,40.837926120665934,-73.94048220210388,"{'type': 'Point', 'coordinates': [-73.94048220210388, 40.837926120665934]}",,,
34435277,2016-09-29T22:11:54.000,2016-09-29T23:53:02.000,NYPD,New York City Police Department,Illegal Parking,Blocked Hydrant,Street/Sidewalk,10032,559 WEST 164 STREET,WEST 164 STREET,ST NICHOLAS AVENUE,BROADWAY,ADDRESS,NEW YORK,Precinct,Closed,2016-09-30T06:11:54.000,The Police Department responded to the complaint and with the information available observed no evidence of the violation at that time.,2016-09-29T23:53:02.000,12 MANHATTAN,MANHATTAN,1000658,244596,Unspecified,MANHATTAN,40.838019554325456,-73.9407025685327,"{'type': 'Point', 'coordinates': [-73.9407025685327, 40.838019554325456]}",,,
34433796,2016-09-29T22:11:47.000,2016-12-01T09:44:52.000,HPD,Department of Housing Preservation and Development,UNSANITARY CONDITION,PESTS,RESIDENTIAL BUILDING,10456,1112 CARROLL PLACE,CARROLL PLACE,,,ADDRESS,BRONX,N/A,Closed,,The Department of Housing Preservation and Development inspected the following conditions. No violations were issued. The complaint has been closed.,2016-12-01T09:44:52.000,04 BRONX,BRONX,1006746,242407,Unspecified,BRONX,40.83199797423446,-73.91870828982425,"{'type': 'Point', 'coordinates': [-73.91870828982425, 40.83199797423446]}",,,
34434923,2016-09-29T22:11:44.000,2016-10-17T09:41:59.000,HPD,Department of Housing Preservation and Development,WATER LEAK,SLOW LEAK,RESIDENTIAL BUILDING,10458,2350 BEAUMONT AVENUE,BEAUMONT AVENUE,,,ADDRESS,BRONX,N/A,Closed,,"The Department of Housing Preservation and Development was not able to gain access to inspect the following conditions. The complaint has been closed. If the condition still exists, please file a new complaint.",2016-10-17T09:41:59.000,06 BRONX,BRONX,1016068,250101,Unspecified,BRONX,40.85308707262417,-73.88498577031383,"{'type': 'Point', 'coordinates': [-73.88498577031383, 40.85308707262417]}",,,
34432297,2016-09-29T22:11:00.000,2016-09-30T12:00:00.000,DEP,Department of Environmental Protection,Air Quality,Air: Other Air Problem (Use Comments) (AZZ),,11377,,,NORTHERN BLVD,61 ST,INTERSECTION,Woodside,N/A,Closed,,"The Department of Environmental Protection (DEP) didn't observe a violation of the NYC Air or Noise Code at the time of inspection and couldn't issue a summons.  If the problem still exists, please go to nyc.gov/311 or call 311 to file a new Service Request. If you're outside of New York City, please call (212) NEW-YORK (212-639-9675).",2016-09-30T12:00:00.000,01 QUEENS,QUEENS,1011619,213959,Unspecified,QUEENS,40.753902194423326,-73.90121512412604,"{'type': 'Point', 'coordinates': [-73.90121512412604, 40.753902194423326]}",NORTHERN BOULEVARD,61 STREET,
34431558,2016-09-29T22:10:15.000,2016-09-30T03:33:55.000,NYPD,New York City Police Department,Illegal Parking,Blocked Hydrant,Street/Sidewalk,11379,73-01 69 AVENUE,69 AVENUE,73 PLACE,75 STREET,ADDRESS,MIDDLE VILLAGE,Precinct,Closed,2016-09-30T06:10:15.000,The Police Department issued a summons in response to the complaint.,2016-09-30T03:33:55.000,05 QUEENS,QUEENS,1018034,197681,Unspecified,QUEENS,40.709200936682535,-73.87814276819333,"{'type': 'Point', 'coordinates': [-73.87814276819333, 40.709200936682535]}",,,
34430401,2016-09-29T22:10:15.000,2016-09-30T03:25:26.000,NYPD,New York City Police Department,Noise - Residential,Loud Music/Party,Residential Building/House,10034,1781 RIVERSIDE DRIVE,RIVERSIDE DRIVE,HENRY HUDSON PARKWAY ET 17 NB,HENSHAW STREET,ADDRESS,NEW YORK,Precinct,Closed,2016-09-30T06:10:15.000,The Police Department responded to the complaint and took action to fix the condition.,2016-09-30T03:25:26.000,12 MANHATTAN,MANHATTAN,1003358,255069,Unspecified,MANHATTAN,40.866759390133424,-73.93091510011978,"{'type': 'Point', 'coordinates': [-73.93091510011978, 40.866759390133424]}",,,
34436043,2016-09-29T22:10:03.000,2016-09-30T06:05:51.000,NYPD,New York City Police Department,Noise - Residential,Banging/Pounding,Residential Building/House,11101,40-05 VERNON BOULEVARD,VERNON BOULEVARD,40 AVENUE,41 AVENUE,ADDRESS,LONG ISLAND CITY,Precinct,Closed,2016-09-30T06:10:03.000,The Police Department responded to the complaint and took action to fix the condition.,2016-09-30T06:05:51.000,01 QUEENS,QUEENS,999240,215344,Unspecified,QUEENS,40.75773331739229,-73.94589242432106,"{'type': 'Point', 'coordinates': [-73.94589242432106, 40.75773331739229]}",,,
34432254,2016-09-29T22:09:53.000,2016-09-29T23:37:02.000,NYPD,New York City Police Department,Noise - Residential,Loud Music/Party,Residential Building/House,10031,48 SAINT NICHOLAS PLACE,SAINT NICHOLAS PLACE,WEST 152 STREET,WEST 153 STREET,ADDRESS,NEW YORK,Precinct,Closed,2016-09-30T06:09:53.000,The Police Department responded to the complaint and with the information available observed no evidence of the violation at that time.,2016-09-29T23:37:02.000,09 MANHATTAN,MANHATTAN,1000491,241215,Unspecified,MANHATTAN,40.828739994045264,-73.9413142812716,"{'type': 'Point', 'coordinates': [-73.9413142812716, 40.828739994045264]}",,,
34437025,2016-09-29T22:09:00.000,2016-09-30T09:56:00.000,DOT,Department of Transportation,Street Light Condition,Street Light Out,,11429,212-25 102 AVENUE,102 AVENUE,212 ST,213 ST,ADDRESS,Queens Village,N/A,Closed,,Service Request status for this request is available on the Department of Transportationâs website. Please click the âLearn Moreâ link below.,2016-09-30T09:56:00.000,13 QUEENS,QUEENS,1054642,199100,Unspecified,QUEENS,40.7128802281338,-73.74608521803185,"{'type': 'Point', 'coordinates': [-73.74608521803185, 40.7128802281338]}",,,
34434354,2016-09-29T22:08:42.000,2016-09-29T23:05:58.000,NYPD,New York City Police Department,Noise - Commercial,Loud Talking,Club/Bar/Restaurant,11216,305 HALSEY STREET,HALSEY STREET,THROOP AVENUE,MARCUS GARVEY BOULEVARD,ADDRESS,BROOKLYN,Precinct,Closed,2016-09-30T06:08:42.000,The Police Department responded to the complaint and took action to fix the condition.,2016-09-29T23:05:58.000,03 BROOKLYN,BROOKLYN,1000792,188083,Unspecified,BROOKLYN,40.68290569745191,-73.94035735919954,"{'type': 'Point', 'coordinates': [-73.94035735919954, 40.68290569745191]}",,,
34436069,2016-09-29T22:08:37.000,2016-09-29T23:17:39.000,NYPD,New York City Police Department,Noise - Street/Sidewalk,Loud Music/Party,Street/Sidewalk,10032,559 WEST 164 STREET,WEST 164 STREET,ST NICHOLAS AVENUE,BROADWAY,ADDRESS,NEW YORK,Precinct,Closed,2016-09-30T06:08:37.000,The Police Department responded to the complaint and with the information available observed no evidence of the violation at that time.,2016-09-29T23:17:39.000,12 MANHATTAN,MANHATTAN,1000658,244596,Unspecified,MANHATTAN,40.838019554325456,-73.9407025685327,"{'type': 'Point', 'coordinates': [-73.9407025685327, 40.838019554325456]}",,,
34437166,2016-09-29T22:08:31.000,2016-09-30T03:24:10.000,NYPD,New York City Police Department,Illegal Parking,Commercial Overnight Parking,Street/Sidewalk,11379,66-17 77 STREET,77 STREET,JUNIPER VALLEY ROAD,66 ROAD,ADDRESS,MIDDLE VILLAGE,Precinct,Closed,2016-09-30T06:08:31.000,The Police Department issued a summons in response to the complaint.,2016-09-30T03:24:10.000,05 QUEENS,QUEENS,1018302,199820,Unspecified,QUEENS,40.715070949460284,-73.87716528773416,"{'type': 'Point', 'coordinates': [-73.87716528773416, 40.715070949460284]}",,,
34431309,2016-09-29T22:07:47.000,2016-09-30T00:30:49.000,NYPD,New York City Police Department,Noise - Residential,Loud Music/Party,Residential Building/House,11203,5103 CLARENDON ROAD,CLARENDON ROAD,EAST 51 STREET,EAST 52 STREET,ADDRESS,BROOKLYN,Precinct,Closed,2016-09-30T06:07:47.000,The Police Department responded to the complaint and with the information available observed no evidence of the violation at that time.,2016-09-30T00:30:49.000,17 BROOKLYN,BROOKLYN,1004108,174098,Unspecified,BROOKLYN,40.64451316460878,-73.92844262423407,"{'type': 'Point', 'coordinates': [-73.92844262423407, 40.64451316460878]}",,,
34431290,2016-09-29T22:06:53.000,2016-09-29T22:40:03.000,NYPD,New York City Police Department,Noise - Residential,Loud Music/Party,Residential Building/House,10026,1925 7 AVENUE,7 AVENUE,ST NICHOLAS AVENUE,WEST 117 STREET,ADDRESS,NEW YORK,Precinct,Closed,2016-09-30T06:06:53.000,The Police Department responded to the complaint and determined that police action was not necessary.,2016-09-29T22:40:03.000,10 MANHATTAN,MANHATTAN,997445,232003,Unspecified,MANHATTAN,40.80346071478072,-73.95233889822234,"{'type': 'Point', 'coordinates': [-73.95233889822234, 40.80346071478072]}",,,
34433107,2016-09-29T22:06:50.000,2016-09-30T04:29:01.000,NYPD,New York City Police Department,Noise - Residential,Loud Music/Party,Residential Building/House,10003,340 EAST 9 STREET,EAST 9 STREET,2 AVENUE,1 AVENUE,ADDRESS,NEW YORK,Precinct,Closed,2016-09-30T06:06:50.000,The Police Department responded to the complaint and took action to fix the condition.,2016-09-30T04:29:01.000,03 MANHATTAN,MANHATTAN,988071,204776,Unspecified,MANHATTAN,40.72873867796192,-73.98621380393422,"{'type': 'Point', 'coordinates': [-73.98621380393422, 40.72873867796192]}",,,
34434824,2016-09-29T22:06:48.000,2016-09-29T22:53:03.000,NYPD,New York City Police Department,Blocked Driveway,No Access,Street/Sidewalk,11236,637 REMSEN AVENUE,REMSEN AVENUE,CHURCH AVENUE,AVENUE A,ADDRESS,BROOKLYN,Precinct,Closed,2016-09-30T06:06:48.000,The Police Department responded to the complaint and took action to fix the condition.,2016-09-29T22:53:04.000,17 BROOKLYN,BROOKLYN,1006858,176653,Unspecified,BROOKLYN,40.651519490470754,-73.91852456961269,"{'type': 'Point', 'coordinates': [-73.91852456961269, 40.651519490470754]}",,,
34436054,2016-09-29T22:06:28.000,2016-09-29T23:09:08.000,NYPD,New York City Police Department,Noise - Residential,Loud Music/Party,Residential Building/House,10024,173 WEST 83 STREET,WEST 83 STREET,COLUMBUS AVENUE,AMSTERDAM AVENUE,ADDRESS,NEW YORK,Precinct,Closed,2016-09-30T06:06:28.000,The Police Department responded to the complaint and took action to fix the condition.,2016-09-29T23:09:08.000,07 MANHATTAN,MANHATTAN,991040,225398,Unspecified,MANHATTAN,40.78533902170994,-73.97548080417161,"{'type': 'Point', 'coordinates': [-73.97548080417161, 40.78533902170994]}",,,
34440000,2016-09-29T22:06:18.000,2016-10-03T00:00:00.000,DOB,Department of Buildings,Elevator,Elevator - Defective/Not Working,,10455,545 EAST  146 STREET,EAST  146 STREET,,,ADDRESS,BRONX,N/A,Closed,,The Department of Buildings reviewed this complaint and referred it to the New York City Housing Authority for further action.,2016-10-03T00:00:00.000,01 BRONX,BRONX,1007720,235371,Unspecified,BRONX,40.812683619886734,-73.9152132480362,"{'type': 'Point', 'coordinates': [-73.9152132480362, 40.812683619886734]}",,,
34432201,2016-09-29T22:06:07.000,2016-09-29T23:21:58.000,NYPD,New York City Police Department,Homeless Encampment,N/A,Residential Building/House,11208,194 SHERIDAN AVENUE,SHERIDAN AVENUE,LIBERTY AVENUE,GLENMORE AVENUE,ADDRESS,BROOKLYN,Precinct,Closed,2016-09-30T06:06:07.000,The Police Department responded to the complaint and with the information available observed no evidence of the violation at that time.,2016-09-29T23:21:59.000,05 BROOKLYN,BROOKLYN,1021190,186289,Unspecified,BROOKLYN,40.677919956260496,-73.86682171935071,"{'type': 'Point', 'coordinates': [-73.86682171935071, 40.677919956260496]}",,,
34434973,2016-09-29T22:05:29.000,2016-09-30T15:40:02.000,NYPD,New York City Police Department,Noise - Residential,Banging/Pounding,Residential Building/House,10466,664 EAST 223 STREET,EAST 223 STREET,CARPENTER AVENUE,WHITE PLAINS ROAD,ADDRESS,BRONX,Precinct,Closed,2016-09-30T06:05:29.000,The Police Department responded to the complaint and with the information available observed no evidence of the violation at that time.,2016-09-30T15:40:02.000,12 BRONX,BRONX,1022259,262392,Unspecified,BRONX,40.88679758859011,-73.86253714406776,"{'type': 'Point', 'coordinates': [-73.86253714406776, 40.88679758859011]}",,,
34438504,2016-09-29T22:05:12.000,2019-05-05T00:00:00.000,DOB,Department of Buildings,Building/Use,Zoning - Non-Conforming/Illegal Vehicle Storage,,11423,91-15 182 STREET,182 STREET,,,ADDRESS,Hollis,N/A,Closed,,The Department of Buildings investigated this complaint and determined that no further action was necessary.,2019-05-05T00:00:00.000,12 QUEENS,QUEENS,1045424,197900,Unspecified,QUEENS,40.70965506143827,-73.77934671550928,"{'type': 'Point', 'coordinates': [-73.77934671550928, 40.70965506143827]}",,,
34432281,2016-09-29T22:04:58.000,2016-09-30T09:03:16.000,NYPD,New York City Police Department,Noise - Residential,Loud Talking,Residential Building/House,10472,1367 BEACH AVENUE,BEACH AVENUE,MC GRAW AVENUE,CROSS BRONX EXPRESSWAY,ADDRESS,BRONX,Precinct,Closed,2016-09-30T06:04:58.000,The Police Department responded to the complaint and with the information available observed no evidence of the violation at that time.,2016-09-30T09:03:16.000,09 BRONX,BRONX,1021115,243311,Unspecified,BRONX,40.834430902397976,-73.86677946266745,"{'type': 'Point', 'coordinates': [-73.86677946266745, 40.834430902397976]}",,,
34433055,2016-09-29T22:04:53.000,2016-09-29T22:24:54.000,NYPD,New York City Police Department,Noise - Residential,Banging/Pounding,Residential Building/House,11233,320 KINGSBORO 3 WALK,KINGSBORO 3 WALK,PACIFIC STREET,BEAVER PLACE,ADDRESS,BROOKLYN,Precinct,Closed,2016-09-30T06:04:53.000,The Police Department responded to the complaint and took action to fix the condition.,2016-09-29T22:24:54.000,08 BROOKLYN,BROOKLYN,1004842,185506,Unspecified,BROOKLYN,40.675823923542566,-73.9257628522692,"{'type': 'Point', 'coordinates': [-73.9257628522692, 40.675823923542566]}",,,
34435522,2016-09-29T22:04:03.000,2016-09-30T18:10:21.000,NYPD,New York City Police Department,Illegal Parking,Double Parked Blocking Vehicle,Street/Sidewalk,10451,,,,,INTERSECTION,BRONX,Precinct,Closed,2016-09-30T06:04:03.000,The Police Department responded and upon arrival those responsible for the condition were gone.,2016-09-30T18:10:21.000,04 BRONX,BRONX,1005909,240090,Unspecified,BRONX,40.825640566623875,-73.92174035772668,"{'type': 'Point', 'coordinates': [-73.92174035772668, 40.825640566623875]}",EAST  159 STREET,CONCOURSE VILLAGE WEST,
34431567,2016-09-29T22:03:48.000,2016-09-30T07:01:28.000,NYPD,New York City Police Department,Illegal Parking,Blocked Hydrant,Street/Sidewalk,11385,73-55 70 STREET,70 STREET,COOPER AVENUE,CYPRES HILL CEMETERY BOUNDARY,ADDRESS,RIDGEWOOD,Precinct,Closed,2016-09-30T06:03:48.000,The Police Department responded and upon arrival those responsible for the condition were gone.,2016-09-30T07:01:28.000,05 QUEENS,QUEENS,1017372,194636,Unspecified,QUEENS,40.70084563933531,-73.88054554424707,"{'type': 'Point', 'coordinates': [-73.88054554424707, 40.70084563933531]}",,,
34431771,2016-09-29T22:03:40.000,2016-09-30T08:09:03.000,NYPD,New York City Police Department,Non-Emergency Police Matter,Other (complaint details),Street/Sidewalk,11367,,,,,INTERSECTION,FLUSHING,Precinct,Closed,2016-09-30T06:03:40.000,The Police Department responded to the complaint and with the information available observed no evidence of the violation at that time.,2016-09-30T08:09:03.000,08 QUEENS,QUEENS,1031534,204656,Unspecified,QUEENS,40.728283753032265,-73.82940003819037,"{'type': 'Point', 'coordinates': [-73.82940003819037, 40.728283753032265]}",JEWEL AVENUE,136 STREET,
34431375,2016-09-29T22:03:32.000,2016-09-30T01:18:19.000,NYPD,New York City Police Department,Noise - Vehicle,Car/Truck Music,Street/Sidewalk,11416,,,,,INTERSECTION,OZONE PARK,Precinct,Closed,2016-09-30T06:03:32.000,The Police Department reviewed your complaint and provided additional information below.,2016-09-30T01:18:19.000,09 QUEENS,QUEENS,1028906,190036,Unspecified,QUEENS,40.68816903846898,-73.83897876334798,"{'type': 'Point', 'coordinates': [-73.83897876334798, 40.68816903846898]}",105 STREET,97 AVENUE,
34430580,2016-09-29T22:03:15.000,2017-02-22T00:00:00.000,DSNY,Department of Sanitation,Graffiti,Graffiti,Comercial,11368,97-36 43 AVENUE,43 AVENUE,,,ADDRESS,Corona,N/A,Closed,2017-03-09T15:51:10.000,The cleaning crew could not locate the property requiring graffiti removal.,2017-03-22T12:43:34.000,04 QUEENS,QUEENS,1021339,211155,Unspecified,QUEENS,40.7461705021593,-73.86614754995009,"{'type': 'Point', 'coordinates': [-73.86614754995009, 40.7461705021593]}",,,
34434191,2016-09-29T22:03:04.000,2016-09-30T00:09:20.000,NYPD,New York City Police Department,Noise - Street/Sidewalk,Loud Music/Party,Street/Sidewalk,10456,306 EAST 169 STREET,EAST 169 STREET,COLLEGE AVENUE,FINDLAY AVENUE,ADDRESS,BRONX,Precinct,Closed,2016-09-30T06:03:04.000,The Police Department responded to the complaint and with the information available observed no evidence of the violation at that time.,2016-09-30T00:09:20.000,04 BRONX,BRONX,1008667,243467,Unspecified,BRONX,40.834902265413334,-73.91176269627003,"{'type': 'Point', 'coordinates': [-73.91176269627003, 40.834902265413334]}",,,
34431350,2016-09-29T22:03:02.000,2016-09-29T23:25:09.000,NYPD,New York City Police Department,Noise - Residential,Loud Music/Party,Residential Building/House,10026,228 WEST 116 STREET,WEST 116 STREET,7 AVENUE,8 AVENUE,ADDRESS,NEW YORK,Precinct,Closed,2016-09-30T06:03:02.000,The Police Department responded to the complaint and took action to fix the condition.,2016-09-29T23:25:09.000,10 MANHATTAN,MANHATTAN,997098,232075,Unspecified,MANHATTAN,40.803658846372805,-73.95359214423708,"{'type': 'Point', 'coordinates': [-73.95359214423708, 40.803658846372805]}",,,
34436009,2016-09-29T22:02:59.000,2016-09-30T01:36:50.000,NYPD,New York City Police Department,Noise - Vehicle,Car/Truck Music,Street/Sidewalk,11211,344 SOUTH 3 STREET,SOUTH 3 STREET,KEAP STREET,HOOPER STREET,ADDRESS,BROOKLYN,Precinct,Closed,2016-09-30T06:02:59.000,The Police Department reviewed your complaint and provided additional information below.,2016-09-30T01:36:50.000,01 BROOKLYN,BROOKLYN,997127,197671,Unspecified,BROOKLYN,40.70922861683914,-73.95355328578623,"{'type': 'Point', 'coordinates': [-73.95355328578623, 40.70922861683914]}",,,
34432580,2016-09-29T22:02:47.000,2017-08-08T10:01:58.000,DPR,Department of Parks and Recreation,Overgrown Tree/Branches,Hitting Building,Street,10030,230 WEST 137 STREET,WEST 137 STREET,7 AVENUE,8 AVENUE,ADDRESS,NEW YORK,N/A,Closed,2016-10-29T22:02:47.000,The Department of Parks and Recreation inspected and determined the issue was out of its jurisdiction. The condition may be on private property or in an area serviced by another organization.,2017-08-08T10:01:58.000,10 MANHATTAN,MANHATTAN,999793,236956,Unspecified,MANHATTAN,40.81705150372472,-73.94384632020405,"{'type': 'Point', 'coordinates': [-73.94384632020405, 40.81705150372472]}",,,
34429888,2016-09-29T22:02:42.000,2016-09-30T00:17:02.000,DOT,Department of Transportation,Street Condition,Plate Condition - Noisy,Street,10023,,,,,INTERSECTION,NEW YORK,N/A,Closed,2016-10-09T17:43:43.000,"The  Department of Transportation inspected the condition you reported and issued a Corrective Action Repair (CAR) to the contractor or utility company. The responsible party has a maximum of 30 days to correct the condition. If after that time the condition still exists, the Agency may issue the responsible party a summons and/or correct the condition.",2016-09-30T00:11:18.000,07 MANHATTAN,MANHATTAN,987784,222001,Unspecified,MANHATTAN,40.77601705805608,-73.98724024932024,"{'type': 'Point', 'coordinates': [-73.98724024932024, 40.77601705805608]}",WEST END AVENUE,WEST   66 STREET,
34435003,2016-09-29T22:02:33.000,2016-09-30T02:42:31.000,NYPD,New York City Police Department,Blocked Driveway,Partial Access,Street/Sidewalk,11434,115-22 170 STREET,170 STREET,115 AVENUE,116 AVENUE,ADDRESS,JAMAICA,Precinct,Closed,2016-09-30T06:02:33.000,The Police Department responded to the complaint and with the information available observed no evidence of the violation at that time.,2016-09-30T02:42:31.000,12 QUEENS,QUEENS,1045642,190396,Unspecified,QUEENS,40.68905688918768,-73.7786287991893,"{'type': 'Point', 'coordinates': [-73.7786287991893, 40.68905688918768]}",,,
34432321,2016-09-29T22:02:26.000,2016-09-29T22:07:55.000,NYPD,New York City Police Department,Noise - Street/Sidewalk,Loud Talking,Street/Sidewalk,10472,,,,,INTERSECTION,BRONX,Precinct,Closed,2016-09-30T06:02:26.000,The Police Department responded to the complaint and determined that police action was not necessary.,2016-09-29T22:07:55.000,09 BRONX,BRONX,1021357,241672,Unspecified,BRONX,40.829931310404646,-73.86591400513787,"{'type': 'Point', 'coordinates': [-73.86591400513787, 40.829931310404646]}",BEACH AVENUE,GLEASON AVENUE,
34430324,2016-09-29T22:02:07.000,2016-09-30T15:06:33.000,NYPD,New York City Police Department,Noise - Street/Sidewalk,Loud Talking,Street/Sidewalk,11230,294 WEBSTER AVENUE,WEBSTER AVENUE,OCEAN PARKWAY,EAST 8 STREET,ADDRESS,BROOKLYN,Precinct,Closed,2016-09-30T06:02:07.000,The Police Department responded to the complaint and with the information available observed no evidence of the violation at that time.,2016-09-30T15:06:33.000,14 BROOKLYN,BROOKLYN,992486,169918,Unspecified,BROOKLYN,40.63305839169108,-73.97032705539388,"{'type': 'Point', 'coordinates': [-73.97032705539388, 40.63305839169108]}",,,
34439416,2016-09-29T22:02:00.000,2016-09-30T12:00:00.000,DSNY,Department of Sanitation,Sanitation Condition,12 Dead Animals,Sidewalk,10469,3034 KINGSLAND AVENUE,KINGSLAND AVENUE,,,ADDRESS,BRONX,DSNY Garage,Closed,,The vehicle you reported has been removed by the Department of Sanitation.,2016-09-30T12:00:00.000,12 BRONX,BRONX,1028204,256558,Unspecified,BRONX,40.870757484881636,-73.84107485782623,"{'type': 'Point', 'coordinates': [-73.84107485782623, 40.870757484881636]}",,,
34430022,2016-09-29T22:01:53.000,2016-10-12T02:19:15.000,HPD,Department of Housing Preservation and Development,HEAT/HOT WATER,APARTMENT ONLY,RESIDENTIAL BUILDING,11234,1373 EAST   56 STREET,EAST   56 STREET,,,ADDRESS,BROOKLYN,N/A,Closed,,"The Department of Housing Preservation and Development was not able to gain access to your apartment to inspect for a lack of heat or hot water. However, HPD was able to verify that heat or hot water was inadequate by inspecting another apartment and a violation was issued. Information about specific violations is available at www.nyc.gov/hpd.",2016-10-12T02:19:15.000,18 BROOKLYN,BROOKLYN,1006066,166020,Unspecified,BROOKLYN,40.622336170164274,-73.92141318079175,"{'type': 'Point', 'coordinates': [-73.92141318079175, 40.622336170164274]}",,,
34433690,2016-09-29T22:01:53.000,2016-10-12T14:41:35.000,HPD,Department of Housing Preservation and Development,GENERAL,COOKING GAS,RESIDENTIAL BUILDING,11234,1373 EAST   56 STREET,EAST   56 STREET,,,ADDRESS,BROOKLYN,N/A,Closed,,The Department of Housing Preservation and Development inspected the following conditions. No violations were issued. The complaint has been closed.,2016-10-12T14:41:35.000,18 BROOKLYN,BROOKLYN,1006066,166020,Unspecified,BROOKLYN,40.622336170164274,-73.92141318079175,"{'type': 'Point', 'coordinates': [-73.92141318079175, 40.622336170164274]}",,,
34432885,2016-09-29T22:01:52.000,2016-09-29T22:02:10.000,HRA,HRA Benefit Card Replacement,Benefit Card Replacement,Food Stamp,NYC Street Address,,,,,,,,N/A,Closed,,"The Human Resources Administration received your request. If you are eligible for a benefit card replacement, you will receive it in 7 to 10 business days. No further updates will be available by calling 311 or on 311 Online.",,0 Unspecified,Unspecified,,,Unspecified,Unspecified,,,,,,
34431367,2016-09-29T22:01:44.000,2016-09-29T22:33:30.000,DHS,Operations Unit - Department of Homeless Services,Homeless Person Assistance,N/A,Park/Playground,10019,1 COLUMBUS CIRCLE,COLUMBUS CIRCLE,BROADWAY,8 AVENUE,ADDRESS,NEW YORK,N/A,Closed,2016-09-30T00:29:31.000,The mobile outreach response team went to the location provided but could not find the individual that you reported.,2016-09-29T22:33:30.000,05 MANHATTAN,MANHATTAN,989248,218971,Unspecified,MANHATTAN,40.767699792898384,-73.9819566299384,"{'type': 'Point', 'coordinates': [-73.9819566299384, 40.767699792898384]}",,,
34434079,2016-09-29T22:01:42.000,2016-09-29T23:16:34.000,NYPD,New York City Police Department,Noise - Residential,Loud Music/Party,Residential Building/House,11216,1 BREVOORT PLACE,BREVOORT PLACE,FRANKLIN AVENUE,BEDFORD PLACE,ADDRESS,BROOKLYN,Precinct,Closed,2016-09-30T06:01:42.000,The Police Department responded to the complaint and with the information available observed no evidence of the violation at that time.,2016-09-29T23:16:34.000,03 BROOKLYN,BROOKLYN,996654,187016,Unspecified,BROOKLYN,40.67998379137256,-73.95527899425262,"{'type': 'Point', 'coordinates': [-73.95527899425262, 40.67998379137256]}",,,
34430472,2016-09-29T22:01:04.000,2016-09-29T23:17:39.000,NYPD,New York City Police Department,Noise - Street/Sidewalk,Loud Music/Party,Street/Sidewalk,10032,559 WEST 164 STREET,WEST 164 STREET,ST NICHOLAS AVENUE,BROADWAY,ADDRESS,NEW YORK,Precinct,Closed,2016-09-30T06:01:04.000,The Police Department responded to the complaint and with the information available observed no evidence of the violation at that time.,2016-09-29T23:17:39.000,12 MANHATTAN,MANHATTAN,1000658,244596,Unspecified,MANHATTAN,40.838019554325456,-73.9407025685327,"{'type': 'Point', 'coordinates': [-73.9407025685327, 40.838019554325456]}",,,
34433201,2016-09-29T22:00:57.000,2016-10-03T15:04:14.000,DOT,Department of Transportation,Sidewalk Condition,Sidewalk Violation,Sidewalk,11229,427 ALLEN AVENUE,ALLEN AVENUE,GARLAND COURT,KNAPP STREET,ADDRESS,BROOKLYN,N/A,Closed,2016-10-26T15:49:49.000,"The Department of Transportation inspected the condition you reported. You can find additional information in the ""Notes to Customer"" field.",2016-10-03T15:02:46.000,15 BROOKLYN,BROOKLYN,1002867,156034,Unspecified,BROOKLYN,40.5949339552054,-73.93296432163322,"{'type': 'Point', 'coordinates': [-73.93296432163322, 40.5949339552054]}",,,
34436639,2016-09-29T22:00:00.000,2016-10-03T11:03:00.000,DOT,Department of Transportation,Street Light Condition,Street Light Out,,,,,UNION TPKE,QUEENS BLVD,INTERSECTION,,N/A,Closed,,Service Request status for this request is available on the Department of Transportationâs website. Please click the âLearn Moreâ link below.,2016-10-07T10:02:00.000,Unspecified QUEENS,QUEENS,,,Unspecified,QUEENS,,,,UNION TPKE,QUEENS BLVD,
34431827,2016-09-29T22:00:00.000,2016-11-10T09:17:47.000,HPD,Department of Housing Preservation and Development,ELECTRIC,NO LIGHTING,RESIDENTIAL BUILDING,11691,29-22 LEWMAY ROAD,LEWMAY ROAD,,,ADDRESS,Far Rockaway,N/A,Closed,,"The Department of Housing Preservation and Development was not able to gain access to inspect the following conditions. The complaint has been closed. If the condition still exists, please file a new complaint.",2016-11-10T09:17:47.000,14 QUEENS,QUEENS,1050323,155842,Unspecified,QUEENS,40.59418022579841,-73.76208823152652,"{'type': 'Point', 'coordinates': [-73.76208823152652, 40.59418022579841]}",,,
34433258,2016-09-29T22:00:00.000,2016-09-30T00:30:00.000,DOT,Department of Transportation,Traffic Signal Condition,Pedestrian Signal,,,,,AVE OF THE AMERICAS,56 ST W,INTERSECTION,,N/A,Closed,,Service Request status for this request is available on the Department of Transportationâs website. Please click the âLearn Moreâ link below.,2016-09-30T00:30:00.000,Unspecified MANHATTAN,MANHATTAN,,,Unspecified,MANHATTAN,,,,AVE OF THE AMERICAS,56 ST W,
34430649,2016-09-29T22:00:00.000,2016-10-03T23:00:00.000,DEP,Department of Environmental Protection,Noise,Noise: Construction Before/After Hours (NM1),,10003,86 EAST   14 STREET,EAST   14 STREET,4 AVE,IRVING PL,ADDRESS,NEW YORK,N/A,Closed,,The Department of Environmental Protection determined that this complaint is a duplicate of a previously filed complaint. The original complaint is being addressed.,2016-10-03T23:00:00.000,03 MANHATTAN,MANHATTAN,987093,206823,Unspecified,MANHATTAN,40.73435755941017,-73.98974157016029,"{'type': 'Point', 'coordinates': [-73.98974157016029, 40.73435755941017]}",,,
34430949,2016-09-29T22:00:00.000,2016-10-28T10:27:45.000,HPD,Department of Housing Preservation and Development,ELECTRIC,NO LIGHTING,RESIDENTIAL BUILDING,11691,29-22 LEWMAY ROAD,LEWMAY ROAD,,,ADDRESS,Far Rockaway,N/A,Closed,,The Department of Housing Preservation and Development inspected the following conditions. Violations were issued. Information about specific violations is available at www.nyc.gov/hpd.,2016-10-28T10:27:45.000,14 QUEENS,QUEENS,1050323,155842,Unspecified,QUEENS,40.59418022579841,-73.76208823152652,"{'type': 'Point', 'coordinates': [-73.76208823152652, 40.59418022579841]}",,,
34430019,2016-09-29T21:58:54.000,2016-10-06T11:00:43.000,HPD,Department of Housing Preservation and Development,HEAT/HOT WATER,APARTMENT ONLY,RESIDENTIAL BUILDING,11203,699 RUTLAND ROAD,RUTLAND ROAD,,,ADDRESS,BROOKLYN,N/A,Closed,,The Department of Housing Preservation and Development inspected the following conditions. Violations were issued. Information about specific violations is available at www.nyc.gov/hpd.,2016-10-06T11:00:43.000,09 BROOKLYN,BROOKLYN,1001522,179813,Unspecified,BROOKLYN,40.660205011392,-73.93774651558714,"{'type': 'Point', 'coordinates': [-73.93774651558714, 40.660205011392]}",,,
34435346,2016-09-29T21:58:00.000,2016-10-06T01:45:00.000,DEP,Department of Environmental Protection,Noise,Noise: Construction Before/After Hours (NM1),,10011,101 WEST   23 STREET,WEST   23 STREET,AVENUE OF THE AMERICAS,7 AVE,ADDRESS,NEW YORK,N/A,Closed,,The Department of Environmental Protection has inspected your complaint and determined that further investigation is required. More information will be available once the condition is resolved. Please visit nyc.gov/311 or call 311 at a later time to check the status of your complaint.,2016-10-06T22:51:00.000,04 MANHATTAN,MANHATTAN,986127,210007,Unspecified,MANHATTAN,40.74309710770874,-73.9932263107281,"{'type': 'Point', 'coordinates': [-73.9932263107281, 40.74309710770874]}",,,
34435736,2016-09-29T21:58:00.000,2016-09-30T09:54:00.000,DOT,Department of Transportation,Street Light Condition,Street Light Out,,,,,UNION TPKE,QUEENS BLVD,INTERSECTION,,N/A,Closed,,Service Request status for this request is available on the Department of Transportationâs website. Please click the âLearn Moreâ link below.,2016-09-30T09:54:00.000,Unspecified QUEENS,QUEENS,,,Unspecified,QUEENS,,,,UNION TPKE,QUEENS BLVD,
34435629,2016-09-29T21:57:49.000,2016-10-07T10:44:39.000,HPD,Department of Housing Preservation and Development,HEAT/HOT WATER,APARTMENT ONLY,RESIDENTIAL BUILDING,11237,221 HIMROD STREET,HIMROD STREET,,,ADDRESS,BROOKLYN,N/A,Closed,,"The Department of Housing Preservation and Development responded to a complaint of no heat or hot water and was advised by a tenant in the building that heat and hot water had been restored. If the condition still exists, please file a new complaint.",2016-10-07T10:44:39.000,04 BROOKLYN,BROOKLYN,1006312,194141,Unspecified,BROOKLYN,40.699521466297945,-73.92043501589184,"{'type': 'Point', 'coordinates': [-73.92043501589184, 40.699521466297945]}",,,
34437204,2016-09-29T21:57:05.000,2016-09-29T21:57:15.000,HRA,HRA Benefit Card Replacement,Benefit Card Replacement,Medicaid,NYC Street Address,,,,,,,,N/A,Closed,,"The Human Resources Administration received your request. If you are eligible for a benefit card replacement, you will receive it in 7 to 10 business days. No further updates will be available by calling 311 or on 311 Online.",,0 Unspecified,Unspecified,,,Unspecified,Unspecified,,,,,,
34434379,2016-09-29T21:57:00.000,2016-10-03T23:00:00.000,DEP,Department of Environmental Protection,Noise,Noise: Jack Hammering (NC2),,10003,1 IRVING PLACE,IRVING PLACE,E 14 ST,E 15 ST,ADDRESS,NEW YORK,N/A,Closed,,The Department of Environmental Protection determined that this complaint is a duplicate of a previously filed complaint. The original complaint is being addressed.,2016-10-03T23:00:00.000,05 MANHATTAN,MANHATTAN,987378,206719,Unspecified,MANHATTAN,40.734072008817265,-73.98871324972123,"{'type': 'Point', 'coordinates': [-73.98871324972123, 40.734072008817265]}",,,
34434481,2016-09-29T21:56:45.000,2016-10-06T11:00:42.000,HPD,Department of Housing Preservation and Development,HEAT/HOT WATER,APARTMENT ONLY,RESIDENTIAL BUILDING,11203,699 RUTLAND ROAD,RUTLAND ROAD,,,ADDRESS,BROOKLYN,N/A,Closed,,The Department of Housing Preservation and Development inspected the following conditions. Violations were previously issued for these conditions. Information about specific violations is available at www.nyc.gov/hpd.,2016-10-06T11:00:42.000,09 BROOKLYN,BROOKLYN,1001522,179813,Unspecified,BROOKLYN,40.660205011392,-73.93774651558714,"{'type': 'Point', 'coordinates': [-73.93774651558714, 40.660205011392]}",,,
34431949,2016-09-29T21:56:34.000,2016-09-30T15:41:05.000,NYPD,New York City Police Department,Blocked Driveway,No Access,Street/Sidewalk,10467,632 EAST 221 STREET,EAST 221 STREET,CARPENTER AVENUE,WHITE PLAINS ROAD,ADDRESS,BRONX,Precinct,Closed,2016-09-30T05:56:34.000,The Police Department responded to the complaint and with the information available observed no evidence of the violation at that time.,2016-09-30T15:41:05.000,12 BRONX,BRONX,1021907,261935,Unspecified,BRONX,40.885544777548205,-73.8638127502091,"{'type': 'Point', 'coordinates': [-73.8638127502091, 40.885544777548205]}",,,
34432456,2016-09-29T21:56:20.000,2016-09-29T23:27:16.000,NYPD,New York City Police Department,Illegal Parking,Commercial Overnight Parking,Street/Sidewalk,11236,,,,,INTERSECTION,BROOKLYN,Precinct,Closed,2016-09-30T05:56:20.000,The Police Department issued a summons in response to the complaint.,2016-09-29T23:27:16.000,18 BROOKLYN,BROOKLYN,1014013,169480,Unspecified,BROOKLYN,40.631810002330255,-73.89277081915547,"{'type': 'Point', 'coordinates': [-73.89277081915547, 40.631810002330255]}",EAST   93 STREET,SEAVIEW AVENUE,
34432279,2016-09-29T21:56:08.000,2016-09-29T22:40:04.000,NYPD,New York City Police Department,Noise - Street/Sidewalk,Loud Music/Party,Street/Sidewalk,10027,WEST 122ND STREET,WEST 122ND STREET,,,LATLONG,NEW YORK,Precinct,Closed,2016-09-30T05:56:08.000,The Police Department responded to the complaint and with the information available observed no evidence of the violation at that time.,2016-09-29T22:40:04.000,01 MANHATTAN,MANHATTAN,996972,233972,Unspecified,MANHATTAN,40.80886576978624,-73.95404366995201,"{'type': 'Point', 'coordinates': [-73.95404366995201, 40.80886576978624]}",,,
34432034,2016-09-29T21:55:54.000,2016-09-30T01:36:44.000,NYPD,New York City Police Department,Blocked Driveway,Partial Access,Street/Sidewalk,11211,115 AINSLIE STREET,AINSLIE STREET,UNION AVENUE,LORIMER STREET,ADDRESS,BROOKLYN,Precinct,Closed,2016-09-30T05:55:54.000,The Police Department reviewed your complaint and provided additional information below.,2016-09-30T01:36:44.000,01 BROOKLYN,BROOKLYN,998116,198878,Unspecified,BROOKLYN,40.712540049950476,-73.94998352569658,"{'type': 'Point', 'coordinates': [-73.94998352569658, 40.712540049950476]}",,,
34431928,2016-09-29T21:55:51.000,2016-10-27T13:43:01.000,HPD,Department of Housing Preservation and Development,PLUMBING,WATER SUPPLY,RESIDENTIAL BUILDING,11235,3115 BRIGHTON    4 STREET,BRIGHTON    4 STREET,,,ADDRESS,BROOKLYN,N/A,Closed,,The Department of Housing Preservation and Development inspected the following conditions. Violations were issued. Information about specific violations is available at www.nyc.gov/hpd.,2016-10-27T13:43:01.000,13 BROOKLYN,BROOKLYN,994497,149260,Unspecified,BROOKLYN,40.57635430309912,-73.96311309717944,"{'type': 'Point', 'coordinates': [-73.96311309717944, 40.57635430309912]}",,,
34436658,2016-09-29T21:55:51.000,2016-10-27T13:43:01.000,HPD,Department of Housing Preservation and Development,PLUMBING,WATER SUPPLY,RESIDENTIAL BUILDING,11235,3115 BRIGHTON    4 STREET,BRIGHTON    4 STREET,,,ADDRESS,BROOKLYN,N/A,Closed,,The Department of Housing Preservation and Development inspected the following conditions. No violations were issued. The complaint has been closed.,2016-10-27T13:43:01.000,13 BROOKLYN,BROOKLYN,994497,149260,Unspecified,BROOKLYN,40.57635430309912,-73.96311309717944,"{'type': 'Point', 'coordinates': [-73.96311309717944, 40.57635430309912]}",,,
34430435,2016-09-29T21:55:45.000,2016-09-29T23:32:36.000,NYPD,New York City Police Department,Noise - Residential,Banging/Pounding,Residential Building/House,11374,94-11 65 ROAD,65 ROAD,AUSTIN STREET,WETHEROLE STREET,ADDRESS,REGO PARK,Precinct,Closed,2016-09-30T05:55:45.000,The Police Department responded to the complaint and took action to fix the condition.,2016-09-29T23:32:36.000,06 QUEENS,QUEENS,1023138,203832,Unspecified,QUEENS,40.726062973162676,-73.85969738443654,"{'type': 'Point', 'coordinates': [-73.85969738443654, 40.726062973162676]}",,,
34432273,2016-09-29T21:55:31.000,2016-09-30T00:00:01.000,DOHMH,Department of Health and Mental Hygiene,Food Poisoning,1 or 2,Restaurant/Bar/Deli/Bakery,11223,2570 CONEY ISLAND AVENUE,CONEY ISLAND AVENUE,GRAVESEND NECK ROAD,AVENUE W,ADDRESS,BROOKLYN,N/A,Closed,2016-10-13T21:55:31.000,"The Department of Health and Mental Hygiene will review your complaint within 24 hours.  Complaints of this type usually result in complainant contact and/or inspection by the agency. Initial status will be available 14 days after the date of your complaint by calling 311. If you are experiencing medical symptoms, please seek medical attention or consult the NYC Poison Control Center which can be reached through 311.   Please note your Service Request number for future reference.",2016-10-07T11:09:27.000,15 BROOKLYN,BROOKLYN,995113,155753,Unspecified,BROOKLYN,40.594175562357776,-73.96088519865958,"{'type': 'Point', 'coordinates': [-73.96088519865958, 40.594175562357776]}",,,
34434294,2016-09-29T21:55:19.000,2016-09-29T21:56:09.000,TLC,Taxi and Limousine Commission,Taxi Report,Driver Report,,11223,481 KINGSHIGWY,KINGSHIGWY,MC DONALD AVENUE,EAST 2 STREET,ADDRESS,BROOKLYN,N/A,Closed,,Your report has been sent to the Taxi and Limousine Commission (TLC). You are not available to participate in a hearing so TLC cannot take any action against the driver or car service company. No further information will be available for your report.,2016-09-29T21:56:09.000,15 BROOKLYN,BROOKLYN,992083,159420,Unspecified,BROOKLYN,40.604243930327506,-73.97179117752623,"{'type': 'Point', 'coordinates': [-73.97179117752623, 40.604243930327506]}",,,Other
34431334,2016-09-29T21:55:12.000,2016-09-30T00:19:15.000,NYPD,New York City Police Department,Noise - Street/Sidewalk,Loud Talking,Street/Sidewalk,10026,95 WEST 119 STREET,WEST 119 STREET,5 AVENUE,LENOX AVENUE,ADDRESS,NEW YORK,Precinct,Closed,2016-09-30T05:55:12.000,The Police Department responded to the complaint and took action to fix the condition.,2016-09-30T00:19:15.000,10 MANHATTAN,MANHATTAN,998679,232128,Unspecified,MANHATTAN,40.80380187637796,-73.94788135134962,"{'type': 'Point', 'coordinates': [-73.94788135134962, 40.80380187637796]}",,,
40801963,2016-09-29T21:54:39.000,2016-12-07T00:00:00.000,DOB,Department of Buildings,General Construction/Plumbing,Building Permit - None,,,358 EAST 204 STREET,EAST 204 STREET,,,,,N/A,Closed,,The Department of Buildings investigated this complaint and determined that no further action was necessary.,2016-12-07T00:00:00.000,Unspecified BRONX,BRONX,,,Unspecified,BRONX,,,,,,
34432596,2016-09-29T21:54:35.000,2016-10-07T10:21:30.000,DOT,Department of Transportation,Street Sign - Dangling,Street Cleaning - ASP,Street,11435,89-17 SUTPHIN BOULEVARD,SUTPHIN BOULEVARD,89 AVENUE,90 AVENUE,ADDRESS,JAMAICA,N/A,Closed,2016-10-14T09:30:43.000,The Department of Transportation has completed the request or corrected the condition.,2016-10-07T10:21:30.000,12 QUEENS,QUEENS,1037295,195681,Unspecified,QUEENS,40.70361691377846,-73.80868522159207,"{'type': 'Point', 'coordinates': [-73.80868522159207, 40.70361691377846]}",,,
34434365,2016-09-29T21:54:22.000,2016-09-30T00:44:36.000,NYPD,New York City Police Department,Illegal Parking,Blocked Sidewalk,Street/Sidewalk,10463,,,,,INTERSECTION,BRONX,Precinct,Closed,2016-09-30T05:54:22.000,The Police Department issued a summons in response to the complaint.,2016-09-30T00:44:36.000,08 BRONX,BRONX,1009511,260798,Unspecified,BRONX,40.88246825922129,-73.9086473654795,"{'type': 'Point', 'coordinates': [-73.9086473654795, 40.88246825922129]}",WEST  232 STREET,RIVERDALE AVENUE,
34429799,2016-09-29T21:54:08.000,2016-09-30T16:07:09.000,DOT,Department of Transportation,Sidewalk Condition,Sidewalk Grating - Defective,Sidewalk,10012,285 LAFAYETTE STREET,LAFAYETTE STREET,PRINCE STREET,JERSEY STREET,ADDRESS,NEW YORK,N/A,Closed,2016-10-09T21:54:08.000,The Department of Transportation has determined that this issue is not within its jurisdiction. It has been referred to the Metropolitan Transportation Authority.,2016-09-30T16:07:09.000,02 MANHATTAN,MANHATTAN,985331,203095,Unspecified,MANHATTAN,40.724125501137536,-73.99610001405766,"{'type': 'Point', 'coordinates': [-73.99610001405766, 40.724125501137536]}",,,
34432827,2016-09-29T21:54:00.000,2016-09-30T21:11:00.000,DOT,Department of Transportation,Street Light Condition,Street Light Out,,,,,HEATH AVE,230 ST W,INTERSECTION,,N/A,Closed,,Service Request status for this request is available on the Department of Transportationâs website. Please click the âLearn Moreâ link below.,2016-09-30T21:11:00.000,Unspecified BRONX,BRONX,,,Unspecified,BRONX,,,,HEATH AVE,230 ST W,
34435161,2016-09-29T21:52:59.000,2016-09-30T14:49:33.000,NYPD,New York City Police Department,Noise - Residential,Loud Music/Party,Residential Building/House,10474,839 HUNTS POINT AVENUE,HUNTS POINT AVENUE,GILBERT PLACE,SENECA AVENUE,ADDRESS,BRONX,Precinct,Closed,2016-09-30T05:52:59.000,The Police Department responded to the complaint and with the information available observed no evidence of the violation at that time.,2016-09-30T14:49:33.000,02 BRONX,BRONX,1015056,237248,Unspecified,BRONX,40.81781292044915,-73.88870292742517,"{'type': 'Point', 'coordinates': [-73.88870292742517, 40.81781292044915]}",,,
34436241,2016-09-29T21:52:49.000,2016-09-30T03:58:28.000,NYPD,New York City Police Department,Illegal Parking,Blocked Sidewalk,Street/Sidewalk,11427,88-33 RANSOM STREET,RANSOM STREET,88 AVENUE,222 STREET,ADDRESS,QUEENS VILLAGE,Precinct,Closed,2016-09-30T05:52:49.000,The Police Department responded and upon arrival those responsible for the condition were gone.,2016-09-30T03:58:28.000,13 QUEENS,QUEENS,1057729,205258,Unspecified,QUEENS,40.729757275264376,-73.73488277222764,"{'type': 'Point', 'coordinates': [-73.73488277222764, 40.729757275264376]}",,,
34433171,2016-09-29T21:52:45.000,2016-09-30T03:25:23.000,NYPD,New York City Police Department,Noise - Vehicle,Car/Truck Music,Street/Sidewalk,10033,556 WEST 180 STREET,WEST 180 STREET,AUDUBON AVENUE,ST NICHOLAS AVENUE,ADDRESS,NEW YORK,Precinct,Closed,2016-09-30T05:52:45.000,The Police Department responded and upon arrival those responsible for the condition were gone.,2016-09-30T03:25:23.000,12 MANHATTAN,MANHATTAN,1002666,248335,Unspecified,MANHATTAN,40.84827805311061,-73.93343552336337,"{'type': 'Point', 'coordinates': [-73.93343552336337, 40.84827805311061]}",,,
34431279,2016-09-29T21:52:31.000,2016-09-29T22:00:13.000,NYPD,New York City Police Department,Noise - Commercial,Loud Talking,Store/Commercial,10472,1207 BEACH AVENUE,BEACH AVENUE,GLEASON AVENUE,WESTCHESTER AVENUE,ADDRESS,BRONX,Precinct,Closed,2016-09-30T05:52:31.000,The Police Department responded to the complaint and determined that police action was not necessary.,2016-09-29T22:00:13.000,09 BRONX,BRONX,1021327,241829,Unspecified,BRONX,40.83036235589997,-73.86602154214397,"{'type': 'Point', 'coordinates': [-73.86602154214397, 40.83036235589997]}",,,
34435057,2016-09-29T21:52:26.000,2016-09-29T22:48:39.000,NYPD,New York City Police Department,Noise - Residential,Banging/Pounding,Residential Building/House,11355,137-75 GERANIUM AVENUE,GERANIUM AVENUE,COLDEN STREET,KISSENA BOULEVARD,ADDRESS,FLUSHING,Precinct,Closed,2016-09-30T05:52:26.000,The Police Department responded to the complaint and with the information available observed no evidence of the violation at that time.,2016-09-29T22:48:39.000,07 QUEENS,QUEENS,1033573,212624,Unspecified,QUEENS,40.75014275617199,-73.82198495419226,"{'type': 'Point', 'coordinates': [-73.82198495419226, 40.75014275617199]}",,,
34436641,2016-09-29T21:52:13.000,2016-10-03T11:18:45.000,HPD,Department of Housing Preservation and Development,PLUMBING,BATHTUB/SHOWER,RESIDENTIAL BUILDING,10032,3926 BROADWAY,BROADWAY,,,ADDRESS,NEW YORK,N/A,Closed,,The Department of Housing Preservation and Development inspected the following conditions. No violations were issued. The complaint has been closed.,2016-10-03T11:18:45.000,12 MANHATTAN,MANHATTAN,1000446,244848,Unspecified,MANHATTAN,40.83871161234358,-73.94146811381088,"{'type': 'Point', 'coordinates': [-73.94146811381088, 40.83871161234358]}",,,
34436897,2016-09-29T21:52:13.000,2016-09-29T22:38:55.000,NYPD,New York City Police Department,Noise - Residential,Loud Music/Party,Residential Building/House,10013,26 THOMPSON STREET,THOMPSON STREET,GRAND STREET,WATTS STREET,ADDRESS,NEW YORK,Precinct,Closed,2016-09-30T05:52:13.000,The Police Department responded to the complaint and took action to fix the condition.,2016-09-29T22:38:55.000,02 MANHATTAN,MANHATTAN,983067,202654,Unspecified,MANHATTAN,40.722915049889664,-74.0042678996973,"{'type': 'Point', 'coordinates': [-74.0042678996973, 40.722915049889664]}",,,
34430987,2016-09-29T21:52:13.000,2016-10-03T11:18:45.000,HPD,Department of Housing Preservation and Development,HEAT/HOT WATER,APARTMENT ONLY,RESIDENTIAL BUILDING,10032,3926 BROADWAY,BROADWAY,,,ADDRESS,NEW YORK,N/A,Closed,,The Department of Housing Preservation and Development inspected the following conditions. No violations were issued. The complaint has been closed.,2016-10-03T11:18:45.000,12 MANHATTAN,MANHATTAN,1000446,244848,Unspecified,MANHATTAN,40.83871161234358,-73.94146811381088,"{'type': 'Point', 'coordinates': [-73.94146811381088, 40.83871161234358]}",,,
34436643,2016-09-29T21:52:13.000,2016-10-03T11:18:46.000,HPD,Department of Housing Preservation and Development,PLUMBING,BATHTUB/SHOWER,RESIDENTIAL BUILDING,10032,3926 BROADWAY,BROADWAY,,,ADDRESS,NEW YORK,N/A,Closed,,The Department of Housing Preservation and Development inspected the following conditions. No violations were issued. The complaint has been closed.,2016-10-03T11:18:46.000,12 MANHATTAN,MANHATTAN,1000446,244848,Unspecified,MANHATTAN,40.83871161234358,-73.94146811381088,"{'type': 'Point', 'coordinates': [-73.94146811381088, 40.83871161234358]}",,,
34430441,2016-09-29T21:51:43.000,2016-09-30T00:14:49.000,NYPD,New York City Police Department,Noise - Vehicle,Car/Truck Music,Street/Sidewalk,11204,1587 WEST 4 STREET,WEST 4 STREET,AVENUE O,AVENUE P,ADDRESS,BROOKLYN,Precinct,Closed,2016-09-30T05:51:43.000,The Police Department responded to the complaint and determined that police action was not necessary.,2016-09-30T00:14:50.000,11 BROOKLYN,BROOKLYN,990392,161113,Unspecified,BROOKLYN,40.60889220245875,-73.97787940125477,"{'type': 'Point', 'coordinates': [-73.97787940125477, 40.60889220245875]}",,,
34434099,2016-09-29T21:51:19.000,2016-09-29T22:37:49.000,NYPD,New York City Police Department,Noise - Residential,Banging/Pounding,Residential Building/House,10012,159 PRINCE STREET,PRINCE STREET,WEST BROADWAY,THOMPSON STREET,ADDRESS,NEW YORK,Precinct,Closed,2016-09-30T05:51:19.000,The Police Department responded to the complaint and took action to fix the condition.,2016-09-29T22:37:49.000,02 MANHATTAN,MANHATTAN,983898,203765,Unspecified,MANHATTAN,40.72596454753991,-74.00126996571237,"{'type': 'Point', 'coordinates': [-74.00126996571237, 40.72596454753991]}",,,
34437206,2016-09-29T21:51:00.000,2016-10-07T19:15:00.000,DEP,Department of Environmental Protection,Noise,Noise: Construction Before/After Hours (NM1),,10065,419 EAST   66 STREET,EAST   66 STREET,1 AVE,YORK AVE,ADDRESS,NEW YORK,N/A,Closed,,The Department of Environmental Protection (DEP) observed a violation of the NYC Air or Noise Code during the inspection. DEP issued a summons.,2016-10-07T19:15:00.000,08 MANHATTAN,MANHATTAN,995843,217529,Unspecified,MANHATTAN,40.76373568770828,-73.95815039099621,"{'type': 'Point', 'coordinates': [-73.95815039099621, 40.76373568770828]}",,,
34431953,2016-09-29T21:50:59.000,2016-09-29T21:51:04.000,HRA,HRA Benefit Card Replacement,Benefit Card Replacement,Medicaid,NYC Street Address,,,,,,,,N/A,Closed,,"The Human Resources Administration received your request. If you are eligible for a benefit card replacement, you will receive it in 7 to 10 business days. No further updates will be available by calling 311 or on 311 Online.",,0 Unspecified,Unspecified,,,Unspecified,Unspecified,,,,,,
40871809,2016-09-29T21:50:45.000,2017-01-06T00:00:00.000,DOB,Department of Buildings,General Construction/Plumbing,Building Permit - None,,,311 EAST 204 STREET,EAST 204 STREET,,,,,N/A,Closed,,The Department of Buildings investigated this complaint and determined that no further action was necessary.,2017-01-06T00:00:00.000,Unspecified BRONX,BRONX,,,Unspecified,BRONX,,,,,,
34438915,2016-09-29T21:50:45.000,2016-12-29T00:00:00.000,DOB,Department of Buildings,Special Projects Inspection Team (SPIT),Illegal Hotel Rooms In Residential Building,,11235,150 WEST END AVENUE,WEST END AVENUE,,,ADDRESS,BROOKLYN,N/A,Closed,,The Department of Buildings investigated this complaint and determined that no further action was necessary.,2016-12-29T00:00:00.000,15 BROOKLYN,BROOKLYN,997263,149941,Unspecified,BROOKLYN,40.57821988534813,-73.95315480797643,"{'type': 'Point', 'coordinates': [-73.95315480797643, 40.57821988534813]}",,,
34434946,2016-09-29T21:50:06.000,2016-11-14T16:01:39.000,TLC,Taxi and Limousine Commission,Taxi Complaint,Driver Complaint,,10128,525 EAST 88 STREET,EAST 88 STREET,YORK AVENUE,EAST END AVENUE,ADDRESS,NEW YORK,N/A,Closed,2016-11-14T09:07:25.000,A hearing was scheduled at the OATH/Taxi and Limousine Tribunal.,2016-11-14T16:01:39.000,08 MANHATTAN,MANHATTAN,999387,222324,Unspecified,MANHATTAN,40.776891353474404,-73.94534609683696,"{'type': 'Point', 'coordinates': [-73.94534609683696, 40.776891353474404]}",,,Other
34439620,2016-09-29T21:50:00.000,2016-09-30T12:00:00.000,DSNY,Department of Sanitation,Overflowing Litter Baskets,6 Overflowing Litter Baskets,Sidewalk,10003,46 COOPER SQUARE,COOPER SQUARE,EAST 6 STREET,EAST 7 STREET,ADDRESS,NEW YORK,DSNY Garage,Closed,,"The Department of Sanitation has investigated the complaint and addressed the issue. If the problem persists, call 311 to enter a new complaint. If you are outside of New York City, please call (212) NEW-YORK (212-639-9675).",2016-09-30T12:00:00.000,02 MANHATTAN,MANHATTAN,986719,204761,Unspecified,MANHATTAN,40.728697987328445,-73.99109183532573,"{'type': 'Point', 'coordinates': [-73.99109183532573, 40.728697987328445]}",,,
34435340,2016-09-29T21:50:00.000,2016-09-30T10:15:00.000,DEP,Department of Environmental Protection,Sewer,Catch Basin Clogged/Flooding (Use Comments) (SC),,11420,129-07 SUTTER AVENUE,SUTTER AVENUE,129 ST,130 ST,ADDRESS,South Ozone Park,N/A,Closed,,"The Department of Environmental Protection inspected your complaint and cleaned the catch basin or inlet. If the condition returns, please call 311 (or 212-639-9675 if calling from a non-New York City area code) to submit a new complaint.",2016-09-30T10:15:00.000,10 QUEENS,QUEENS,1037097,184284,Unspecified,QUEENS,40.67233602349564,-73.80948873340603,"{'type': 'Point', 'coordinates': [-73.80948873340603, 40.67233602349564]}",129 STREET,SUTTER AVENUE,
34434322,2016-09-29T21:49:42.000,2016-09-30T08:09:14.000,NYPD,New York City Police Department,Illegal Parking,Blocked Sidewalk,Street/Sidewalk,11385,64TH PLACE,64TH PLACE,,,LATLONG,RIDGEWOOD,Precinct,Closed,2016-09-30T05:49:42.000,The Police Department responded to the complaint and with the information available observed no evidence of the violation at that time.,2016-09-30T08:09:14.000,05 QUEENS,QUEENS,1014691,192820,Unspecified,QUEENS,40.695870775347196,-73.8902227648971,"{'type': 'Point', 'coordinates': [-73.8902227648971, 40.695870775347196]}",,,
34432193,2016-09-29T21:49:25.000,2016-09-29T23:47:47.000,NYPD,New York City Police Department,Noise - Residential,Loud Music/Party,Residential Building/House,11216,151 ROGERS AVENUE,ROGERS AVENUE,STERLING PLACE,ST JOHNS PLACE,ADDRESS,BROOKLYN,Precinct,Closed,2016-09-30T05:49:25.000,The Police Department responded to the complaint and with the information available observed no evidence of the violation at that time.,2016-09-29T23:47:47.000,08 BROOKLYN,BROOKLYN,997276,184225,Unspecified,BROOKLYN,40.67232223342562,-73.95304184895858,"{'type': 'Point', 'coordinates': [-73.95304184895858, 40.67232223342562]}",,,
34433228,2016-09-29T21:49:19.000,2016-09-29T22:31:23.000,NYPD,New York City Police Department,Noise - Street/Sidewalk,Loud Music/Party,Street/Sidewalk,11040,76-07 267 STREET,267 STREET,76 AVENUE,77 AVENUE,ADDRESS,NEW HYDE PARK,Precinct,Closed,2016-09-30T05:49:19.000,The Police Department responded to the complaint and determined that police action was not necessary.,2016-09-29T22:31:23.000,13 QUEENS,QUEENS,1065039,213171,Unspecified,QUEENS,40.751412626758686,-73.70841294430852,"{'type': 'Point', 'coordinates': [-73.70841294430852, 40.751412626758686]}",,,
34433086,2016-09-29T21:49:14.000,2016-09-29T21:54:40.000,NYPD,New York City Police Department,Noise - Residential,Loud Talking,Residential Building/House,11221,460 LEXINGTON AVENUE,LEXINGTON AVENUE,TOMPKINS AVENUE,THROOP AVENUE,ADDRESS,BROOKLYN,Precinct,Closed,2016-09-30T05:49:14.000,The Police Department responded to the complaint and determined that police action was not necessary.,2016-09-29T21:54:40.000,03 BROOKLYN,BROOKLYN,1000123,190161,Unspecified,BROOKLYN,40.68861055588195,-73.94276456118521,"{'type': 'Point', 'coordinates': [-73.94276456118521, 40.68861055588195]}",,,
34436875,2016-09-29T21:49:03.000,2016-09-30T15:41:06.000,NYPD,New York City Police Department,Noise - Residential,Banging/Pounding,Residential Building/House,10466,4065 CARPENTER AVENUE,CARPENTER AVENUE,EAST 228 STREET,EAST 229 STREET,ADDRESS,BRONX,Precinct,Closed,2016-09-30T05:49:03.000,The Police Department responded to the complaint and with the information available observed no evidence of the violation at that time.,2016-09-30T15:41:06.000,12 BRONX,BRONX,1022393,263958,Unspecified,BRONX,40.8910951816451,-73.86204360268111,"{'type': 'Point', 'coordinates': [-73.86204360268111, 40.8910951816451]}",,,
34438181,2016-09-29T21:49:00.000,2016-09-30T12:00:00.000,DSNY,Department of Sanitation,Sanitation Condition,12 Dead Animals,Sidewalk,10312,283 CORTELYOU AVENUE,CORTELYOU AVENUE,GENESEE AVENUE,EAST FIGUREA AVENUE,ADDRESS,STATEN ISLAND,DSNY Garage,Closed,,The Department of Sanitation investigated this complaint and found no condition at the location.,2016-09-30T12:00:00.000,03 STATEN ISLAND,STATEN ISLAND,938970,140562,Unspecified,STATEN ISLAND,40.55237030783236,-74.16293942949231,"{'type': 'Point', 'coordinates': [-74.16293942949231, 40.55237030783236]}",,,
34435433,2016-09-29T21:48:59.000,2016-10-03T09:42:21.000,DPR,Department of Parks and Recreation,Damaged Tree,Tree Alive - in Poor Condition,Street,11219,,,,,INTERSECTION,BROOKLYN,N/A,Closed,2016-10-10T06:53:43.000,The Department of Parks and Recreation performed the work necessary to correct the condition.,2016-10-03T09:42:21.000,12 BROOKLYN,BROOKLYN,986690,168440,Unspecified,BROOKLYN,40.62900508688175,-73.99120961797547,"{'type': 'Point', 'coordinates': [-73.99120961797547, 40.62900508688175]}",15 AVENUE,55 STREET,
34437256,2016-09-29T21:48:43.000,2016-10-07T14:15:17.000,HPD,Department of Housing Preservation and Development,UNSANITARY CONDITION,PESTS,RESIDENTIAL BUILDING,11225,587 EMPIRE BOULEVARD,EMPIRE BOULEVARD,,,ADDRESS,BROOKLYN,N/A,Closed,,The Department of Housing Preservation and Development inspected the following conditions. No violations were issued. The complaint has been closed.,2016-10-07T14:15:17.000,09 BROOKLYN,BROOKLYN,1000090,181222,Unspecified,BROOKLYN,40.664075081812456,-73.9429045627731,"{'type': 'Point', 'coordinates': [-73.9429045627731, 40.664075081812456]}",,,
34430167,2016-09-29T21:48:24.000,2016-09-30T01:17:14.000,NYPD,New York City Police Department,Blocked Driveway,No Access,Street/Sidewalk,11419,101-64 118 STREET,118 STREET,101 AVENUE,103 AVENUE,ADDRESS,SOUTH RICHMOND HILL,Precinct,Closed,2016-09-30T05:48:24.000,The Police Department reviewed your complaint and provided additional information below.,2016-09-30T01:17:14.000,09 QUEENS,QUEENS,1032316,190464,Unspecified,QUEENS,40.68932593600632,-73.82667991450074,"{'type': 'Point', 'coordinates': [-73.82667991450074, 40.68932593600632]}",,,
34436053,2016-09-29T21:48:14.000,2016-09-29T22:48:41.000,NYPD,New York City Police Department,Noise - Residential,Loud Music/Party,Residential Building/House,11355,137-75 GERANIUM AVENUE,GERANIUM AVENUE,COLDEN STREET,KISSENA BOULEVARD,ADDRESS,FLUSHING,Precinct,Closed,2016-09-30T05:48:14.000,The Police Department responded to the complaint and determined that police action was not necessary.,2016-09-29T22:48:41.000,07 QUEENS,QUEENS,1033573,212624,Unspecified,QUEENS,40.75014275617199,-73.82198495419226,"{'type': 'Point', 'coordinates': [-73.82198495419226, 40.75014275617199]}",,,
34432671,2016-09-29T21:48:08.000,2016-09-30T10:00:13.000,DOT,Department of Transportation,Street Condition,Plate Condition - Noisy,Street,10023,,,,,INTERSECTION,NEW YORK,N/A,Closed,2016-10-09T21:48:08.000,The Department of Transportation inspected the condition you reported and temporarily addressed the condition. The Agency will notify the responsible party.,2016-09-30T09:59:41.000,07 MANHATTAN,MANHATTAN,989197,220017,Unspecified,MANHATTAN,40.770570819555665,-73.98213997603581,"{'type': 'Point', 'coordinates': [-73.98213997603581, 40.770570819555665]}",WEST   62 STREET,BROADWAY,
34437643,2016-09-29T21:47:34.000,2016-10-03T00:00:00.000,DOB,Department of Buildings,Elevator,Elevator - Defective/Not Working,,10473,825 MORRISON AVENUE,MORRISON AVENUE,,,ADDRESS,BRONX,N/A,Closed,,The Department of Buildings investigated this complaint and determined that no further action was necessary.,2016-10-03T00:00:00.000,09 BRONX,BRONX,1019498,238357,Unspecified,BRONX,40.820840202441815,-73.87264889941089,"{'type': 'Point', 'coordinates': [-73.87264889941089, 40.820840202441815]}",,,
34434137,2016-09-29T21:47:06.000,2016-09-29T23:08:06.000,NYPD,New York City Police Department,Noise - Street/Sidewalk,Loud Talking,Street/Sidewalk,10035,405 EAST 117 STREET,EAST 117 STREET,1 AVENUE,PLEASANT AVENUE,ADDRESS,NEW YORK,Precinct,Closed,2016-09-30T05:47:06.000,The Police Department responded to the complaint and with the information available observed no evidence of the violation at that time.,2016-09-29T23:08:06.000,11 MANHATTAN,MANHATTAN,1002384,229477,Unspecified,MANHATTAN,40.796518780180065,-73.9345057726516,"{'type': 'Point', 'coordinates': [-73.9345057726516, 40.796518780180065]}",,,
34435135,2016-09-29T21:47:00.000,2016-10-17T11:24:00.000,DOT,Department of Transportation,Street Light Condition,Multiple Street Lights Out,,,MILL POND PARK,MILL POND PARK,149 ST E,EXTERIOR ST,BLOCKFACE,,N/A,Closed,,Service Request status for this request is available on the Department of Transportationâs website. Please click the âLearn Moreâ link below.,2016-10-17T11:24:00.000,Unspecified BRONX,BRONX,,,Unspecified,BRONX,,,,,,
34437211,2016-09-29T21:47:00.000,2016-10-07T19:15:00.000,DEP,Department of Environmental Protection,Noise,Noise: Construction Before/After Hours (NM1),,10023,55 WEST END AVENUE,WEST END AVENUE,W 63 ST,W 64 ST,ADDRESS,NEW YORK,N/A,Closed,,"The Department of Environmental Protection (DEP) didn't observe a violation of the NYC Air or Noise Code at the time of inspection and couldn't issue a summons.  If the problem still exists, please go to nyc.gov/311 or call 311 to file a new Service Request. If you're outside of New York City, please call (212) NEW-YORK (212-639-9675).",2016-10-07T19:15:00.000,07 MANHATTAN,MANHATTAN,987385,221287,Unspecified,MANHATTAN,40.77405746597447,-73.9886811994225,"{'type': 'Point', 'coordinates': [-73.9886811994225, 40.77405746597447]}",,,
34435129,2016-09-29T21:47:00.000,2016-09-30T15:45:00.000,DEP,Department of Environmental Protection,Air Quality,"Air: Odor/Fumes, Restaurant (AD2)",,10065,408 EAST   64 STREET,EAST   64 STREET,1 AVE,YORK AVE,ADDRESS,NEW YORK,N/A,Closed,,The Department of Environmental Protection determined that this complaint is a duplicate of a previously filed complaint. The original complaint is being addressed.,2016-09-30T15:45:00.000,08 MANHATTAN,MANHATTAN,995641,217038,Unspecified,MANHATTAN,40.762388281881954,-73.95888042337846,"{'type': 'Point', 'coordinates': [-73.95888042337846, 40.762388281881954]}",,,
34434424,2016-09-29T21:46:00.000,2016-09-30T00:20:00.000,DEP,Department of Environmental Protection,Sewer,Sewer Odor (SA2),,11420,,,128 ST,116 AVE,INTERSECTION,South Ozone Park,N/A,Closed,,The Department of Environmental Protection investigated this complaint and found there was no sewer back up in the city system at the time of the inspection.,2016-09-30T00:20:00.000,10 QUEENS,QUEENS,1036716,186168,Unspecified,QUEENS,40.67750943351902,-73.81084755281044,"{'type': 'Point', 'coordinates': [-73.81084755281044, 40.67750943351902]}",128 STREET,116 AVENUE,
34432453,2016-09-29T21:46:00.000,2016-10-03T23:00:00.000,DEP,Department of Environmental Protection,Noise,Noise: Construction Before/After Hours (NM1),,10003,,,4 AVE,E 14 ST,INTERSECTION,NEW YORK,N/A,Closed,,The Department of Environmental Protection determined that this complaint is a duplicate of a previously filed complaint. The original complaint is being addressed.,2016-10-03T23:00:00.000,05 MANHATTAN,MANHATTAN,987048,206851,Unspecified,MANHATTAN,40.734434426864034,-73.98990393253564,"{'type': 'Point', 'coordinates': [-73.98990393253564, 40.734434426864034]}",4 AVENUE,EAST 14 STREET,
34437288,2016-09-29T21:46:00.000,2016-09-29T21:46:00.000,DEP,Department of Environmental Protection,Water System,Hydrant Running (WC3),,10003,,,5 AVE,E 17 ST,INTERSECTION,NEW YORK,N/A,Closed,,"Please call 311 for further information. If you are outside of New York City, please call (212) NEW-YORK (212-639-9675).",2016-09-29T21:46:00.000,05 MANHATTAN,MANHATTAN,986405,208120,Unspecified,MANHATTAN,40.737917698502024,-73.99222367305754,"{'type': 'Point', 'coordinates': [-73.99222367305754, 40.737917698502024]}",5 AVENUE,EAST 17 STREET,
34435457,2016-09-29T21:45:17.000,,DPR,Department of Parks and Recreation,Root/Sewer/Sidewalk Condition,Trees and Sidewalks Program,Street,11210,1744 ALBANY AVENUE,ALBANY AVENUE,EAST 40 STREET,AVENUE I,ADDRESS,BROOKLYN,N/A,Open,2016-12-28T21:45:17.000,The Department of Parks and Recreation usually requires 90 days to evaluate this type of request and inspect the location for possible inclusion in the Trees and Sidewalks Program. Please note your Service Request for future reference.,,18 BROOKLYN,BROOKLYN,1001776,169085,Unspecified,BROOKLYN,40.630758474419196,-73.93685889506035,"{'type': 'Point', 'coordinates': [-73.93685889506035, 40.630758474419196]}",,,
34440586,2016-09-29T21:45:00.000,2016-10-01T12:00:00.000,DSNY,Department of Sanitation,Dirty Conditions,E8 Canine Violation,Sidewalk,10473,486 HOWE AVENUE,HOWE AVENUE,NORTON AVENUE,LACOMBE AVENUE,ADDRESS,BRONX,N/A,Closed,,The Department of Sanitation investigated this complaint and found no violation at the location.,2016-10-01T12:00:00.000,09 BRONX,BRONX,1026194,236705,Unspecified,BRONX,40.81627667667517,-73.84846660641308,"{'type': 'Point', 'coordinates': [-73.84846660641308, 40.81627667667517]}",,,
34430023,2016-09-29T21:44:31.000,2016-10-02T17:02:10.000,HPD,Department of Housing Preservation and Development,GENERAL,COOKING GAS,RESIDENTIAL BUILDING,11355,140-19 BEECH AVENUE,BEECH AVENUE,,,ADDRESS,Flushing,N/A,Closed,,The complaint you filed is a duplicate of a condition already reported by another tenant for a building-wide condition. The original complaint is still open. HPD may attempt to contact you to verify the correction of the condition or may conduct an inspection of your unit if the original complainant is not available for verification.,2016-10-02T17:02:10.000,07 QUEENS,QUEENS,1033286,214262,Unspecified,QUEENS,40.75464023833814,-73.82300883800822,"{'type': 'Point', 'coordinates': [-73.82300883800822, 40.75464023833814]}",,,
34432316,2016-09-29T21:44:28.000,2016-09-29T22:31:22.000,NYPD,New York City Police Department,Noise - Street/Sidewalk,Loud Music/Party,Street/Sidewalk,11040,76-07 267 STREET,267 STREET,76 AVENUE,77 AVENUE,ADDRESS,NEW HYDE PARK,Precinct,Closed,2016-09-30T05:44:28.000,The Police Department responded to the complaint and determined that police action was not necessary.,2016-09-29T22:31:23.000,13 QUEENS,QUEENS,1065039,213171,Unspecified,QUEENS,40.751412626758686,-73.70841294430852,"{'type': 'Point', 'coordinates': [-73.70841294430852, 40.751412626758686]}",,,
34436792,2016-09-29T21:44:28.000,2016-09-30T11:14:22.000,NYPD,New York City Police Department,Blocked Driveway,Partial Access,Street/Sidewalk,11210,1448 EAST 28 STREET,EAST 28 STREET,AVENUE N,KINGS HIGHWAY,ADDRESS,BROOKLYN,Precinct,Closed,2016-09-30T05:44:28.000,The Police Department responded to the complaint and with the information available observed no evidence of the violation at that time.,2016-09-30T11:14:22.000,14 BROOKLYN,BROOKLYN,999022,163668,Unspecified,BROOKLYN,40.615894965641324,-73.94679261135249,"{'type': 'Point', 'coordinates': [-73.94679261135249, 40.615894965641324]}",,,
34436203,2016-09-29T21:44:14.000,2016-09-29T22:21:45.000,NYPD,New York City Police Department,Illegal Parking,Posted Parking Sign Violation,Street/Sidewalk,10458,2980 VALENTINE AVENUE,VALENTINE AVENUE,BEDFORD PARK BOULEVARD,EAST 201 STREET,ADDRESS,BRONX,Precinct,Closed,2016-09-30T05:44:14.000,The Police Department responded to the complaint and took action to fix the condition.,2016-09-29T22:21:45.000,07 BRONX,BRONX,1015739,256948,Unspecified,BRONX,40.87188118407785,-73.88614285307307,"{'type': 'Point', 'coordinates': [-73.88614285307307, 40.87188118407785]}",,,
34433120,2016-09-29T21:44:14.000,2016-09-30T01:36:46.000,NYPD,New York City Police Department,Noise - Street/Sidewalk,Loud Music/Party,Street/Sidewalk,10014,78 BEDFORD STREET,BEDFORD STREET,COMMERCE STREET,BARROW STREET,ADDRESS,NEW YORK,Precinct,Closed,2016-09-30T05:44:14.000,The Police Department responded and upon arrival those responsible for the condition were gone.,2016-09-30T01:36:46.000,02 MANHATTAN,MANHATTAN,982861,205852,Unspecified,MANHATTAN,40.73169275089734,-74.00501174435348,"{'type': 'Point', 'coordinates': [-74.00501174435348, 40.73169275089734]}",,,
34430815,2016-09-29T21:44:05.000,2016-09-30T04:00:35.000,DOT,Department of Transportation,Street Condition,Plate Condition - Noisy,Street,10024,,,,,INTERSECTION,NEW YORK,N/A,Closed,2016-10-09T21:44:05.000,"The  Department of Transportation inspected the condition you reported and issued a Corrective Action Repair (CAR) to the contractor or utility company. The responsible party has a maximum of 30 days to correct the condition. If after that time the condition still exists, the Agency may issue the responsible party a summons and/or correct the condition.",2016-09-30T04:00:35.000,07 MANHATTAN,MANHATTAN,992475,224902,Unspecified,MANHATTAN,40.783976414986086,-73.97029951991534,"{'type': 'Point', 'coordinates': [-73.97029951991534, 40.783976414986086]}",WEST   84 STREET,CENTRAL PARK WEST,
34436229,2016-09-29T21:44:03.000,2016-09-30T04:05:49.000,NYPD,New York City Police Department,Illegal Parking,Blocked Hydrant,Street/Sidewalk,11204,2131 71 STREET,71 STREET,21 AVENUE,BAY PARKWAY,ADDRESS,BROOKLYN,Precinct,Closed,2016-09-30T05:44:03.000,The Police Department issued a summons in response to the complaint.,2016-09-30T04:05:49.000,11 BROOKLYN,BROOKLYN,988033,161993,Unspecified,BROOKLYN,40.61130894279118,-73.98637491794774,"{'type': 'Point', 'coordinates': [-73.98637491794774, 40.61130894279118]}",,,
34433451,2016-09-29T21:44:00.000,2016-09-30T03:00:00.000,DEP,Department of Environmental Protection,Water System,Hydrant Running (WC3),,10024,39 AMSTERDAM AVENUE,AMSTERDAM AVENUE,WEST   79 STREET,WEST   80 STREET,BLOCKFACE,NEW YORK,N/A,Closed,,"Please call 311 for further information. If you are outside of New York City, please call (212) NEW-YORK (212-639-9675).",2016-09-30T03:00:00.000,07 MANHATTAN,MANHATTAN,990321,224723,Unspecified,MANHATTAN,40.78348684970795,-73.97807777662592,"{'type': 'Point', 'coordinates': [-73.97807777662592, 40.78348684970795]}",,,
34434464,2016-09-29T21:43:54.000,2016-12-14T10:57:29.000,DOT,Department of Transportation,Street Condition,"Rough, Pitted or Cracked Roads",Street,11420,,,,,INTERSECTION,SOUTH OZONE PARK,N/A,Closed,2016-12-28T21:43:54.000,The Department of Transportation investigated this Service Request and determined this street requires general maintenance.  This location has been processed into another system and is expected to be repaired in 30 days.,2016-12-14T10:57:29.000,10 QUEENS,QUEENS,1037309,184236,Unspecified,QUEENS,40.67220300650358,-73.80872486237016,"{'type': 'Point', 'coordinates': [-73.80872486237016, 40.67220300650358]}",SUTTER AVENUE,130 STREET,
34435060,2016-09-29T21:43:41.000,2016-09-29T23:37:01.000,NYPD,New York City Police Department,Noise - Residential,Loud Music/Party,Residential Building/House,10031,48 SAINT NICHOLAS PLACE,SAINT NICHOLAS PLACE,WEST 152 STREET,WEST 153 STREET,ADDRESS,NEW YORK,Precinct,Closed,2016-09-30T05:43:41.000,The Police Department responded to the complaint and with the information available observed no evidence of the violation at that time.,2016-09-29T23:37:01.000,09 MANHATTAN,MANHATTAN,1000491,241215,Unspecified,MANHATTAN,40.828739994045264,-73.9413142812716,"{'type': 'Point', 'coordinates': [-73.9413142812716, 40.828739994045264]}",,,
34433913,2016-09-29T21:43:23.000,2016-09-29T23:23:03.000,NYPD,New York City Police Department,Blocked Driveway,Partial Access,Street/Sidewalk,11368,103-50 51 AVENUE,51 AVENUE,103 STREET,ALSTYNE AVENUE,ADDRESS,CORONA,Precinct,Closed,2016-09-30T05:43:23.000,The Police Department responded to the complaint and with the information available observed no evidence of the violation at that time.,2016-09-29T23:23:03.000,04 QUEENS,QUEENS,1023662,209903,Unspecified,QUEENS,40.74272403187068,-73.85777130330163,"{'type': 'Point', 'coordinates': [-73.85777130330163, 40.74272403187068]}",,,
34436782,2016-09-29T21:43:12.000,2016-09-30T02:09:28.000,NYPD,New York City Police Department,Blocked Driveway,No Access,Street/Sidewalk,11236,647 EAST 87 STREET,EAST 87 STREET,FARRAGUT ROAD,GLENWOOD ROAD,ADDRESS,BROOKLYN,Precinct,Closed,2016-09-30T05:43:12.000,The Police Department responded and upon arrival those responsible for the condition were gone.,2016-09-30T02:09:28.000,18 BROOKLYN,BROOKLYN,1009019,172877,Unspecified,BROOKLYN,40.641149410761635,-73.91075055887973,"{'type': 'Point', 'coordinates': [-73.91075055887973, 40.641149410761635]}",,,
34433144,2016-09-29T21:42:59.000,2016-09-29T22:36:42.000,DHS,Operations Unit - Department of Homeless Services,Homeless Person Assistance,N/A,Store/Commercial,10023,1841 BROADWAY,BROADWAY,BROADWAY,COLUMBUS AVENUE,ADDRESS,NEW YORK,N/A,Closed,2016-09-30T00:34:34.000,"The mobile outreach response team offered services to the individual, but the individual did not accept assistance.",2016-09-29T22:36:42.000,07 MANHATTAN,MANHATTAN,989117,219502,Unspecified,MANHATTAN,40.76915732305014,-73.98242917087231,"{'type': 'Point', 'coordinates': [-73.98242917087231, 40.76915732305014]}",,,
42433680,2016-09-29T21:42:53.000,2016-09-30T00:00:00.000,DOB,Department of Buildings,General Construction/Plumbing,Building Permit - None,,,450 WEST 162 STREET,WEST 162 STREET,,,,,N/A,Closed,,The Department of Buildings reviewed this complaint and determined that no further action was necessary.,2016-09-30T00:00:00.000,Unspecified MANHATTAN,MANHATTAN,,,Unspecified,MANHATTAN,,,,,,
34432219,2016-09-29T21:42:41.000,2016-09-29T22:37:45.000,NYPD,New York City Police Department,Noise - Commercial,Loud Music/Party,Store/Commercial,10036,251 WEST 48 STREET,WEST 48 STREET,BROADWAY,8 AVENUE,ADDRESS,NEW YORK,Precinct,Closed,2016-09-30T05:42:41.000,The Police Department responded to the complaint and took action to fix the condition.,2016-09-29T22:37:45.000,05 MANHATTAN,MANHATTAN,988150,216378,Unspecified,MANHATTAN,40.76058322950115,-73.98592204392392,"{'type': 'Point', 'coordinates': [-73.98592204392392, 40.76058322950115]}",,,
34437095,2016-09-29T21:41:35.000,2016-09-29T22:38:56.000,DHS,Operations Unit - Department of Homeless Services,Homeless Person Assistance,N/A,Store/Commercial,10023,1886 BROADWAY,BROADWAY,WEST 62 STREET,WEST 63 STREET,ADDRESS,NEW YORK,N/A,Closed,2016-09-30T00:35:47.000,The mobile outreach response team went to the location provided but could not find the individual that you reported.,2016-09-29T22:38:56.000,07 MANHATTAN,MANHATTAN,989198,220115,Unspecified,MANHATTAN,40.77083980344637,-73.98213629361037,"{'type': 'Point', 'coordinates': [-73.98213629361037, 40.77083980344637]}",,,
34433983,2016-09-29T21:41:31.000,2016-09-29T23:44:34.000,NYPD,New York City Police Department,Homeless Encampment,N/A,Street/Sidewalk,11217,STERLING PLACE,STERLING PLACE,7 AVENUE,FLATBUSH AVENUE,BLOCKFACE,BROOKLYN,Precinct,Closed,2016-09-30T05:41:31.000,The Police Department responded to the complaint and took action to fix the condition.,2016-09-29T23:44:34.000,06 BROOKLYN,BROOKLYN,991798,185830,Unspecified,BROOKLYN,40.67673396255118,-73.97278799634846,"{'type': 'Point', 'coordinates': [-73.97278799634846, 40.67673396255118]}",,,
40848337,2016-09-29T21:40:52.000,2016-10-05T00:00:00.000,DOB,Department of Buildings,Emergency Response Team (ERT),After Hours Work - Illegal,,11217,84 ST MARKS PLACE,ST MARKS PLACE,,,ADDRESS,BROOKLYN,N/A,Closed,,The Department of Buildings investigated this complaint and determined that no further action was necessary.,2016-10-05T00:00:00.000,06 BROOKLYN,BROOKLYN,990003,187581,Unspecified,BROOKLYN,40.68154140934097,-73.97925782435688,"{'type': 'Point', 'coordinates': [-73.97925782435688, 40.68154140934097]}",,,
34436811,2016-09-29T21:39:19.000,2016-09-29T23:18:46.000,NYPD,New York City Police Department,Blocked Driveway,Partial Access,Street/Sidewalk,11235,207 CORBIN PLACE,CORBIN PLACE,ORIENTAL BOULEVARD,ESPLANADE,ADDRESS,BROOKLYN,Precinct,Closed,2016-09-30T05:39:19.000,Your request can not be processed at this time because of insufficient contact information. Please create a new Service Request on NYC.gov and provide more detailed contact information.,2016-09-29T23:18:46.000,15 BROOKLYN,BROOKLYN,997090,149323,Unspecified,BROOKLYN,40.576523849430714,-73.95377876037254,"{'type': 'Point', 'coordinates': [-73.95377876037254, 40.576523849430714]}",,,
34433237,2016-09-29T21:39:00.000,2016-09-30T15:45:00.000,DEP,Department of Environmental Protection,Air Quality,"Air: Odor/Fumes, Restaurant (AD2)",,10065,406 EAST   64 STREET,EAST   64 STREET,1 AVE,YORK AVE,ADDRESS,NEW YORK,N/A,Closed,,"The Department of Environmental Protection (DEP) didn't observe a violation of the NYC Air or Noise Code at the time of inspection and couldn't issue a summons.  If the problem still exists, please go to nyc.gov/311 or call 311 to file a new Service Request. If you're outside of New York City, please call (212) NEW-YORK (212-639-9675).",2016-09-30T15:45:00.000,08 MANHATTAN,MANHATTAN,995634,217042,Unspecified,MANHATTAN,40.76239926986791,-73.95890568541276,"{'type': 'Point', 'coordinates': [-73.95890568541276, 40.76239926986791]}",,,
34433830,2016-09-29T21:38:36.000,2016-09-30T03:08:15.000,NYPD,New York City Police Department,Blocked Driveway,No Access,Street/Sidewalk,11220,739 46 STREET,46 STREET,7 AVENUE,8 AVENUE,ADDRESS,BROOKLYN,Precinct,Closed,2016-09-30T05:38:36.000,The Police Department issued a summons in response to the complaint.,2016-09-30T03:08:15.000,07 BROOKLYN,BROOKLYN,983515,173952,Unspecified,BROOKLYN,40.644134658252824,-74.00264852286192,"{'type': 'Point', 'coordinates': [-74.00264852286192, 40.644134658252824]}",,,
34431257,2016-09-29T21:38:26.000,2016-10-18T13:44:40.000,TLC,Taxi and Limousine Commission,Taxi Complaint,Driver Complaint,,11101,,,,,INTERSECTION,LONG ISLAND CITY,N/A,Closed,2016-11-14T09:07:25.000,"A representative from the Taxi and Limousine Commission (TLC) called and left a message for you and emailed you but has not been able to get in touch with you to confirm the details of your complaint. As a result, the TLC has closed your complaint. If you would like to have your complaint reopened, please call (212) 676-1046.",2016-10-18T13:44:40.000,02 QUEENS,QUEENS,1001514,210793,Unspecified,QUEENS,40.74523782880471,-73.93769593025226,"{'type': 'Point', 'coordinates': [-73.93769593025226, 40.74523782880471]}",THOMPSON AVENUE,SKILLMAN AVENUE,Other
34432006,2016-09-29T21:38:06.000,2016-09-29T23:05:52.000,NYPD,New York City Police Department,Blocked Driveway,No Access,Street/Sidewalk,11373,41-35 GLEANE STREET,GLEANE STREET,BRITTON AVENUE,ELMHURST AVENUE,ADDRESS,ELMHURST,Precinct,Closed,2016-09-30T05:38:06.000,The Police Department responded to the complaint and with the information available observed no evidence of the violation at that time.,2016-09-29T23:05:52.000,04 QUEENS,QUEENS,1017876,211063,Unspecified,QUEENS,40.74593183157108,-73.87864579662347,"{'type': 'Point', 'coordinates': [-73.87864579662347, 40.74593183157108]}",,,
34440904,2016-09-29T21:38:00.000,2016-09-30T12:00:00.000,DSNY,Department of Sanitation,Sanitation Condition,15 Street Cond/Dump-Out/Drop-Off,Street,11207,807 HEGEMAN AVENUE,HEGEMAN AVENUE,WARWICK STREET,ASHFORD STREET,ADDRESS,BROOKLYN,DSNY Garage,Closed,,The vehicle you reported has been removed by the Department of Sanitation.,2016-09-30T12:00:00.000,05 BROOKLYN,BROOKLYN,1016862,181176,Unspecified,BROOKLYN,40.66390293090368,-73.8824499987133,"{'type': 'Point', 'coordinates': [-73.8824499987133, 40.66390293090368]}",,,
34433095,2016-09-29T21:37:31.000,2016-09-30T07:30:23.000,NYPD,New York City Police Department,Noise - Park,Loud Music/Party,Park/Playground,10021,,,,,INTERSECTION,NEW YORK,Precinct,Closed,2016-09-30T05:37:31.000,The Police Department responded to the complaint and with the information available observed no evidence of the violation at that time.,2016-09-30T07:30:24.000,08 MANHATTAN,MANHATTAN,993379,220707,Unspecified,MANHATTAN,40.77246135980183,-73.96704087525497,"{'type': 'Point', 'coordinates': [-73.96704087525497, 40.77246135980183]}",EAST   72 STREET,5 AVENUE,
34432174,2016-09-29T21:37:12.000,2016-09-29T22:51:58.000,NYPD,New York City Police Department,Noise - Residential,Loud Music/Party,Residential Building/House,11237,234 KNICKERBOCKER AVENUE,KNICKERBOCKER AVENUE,TROUTMAN STREET,STARR STREET,ADDRESS,BROOKLYN,Precinct,Closed,2016-09-30T05:37:12.000,The Police Department responded to the complaint and with the information available observed no evidence of the violation at that time.,2016-09-29T22:51:58.000,04 BROOKLYN,BROOKLYN,1004864,195389,Unspecified,BROOKLYN,40.70295042441552,-73.92565329904697,"{'type': 'Point', 'coordinates': [-73.92565329904697, 40.70295042441552]}",,,
34433218,2016-09-29T21:37:05.000,2016-09-29T23:09:09.000,NYPD,New York City Police Department,Noise - Residential,Loud Music/Party,Residential Building/House,10024,,,,,INTERSECTION,NEW YORK,Precinct,Closed,2016-09-30T05:37:05.000,The Police Department responded to the complaint and took action to fix the condition.,2016-09-29T23:09:09.000,07 MANHATTAN,MANHATTAN,991562,225106,Unspecified,MANHATTAN,40.784537143135864,-73.97359614122578,"{'type': 'Point', 'coordinates': [-73.97359614122578, 40.784537143135864]}",WEST   83 STREET,COLUMBUS AVENUE,
34430681,2016-09-29T21:37:00.000,2016-10-05T02:00:00.000,DEP,Department of Environmental Protection,Noise,Noise: Private Carting Noise (NQ1),,10012,120 MERCER STREET,MERCER STREET,SPRING ST,PRINCE ST,ADDRESS,NEW YORK,N/A,Closed,,"The Department of Environmental Protection (DEP) didn't observe a violation of the NYC Air or Noise Code at the time of inspection and couldn't issue a summons.  If the problem still exists, please go to nyc.gov/311 or call 311 to file a new Service Request. If you're outside of New York City, please call (212) NEW-YORK (212-639-9675).",2016-10-05T02:00:00.000,02 MANHATTAN,MANHATTAN,984497,203049,Unspecified,MANHATTAN,40.72399930488883,-73.9991088855658,"{'type': 'Point', 'coordinates': [-73.9991088855658, 40.72399930488883]}",,,
34431468,2016-09-29T21:36:00.000,2016-09-29T22:40:00.000,DOT,Department of Transportation,Traffic Signal Condition,Pedestrian Signal,,11101,,,THOMSON AVE,44 DR,INTERSECTION,Long Island City,N/A,Closed,,Service Request status for this request is available on the Department of Transportationâs website. Please click the âLearn Moreâ link below.,2016-09-29T22:40:00.000,02 QUEENS,QUEENS,1000393,211121,Unspecified,QUEENS,40.74614022378653,-73.94174071995646,"{'type': 'Point', 'coordinates': [-73.94174071995646, 40.74614022378653]}",THOMSON AVENUE,44 DRIVE,
34440235,2016-09-29T21:36:00.000,2016-09-30T12:00:00.000,DSNY,Department of Sanitation,Sanitation Condition,15 Street Cond/Dump-Out/Drop-Off,Street,11104,46-01 GREENPOINT AVENUE,GREENPOINT AVENUE,46 STREET,47 STREET,ADDRESS,Sunnyside,DSNY Garage,Closed,,The Department of Sanitation investigated this complaint and found no condition at the location.,2016-09-30T12:00:00.000,02 QUEENS,QUEENS,1006765,209706,Unspecified,QUEENS,40.74224247660781,-73.91874923848634,"{'type': 'Point', 'coordinates': [-73.91874923848634, 40.74224247660781]}",,,
34436691,2016-09-29T21:35:19.000,2016-09-30T00:12:30.000,NYPD,New York City Police Department,Blocked Driveway,No Access,Street/Sidewalk,10022,309 EAST 56 STREET,EAST 56 STREET,2 AVENUE,1 AVENUE,ADDRESS,NEW YORK,Precinct,Closed,2016-09-30T05:35:19.000,The Police Department responded and upon arrival those responsible for the condition were gone.,2016-09-30T00:12:30.000,06 MANHATTAN,MANHATTAN,993867,215597,Unspecified,MANHATTAN,40.75843521444936,-73.96528632294148,"{'type': 'Point', 'coordinates': [-73.96528632294148, 40.75843521444936]}",,,
34432733,2016-09-29T21:34:59.000,2016-09-29T22:15:19.000,NYPD,New York City Police Department,Urinating in Public,N/A,Residential Building/House,11354,37-07 147 STREET,147 STREET,37 AVENUE,38 AVENUE,ADDRESS,FLUSHING,Precinct,Closed,2016-09-30T05:34:59.000,The Police Department responded and upon arrival those responsible for the condition were gone.,2016-09-29T22:15:19.000,07 QUEENS,QUEENS,1034320,217831,Unspecified,QUEENS,40.764430413610334,-73.81925013481681,"{'type': 'Point', 'coordinates': [-73.81925013481681, 40.764430413610334]}",,,
34430603,2016-09-29T21:34:09.000,2016-09-30T02:42:33.000,NYPD,New York City Police Department,Illegal Parking,Blocked Hydrant,Street/Sidewalk,11228,314 BAY 11 STREET,BAY 11 STREET,CROPSEY AVENUE,INDEPENDENCE AVENUE,ADDRESS,BROOKLYN,Precinct,Closed,2016-09-30T05:34:09.000,The Police Department responded and upon arrival those responsible for the condition were gone.,2016-09-30T02:42:33.000,11 BROOKLYN,BROOKLYN,980337,159598,Unspecified,BROOKLYN,40.60473510193893,-74.01409191024732,"{'type': 'Point', 'coordinates': [-74.01409191024732, 40.60473510193893]}",,,
34437076,2016-09-29T21:34:01.000,2016-09-29T22:21:44.000,NYPD,New York City Police Department,Noise - Residential,Loud Music/Party,Residential Building/House,10468,2609 AQUEDUCT AVENUE,AQUEDUCT AVENUE,WEST 192 STREET,BEND,ADDRESS,BRONX,Precinct,Closed,2016-09-30T05:34:01.000,The Police Department responded to the complaint and took action to fix the condition.,2016-09-29T22:21:44.000,07 BRONX,BRONX,1011737,255309,Unspecified,BRONX,40.867396002416676,-73.90061989571716,"{'type': 'Point', 'coordinates': [-73.90061989571716, 40.867396002416676]}",,,
34434080,2016-09-29T21:33:46.000,2016-09-30T00:04:03.000,NYPD,New York City Police Department,Noise - Residential,Loud Music/Party,Residential Building/House,11201,1 DUFFIELD STREET,DUFFIELD STREET,NASSAU STREET,CONCORD STREET,ADDRESS,BROOKLYN,Precinct,Closed,2016-09-30T05:33:46.000,The Police Department responded to the complaint and with the information available observed no evidence of the violation at that time.,2016-09-30T00:04:03.000,02 BROOKLYN,BROOKLYN,988689,193682,Unspecified,BROOKLYN,40.69828800626514,-73.98399137052564,"{'type': 'Point', 'coordinates': [-73.98399137052564, 40.69828800626514]}",,,
34433072,2016-09-29T21:33:12.000,2016-09-30T00:54:28.000,NYPD,New York City Police Department,Noise - Residential,Loud Music/Party,Residential Building/House,11249,70 CLYMER STREET,CLYMER STREET,WYTHE AVENUE,JULIANA PLACE,ADDRESS,BROOKLYN,Precinct,Closed,2016-09-30T05:33:12.000,The Police Department responded to the complaint and with the information available observed no evidence of the violation at that time.,2016-09-30T00:54:28.000,01 BROOKLYN,BROOKLYN,993602,196076,Unspecified,BROOKLYN,40.70485514682155,-73.96627000353222,"{'type': 'Point', 'coordinates': [-73.96627000353222, 40.70485514682155]}",,,
34432000,2016-09-29T21:32:49.000,2016-09-29T23:09:12.000,NYPD,New York City Police Department,Blocked Driveway,No Access,Street/Sidewalk,11433,106-42 156 STREET,156 STREET,TUSKEGEE AIRMEN WAY,107 AVENUE,ADDRESS,JAMAICA,Precinct,Closed,2016-09-30T05:32:49.000,The Police Department responded to the complaint and took action to fix the condition.,2016-09-29T23:09:12.000,12 QUEENS,QUEENS,1040242,193206,Unspecified,QUEENS,40.696805478412706,-73.7980770356972,"{'type': 'Point', 'coordinates': [-73.7980770356972, 40.696805478412706]}",,,
34432253,2016-09-29T21:32:23.000,2016-09-30T01:36:40.000,NYPD,New York City Police Department,Noise - Residential,Loud Music/Party,Residential Building/House,11211,299 UNION AVENUE,UNION AVENUE,HEWES STREET,TEN EYCK STREET,ADDRESS,BROOKLYN,Precinct,Closed,2016-09-30T05:32:23.000,The Police Department reviewed your complaint and provided additional information below.,2016-09-30T01:36:40.000,01 BROOKLYN,BROOKLYN,997871,197723,Unspecified,BROOKLYN,40.709370230427936,-73.95086960923516,"{'type': 'Point', 'coordinates': [-73.95086960923516, 40.709370230427936]}",,,
34432314,2016-09-29T21:32:13.000,2016-09-29T21:38:28.000,NYPD,New York City Police Department,Noise - Residential,Loud Talking,Residential Building/House,11221,462 LEXINGTON AVENUE,LEXINGTON AVENUE,TOMPKINS AVENUE,THROOP AVENUE,ADDRESS,BROOKLYN,Precinct,Closed,2016-09-30T05:32:13.000,The Police Department responded to the complaint and determined that police action was not necessary.,2016-09-29T21:38:28.000,03 BROOKLYN,BROOKLYN,1000141,190164,Unspecified,BROOKLYN,40.68861875789129,-73.9426996490751,"{'type': 'Point', 'coordinates': [-73.9426996490751, 40.68861875789129]}",,,
34436078,2016-09-29T21:32:10.000,2016-10-03T15:35:36.000,DOF,Senior Citizen Rent Increase Exemption Unit,SCRIE,Rent Discrepancy,Senior Address,10473,,,,,ADDRESS,BRONX,N/A,Closed,2016-10-13T21:32:10.000,The Department of Finance has reviewed your request and provided the following explanation.,2016-10-03T15:35:36.000,09 BRONX,BRONX,,,Unspecified,BRONX,,,,,,
34434238,2016-09-29T21:32:00.000,2016-09-30T13:15:00.000,DEP,Department of Environmental Protection,Air Quality,"Air: Smoke, Chimney or vent (AS1)",,10128,443 EAST   88 STREET,EAST   88 STREET,1 AVE,YORK AVE,ADDRESS,NEW YORK,N/A,Closed,,The Department of Environmental Protection determined that this complaint is a duplicate of a previously filed complaint. The original complaint is being addressed.,2016-09-30T13:15:00.000,08 MANHATTAN,MANHATTAN,998817,222641,Unspecified,MANHATTAN,40.77776239257021,-73.94740346054459,"{'type': 'Point', 'coordinates': [-73.94740346054459, 40.77776239257021]}",,,
34431452,2016-09-29T21:31:00.000,2016-10-07T17:45:00.000,DEP,Department of Environmental Protection,Noise,Noise: Alarms (NR3),,11366,159-06 UNION TURNPIKE,UNION TURNPIKE,159 ST,160 ST,ADDRESS,Fresh Meadows,N/A,Closed,,The Department of Environmental Protection determined that this complaint is a duplicate of a previously filed complaint. The original complaint is being addressed.,2016-10-07T17:45:00.000,08 QUEENS,QUEENS,1037538,201770,Unspecified,QUEENS,40.720328269590894,-73.80776061338688,"{'type': 'Point', 'coordinates': [-73.80776061338688, 40.720328269590894]}",,,
34431432,2016-09-29T21:31:00.000,2016-09-30T21:31:00.000,DEP,Department of Environmental Protection,Lead,Lead Kit Request (Residential) (L10),,11233,451 MACDONOUGH STREET,MACDONOUGH STREET,MALCOLM X BLVD,PATCHEN AVE,ADDRESS,BROOKLYN,N/A,Closed,,The Department of Environmental Protection (DEP) mailed you the free lead test kit you requested. The kit includes instructions for collecting a water sample and contact information for DEP's Lead Program Unit if you have any questions. Please use the included pre-paid label to mail the sample to the lab for analysis. It may take the lab up to 30 days to complete their analysis and mail you the test results. This Service Request is closed and no further status will be available from 311.,2016-09-30T21:31:00.000,03 BROOKLYN,BROOKLYN,1004266,188064,Unspecified,BROOKLYN,40.682846372704574,-73.92783181725123,"{'type': 'Point', 'coordinates': [-73.92783181725123, 40.682846372704574]}",,,
34436723,2016-09-29T21:30:47.000,2016-09-30T02:57:21.000,NYPD,New York City Police Department,Blocked Driveway,No Access,Street/Sidewalk,11356,125-06 14 AVENUE,14 AVENUE,125 STREET,126 STREET,ADDRESS,COLLEGE POINT,Precinct,Closed,2016-09-30T05:30:47.000,The Police Department responded to the complaint and with the information available observed no evidence of the violation at that time.,2016-09-30T02:57:21.000,07 QUEENS,QUEENS,1027769,225420,Unspecified,QUEENS,40.78529486859223,-73.84284967097288,"{'type': 'Point', 'coordinates': [-73.84284967097288, 40.78529486859223]}",,,
34433102,2016-09-29T21:30:24.000,2016-09-29T21:40:36.000,NYPD,New York City Police Department,Noise - Street/Sidewalk,Loud Talking,Street/Sidewalk,10472,1209 BEACH AVENUE,BEACH AVENUE,GLEASON AVENUE,WESTCHESTER AVENUE,ADDRESS,BRONX,Precinct,Closed,2016-09-30T05:30:24.000,The Police Department responded to the complaint and determined that police action was not necessary.,2016-09-29T21:40:36.000,09 BRONX,BRONX,1021324,241846,Unspecified,BRONX,40.83040902856543,-73.86603228873693,"{'type': 'Point', 'coordinates': [-73.86603228873693, 40.83040902856543]}",,,
34435152,2016-09-29T21:30:16.000,2016-09-29T23:25:11.000,NYPD,New York City Police Department,Noise - Residential,Banging/Pounding,Residential Building/House,11203,3400 SNYDER AVENUE,SNYDER AVENUE,EAST 34 STREET,EAST 35 STREET,ADDRESS,BROOKLYN,Precinct,Closed,2016-09-30T05:30:16.000,The Police Department responded to the complaint and took action to fix the condition.,2016-09-29T23:25:11.000,17 BROOKLYN,BROOKLYN,999410,175788,Unspecified,BROOKLYN,40.64916113620837,-73.94536784472479,"{'type': 'Point', 'coordinates': [-73.94536784472479, 40.64916113620837]}",,,
34436028,2016-09-29T21:30:10.000,2016-09-30T01:34:08.000,NYPD,New York City Police Department,Noise - Residential,Banging/Pounding,Residential Building/House,10014,165 CHRISTOPHER STREET,CHRISTOPHER STREET,WASHINGTON STREET,WEEHAWKEN STREET,ADDRESS,NEW YORK,Precinct,Closed,2016-09-30T05:30:10.000,The Police Department responded to the complaint and with the information available observed no evidence of the violation at that time.,2016-09-30T01:34:08.000,02 MANHATTAN,MANHATTAN,981805,206190,Unspecified,MANHATTAN,40.73262024907028,-74.00882209180654,"{'type': 'Point', 'coordinates': [-74.00882209180654, 40.73262024907028]}",,,
34431525,2016-09-29T21:29:39.000,2016-09-29T23:08:04.000,NYPD,New York City Police Department,Illegal Parking,Commercial Overnight Parking,Street/Sidewalk,11210,3902 AVENUE H,AVENUE H,EAST 39 STREET,EAST 40 STREET,ADDRESS,BROOKLYN,Precinct,Closed,2016-09-30T05:29:39.000,The Police Department responded to the complaint and determined that police action was not necessary.,2016-09-29T23:08:04.000,17 BROOKLYN,BROOKLYN,1001244,169607,Unspecified,BROOKLYN,40.632192290241036,-73.93877422198513,"{'type': 'Point', 'coordinates': [-73.93877422198513, 40.632192290241036]}",,,
34435971,2016-09-29T21:29:16.000,2016-09-29T23:20:54.000,NYPD,New York City Police Department,Noise - Residential,Banging/Pounding,Residential Building/House,11208,661 HEMLOCK STREET,HEMLOCK STREET,SUTTER AVENUE,BLAKE AVENUE,ADDRESS,BROOKLYN,Precinct,Closed,2016-09-30T05:29:16.000,The Police Department responded to the complaint and with the information available observed no evidence of the violation at that time.,2016-09-29T23:20:54.000,05 BROOKLYN,BROOKLYN,1020768,184365,Unspecified,BROOKLYN,40.672640766504955,-73.86835356110943,"{'type': 'Point', 'coordinates': [-73.86835356110943, 40.672640766504955]}",,,
34435026,2016-09-29T21:28:54.000,2016-09-30T08:09:48.000,NYPD,New York City Police Department,Noise - Residential,Banging/Pounding,Residential Building/House,10459,1351 PROSPECT AVENUE,PROSPECT AVENUE,EAST 169 STREET,FREEMAN STREET,ADDRESS,BRONX,Precinct,Closed,2016-09-30T05:28:54.000,The Police Department responded and upon arrival those responsible for the condition were gone.,2016-09-30T08:09:49.000,03 BRONX,BRONX,1012661,241689,Unspecified,BRONX,40.830010224557554,-73.89733686089784,"{'type': 'Point', 'coordinates': [-73.89733686089784, 40.830010224557554]}",,,
34431507,2016-09-29T21:28:45.000,2016-09-30T15:41:07.000,NYPD,New York City Police Department,Illegal Parking,Blocked Hydrant,Street/Sidewalk,10470,333 EAST 236 STREET,EAST 236 STREET,KATONAH AVENUE,MARTHA AVENUE,ADDRESS,BRONX,Precinct,Closed,2016-09-30T05:28:45.000,The Police Department responded to the complaint and with the information available observed no evidence of the violation at that time.,2016-09-30T15:41:07.000,12 BRONX,BRONX,1021176,266609,Unspecified,BRONX,40.898376501658674,-73.86643064652561,"{'type': 'Point', 'coordinates': [-73.86643064652561, 40.898376501658674]}",,,
34432581,2016-09-29T21:28:30.000,2016-09-30T08:30:00.000,DOT,Department of Transportation,Street Condition,Pothole,,11429,102-38 221 STREET,221 STREET,103 AVENUE,HEMPSTEAD AVENUE,ADDRESS,Queens Village,N/A,Closed,,The Department of Transportation inspected this complaint and repaired the problem.,2016-09-30T08:30:00.000,13 QUEENS,QUEENS,1058251,198937,Unspecified,QUEENS,40.7124033843078,-73.73306886967084,"{'type': 'Point', 'coordinates': [-73.73306886967084, 40.7124033843078]}",,,
34436350,2016-09-29T21:28:00.000,2016-09-30T06:20:00.000,DEP,Department of Environmental Protection,Water System,Leak (Use Comments) (WA2),,11105,26-04 23 AVENUE,23 AVENUE,26 ST,27 ST,ADDRESS,Astoria,N/A,Closed,,"Please call 311 for further information. If you are outside of New York City, please call (212) NEW-YORK (212-639-9675).",2016-09-30T06:20:00.000,01 QUEENS,QUEENS,1007569,222161,Unspecified,QUEENS,40.77642616299447,-73.91580461266146,"{'type': 'Point', 'coordinates': [-73.91580461266146, 40.77642616299447]}",,,
34431273,2016-09-29T21:27:46.000,2016-09-29T22:56:14.000,NYPD,New York City Police Department,Noise - Residential,Banging/Pounding,Residential Building/House,11212,296 SUTTER AVENUE,SUTTER AVENUE,ROCKAWAY AVENUE,OSBORN STREET,ADDRESS,BROOKLYN,Precinct,Closed,2016-09-30T05:27:46.000,The Police Department responded to the complaint and took action to fix the condition.,2016-09-29T22:56:15.000,16 BROOKLYN,BROOKLYN,1009476,182403,Unspecified,BROOKLYN,40.667294895923774,-73.90906823341845,"{'type': 'Point', 'coordinates': [-73.90906823341845, 40.667294895923774]}",,,
34431261,2016-09-29T21:27:42.000,2016-09-30T08:09:48.000,NYPD,New York City Police Department,Derelict Vehicle,With License Plate,Street/Sidewalk,10456,3491 THIRD AVENUE,THIRD AVENUE,EAST 167 STREET,EAST 168 STREET,ADDRESS,BRONX,Precinct,Closed,2016-09-30T05:27:42.000,The Police Department responded and upon arrival those responsible for the condition were gone.,2016-09-30T08:09:48.000,03 BRONX,BRONX,1010213,241802,Unspecified,BRONX,40.830327912413594,-73.90618226368314,"{'type': 'Point', 'coordinates': [-73.90618226368314, 40.830327912413594]}",,,
34435046,2016-09-29T21:27:21.000,2016-09-30T00:11:26.000,NYPD,New York City Police Department,Noise - Commercial,Banging/Pounding,Store/Commercial,10016,401 EAST 34 STREET,EAST 34 STREET,1 AVENUE,FDR DRIVE SB ENTRANCE E 34 ST,ADDRESS,NEW YORK,Precinct,Closed,2016-09-30T05:27:21.000,The Police Department responded to the complaint and determined that police action was not necessary.,2016-09-30T00:11:26.000,06 MANHATTAN,MANHATTAN,991646,210232,Unspecified,MANHATTAN,40.74371178298426,-73.97330918018613,"{'type': 'Point', 'coordinates': [-73.97330918018613, 40.74371178298426]}",,,
34430460,2016-09-29T21:26:50.000,,DOHMH,Department of Health and Mental Hygiene,Food Establishment,Food Temperature,Restaurant/Bar/Deli/Bakery,10016,593 FIRST AVENUE,FIRST AVENUE,EAST 33 STREET,EAST 34 STREET,ADDRESS,NEW YORK,N/A,Pending,2016-11-05T21:26:50.000,The Department of Health and Mental Hygiene has received and processed your complaint.  All restaurants and mobile food vendors are inspected annually.  Restaurant inspection results can be found on WWW.NYC.GOV or a copy of the inspection can be requested from 311.,2016-09-30T10:46:17.000,06 MANHATTAN,MANHATTAN,991567,210222,Unspecified,MANHATTAN,40.74368440120076,-73.97359428768951,"{'type': 'Point', 'coordinates': [-73.97359428768951, 40.74368440120076]}",,,
34434367,2016-09-29T21:26:34.000,2016-09-29T23:12:21.000,NYPD,New York City Police Department,Illegal Parking,Commercial Overnight Parking,Street/Sidewalk,11357,199-50 24 ROAD,24 ROAD,BEND,201 STREET,ADDRESS,WHITESTONE,Precinct,Closed,2016-09-30T05:26:34.000,The Police Department responded to the complaint and with the information available observed no evidence of the violation at that time.,2016-09-29T23:12:21.000,07 QUEENS,QUEENS,1041954,221684,Unspecified,QUEENS,40.77495933450796,-73.79165884271482,"{'type': 'Point', 'coordinates': [-73.79165884271482, 40.77495933450796]}",,,
34431713,2016-09-29T21:26:20.000,2016-10-18T09:33:32.000,DPR,Department of Parks and Recreation,Damaged Tree,Entire Tree Has Fallen Down,Street,10461,,,,,INTERSECTION,BRONX,N/A,Closed,2016-10-05T06:55:09.000,The Department of Parks and Recreation performed the work necessary to correct the condition.,2016-10-18T09:33:32.000,11 BRONX,BRONX,1026049,250919,Unspecified,BRONX,40.85529062487551,-73.84890187740963,"{'type': 'Point', 'coordinates': [-73.84890187740963, 40.85529062487551]}",PAWNEE PLACE,SEMINOLE AVENUE,
34431288,2016-09-29T21:26:09.000,2016-09-29T22:26:59.000,NYPD,New York City Police Department,Noise - Residential,Loud Music/Party,Residential Building/House,10455,525 EAST 146 STREET,EAST 146 STREET,BROOK AVENUE,ST ANNS AVENUE,ADDRESS,BRONX,Precinct,Closed,2016-09-30T05:26:09.000,The Police Department responded to the complaint and took action to fix the condition.,2016-09-29T22:26:59.000,01 BRONX,BRONX,1007636,235407,Unspecified,BRONX,40.81278265256878,-73.91551657734675,"{'type': 'Point', 'coordinates': [-73.91551657734675, 40.81278265256878]}",,,
34442080,2016-09-29T21:26:00.000,2016-10-05T12:00:00.000,DSNY,Department of Sanitation,Dirty Conditions,E15 Illegal Postering,Sidewalk,10312,1111 HUGUENOT AVENUE,HUGUENOT AVENUE,EYLANDT STREET,PRALL AVENUE,ADDRESS,STATEN ISLAND,N/A,Closed,,The Department of Sanitation has removed illegal postings from the location. The Department will issue a Notice of Violation to the responsible party once it is identified.,2016-10-05T12:00:00.000,03 STATEN ISLAND,STATEN ISLAND,931906,131368,Unspecified,STATEN ISLAND,40.52709568486944,-74.18828794486312,"{'type': 'Point', 'coordinates': [-74.18828794486312, 40.52709568486944]}",,,
34435390,2016-09-29T21:26:00.000,2016-09-29T21:26:00.000,DEP,Department of Environmental Protection,Water System,Hydrant Running (WC3),,10003,,,E 17 ST,5 AVE,INTERSECTION,NEW YORK,N/A,Closed,,"Please call 311 for further information. If you are outside of New York City, please call (212) NEW-YORK (212-639-9675).",2016-09-29T21:26:00.000,05 MANHATTAN,MANHATTAN,986405,208120,Unspecified,MANHATTAN,40.737917698502024,-73.99222367305754,"{'type': 'Point', 'coordinates': [-73.99222367305754, 40.737917698502024]}",EAST 17 STREET,5 AVENUE,
34436598,2016-09-29T21:25:26.000,2016-10-07T12:54:37.000,HPD,Department of Housing Preservation and Development,HEAT/HOT WATER,ENTIRE BUILDING,RESIDENTIAL BUILDING,11212,1100 WINTHROP STREET,WINTHROP STREET,,,ADDRESS,BROOKLYN,N/A,Closed,,The complaint you filed is a duplicate of a condition already reported by another tenant for a building-wide condition. The original complaint is still open. HPD may attempt to contact you to verify the correction of the condition or may conduct an inspection of your unit if the original complainant is not available for verification.,2016-10-07T12:54:37.000,17 BROOKLYN,BROOKLYN,1005528,180415,Unspecified,BROOKLYN,40.66184864742908,-73.92330579331549,"{'type': 'Point', 'coordinates': [-73.92330579331549, 40.66184864742908]}",,,
34430625,2016-09-29T21:25:22.000,2016-09-29T21:55:43.000,NYPD,New York City Police Department,Illegal Parking,Commercial Overnight Parking,Street/Sidewalk,10304,14 MARK STREET,MARK STREET,RICHMOND ROAD,DEAD END,ADDRESS,STATEN ISLAND,Precinct,Closed,2016-09-30T05:25:22.000,The Police Department responded to the complaint and took action to fix the condition.,2016-09-29T21:55:43.000,02 STATEN ISLAND,STATEN ISLAND,958032,156446,Unspecified,STATEN ISLAND,40.596045586215055,-74.09440677035737,"{'type': 'Point', 'coordinates': [-74.09440677035737, 40.596045586215055]}",,,
34437213,2016-09-29T21:23:31.000,2016-09-30T08:17:58.000,NYPD,New York City Police Department,Illegal Parking,Blocked Sidewalk,Street/Sidewalk,10462,1910 BARNES AVENUE,BARNES AVENUE,RHINELANDER AVENUE,BRONXDALE AVENUE,ADDRESS,BRONX,Precinct,Closed,2016-09-30T05:23:31.000,The Police Department responded to the complaint and with the information available observed no evidence of the violation at that time.,2016-09-30T08:17:58.000,11 BRONX,BRONX,1021981,248576,Unspecified,BRONX,40.848878115541886,-73.86362034655184,"{'type': 'Point', 'coordinates': [-73.86362034655184, 40.848878115541886]}",,,
34429994,2016-09-29T21:23:20.000,2016-10-18T11:54:02.000,HPD,Department of Housing Preservation and Development,ELECTRIC,OUTLET/SWITCH,RESIDENTIAL BUILDING,10466,645 EAST  228 STREET,EAST  228 STREET,,,ADDRESS,BRONX,N/A,Closed,,The Department of Housing Preservation and Development inspected the following conditions. Violations were issued. Information about specific violations is available at www.nyc.gov/hpd.,2016-10-18T11:54:02.000,12 BRONX,BRONX,1022593,263770,Unspecified,BRONX,40.8905783149278,-73.86132131619321,"{'type': 'Point', 'coordinates': [-73.86132131619321, 40.8905783149278]}",,,
34434712,2016-09-29T21:23:20.000,2016-10-17T11:13:27.000,HPD,Department of Housing Preservation and Development,PAINT/PLASTER,CEILING,RESIDENTIAL BUILDING,10466,645 EAST  228 STREET,EAST  228 STREET,,,ADDRESS,BRONX,N/A,Closed,,The Department of Housing Preservation and Development inspected the following conditions. No violations were issued. The complaint has been closed.,2016-10-17T11:13:27.000,12 BRONX,BRONX,1022593,263770,Unspecified,BRONX,40.8905783149278,-73.86132131619321,"{'type': 'Point', 'coordinates': [-73.86132131619321, 40.8905783149278]}",,,
34436582,2016-09-29T21:23:20.000,2016-10-18T11:54:02.000,HPD,Department of Housing Preservation and Development,ELECTRIC,OUTLET/SWITCH,RESIDENTIAL BUILDING,10466,645 EAST  228 STREET,EAST  228 STREET,,,ADDRESS,BRONX,N/A,Closed,,The Department of Housing Preservation and Development inspected the following conditions. Violations were issued. Information about specific violations is available at www.nyc.gov/hpd.,2016-10-18T11:54:02.000,12 BRONX,BRONX,1022593,263770,Unspecified,BRONX,40.8905783149278,-73.86132131619321,"{'type': 'Point', 'coordinates': [-73.86132131619321, 40.8905783149278]}",,,
34433110,2016-09-29T21:21:26.000,2016-09-29T23:09:11.000,NYPD,New York City Police Department,Noise - Residential,Loud Music/Party,Residential Building/House,10024,,,,,INTERSECTION,NEW YORK,Precinct,Closed,2016-09-30T05:21:26.000,The Police Department responded to the complaint and took action to fix the condition.,2016-09-29T23:09:11.000,07 MANHATTAN,MANHATTAN,990774,225542,Unspecified,MANHATTAN,40.78573446362824,-73.9764412100906,"{'type': 'Point', 'coordinates': [-73.9764412100906, 40.78573446362824]}",WEST   83 STREET,AMSTERDAM AVENUE,
34432194,2016-09-29T21:21:12.000,2016-09-29T23:32:34.000,NYPD,New York City Police Department,Noise - Residential,Loud Music/Party,Residential Building/House,11213,,,,,INTERSECTION,BROOKLYN,Precinct,Closed,2016-09-30T05:21:12.000,The Police Department responded to the complaint and with the information available observed no evidence of the violation at that time.,2016-09-29T23:32:34.000,08 BROOKLYN,BROOKLYN,999564,183868,Unspecified,BROOKLYN,40.67133868641598,-73.9447945237456,"{'type': 'Point', 'coordinates': [-73.9447945237456, 40.67133868641598]}",ST JOHNS PLACE,BROOKLYN AVENUE,
34434219,2016-09-29T21:21:11.000,2016-09-29T21:21:28.000,TLC,Taxi and Limousine Commission,Taxi Report,Driver Report,Street,10027,,,,,INTERSECTION,NEW YORK,N/A,Closed,,Your report has been sent to the Taxi and Limousine Commission (TLC). You are not available to participate in a hearing so TLC cannot take any action against the driver or car service company. No further information will be available for your report.,2016-09-29T21:21:29.000,09 MANHATTAN,MANHATTAN,994754,234578,Unspecified,MANHATTAN,40.81053198701492,-73.96205491521049,"{'type': 'Point', 'coordinates': [-73.96205491521049, 40.81053198701492]}",BROADWAY,WEST  120 STREET,
34431913,2016-09-29T21:21:00.000,2016-10-01T00:20:00.000,DOT,Department of Transportation,Street Light Condition,Street Light Out,,,,,WALES AVE,151 ST E,INTERSECTION,,N/A,Closed,,Service Request status for this request is available on the Department of Transportationâs website. Please click the âLearn Moreâ link below.,2016-10-01T00:20:00.000,Unspecified BRONX,BRONX,,,Unspecified,BRONX,,,,WALES AVE,151 ST E,
34434975,2016-09-29T21:20:52.000,2016-09-29T22:09:00.000,NYPD,New York City Police Department,Noise - Residential,Loud Music/Party,Residential Building/House,11691,40-20 BEACH CHANNEL DRIVE,BEACH CHANNEL DRIVE,BEACH 40 STREET,BEACH 41 STREET,ADDRESS,FAR ROCKAWAY,Precinct,Closed,2016-09-30T05:20:52.000,The Police Department responded to the complaint and took action to fix the condition.,2016-09-29T22:09:00.000,14 QUEENS,QUEENS,1047438,156434,Unspecified,QUEENS,40.595826178689734,-73.77247078508053,"{'type': 'Point', 'coordinates': [-73.77247078508053, 40.595826178689734]}",,,
34431579,2016-09-29T21:20:00.000,2016-10-05T21:30:00.000,DEP,Department of Environmental Protection,Noise,Noise: Construction Before/After Hours (NM1),,10017,235 EAST   41 STREET,EAST   41 STREET,QUEENS MIDTOWN TUNNEL EXIT,2 AVE,ADDRESS,NEW YORK,N/A,Closed,,"The Department of Environmental Protection (DEP) didn't observe a violation of the NYC Air or Noise Code at the time of inspection and couldn't issue a summons.  If the problem still exists, please go to nyc.gov/311 or call 311 to file a new Service Request. If you're outside of New York City, please call (212) NEW-YORK (212-639-9675).",2016-10-05T21:30:00.000,06 MANHATTAN,MANHATTAN,991593,212342,Unspecified,MANHATTAN,40.74950324729638,-73.97349814380243,"{'type': 'Point', 'coordinates': [-73.97349814380243, 40.74950324729638]}",,,
34435281,2016-09-29T21:19:51.000,2016-09-29T23:02:37.000,NYPD,New York City Police Department,Illegal Parking,Double Parked Blocking Traffic,Street/Sidewalk,11373,77-17 QUEENS BOULEVARD,QUEENS BOULEVARD,JACOBUS STREET,IRELAND STREET,ADDRESS,ELMHURST,Precinct,Closed,2016-09-30T05:19:51.000,The Police Department issued a summons in response to the complaint.,2016-09-29T23:02:37.000,04 QUEENS,QUEENS,1015655,208365,Unspecified,QUEENS,40.738534666756635,-73.88667383906538,"{'type': 'Point', 'coordinates': [-73.88667383906538, 40.738534666756635]}",,,
34435869,2016-09-29T21:19:50.000,2016-09-30T03:25:22.000,NYPD,New York City Police Department,Noise - Commercial,Loud Music/Party,Club/Bar/Restaurant,10034,600 WEST 218 STREET,WEST 218 STREET,SEAMAN AVENUE,INDIAN ROAD,ADDRESS,NEW YORK,Precinct,Closed,2016-09-30T05:19:50.000,The Police Department responded to the complaint and took action to fix the condition.,2016-09-30T03:25:22.000,12 MANHATTAN,MANHATTAN,1006878,257309,Unspecified,MANHATTAN,40.87289918174896,-73.91818099611028,"{'type': 'Point', 'coordinates': [-73.91818099611028, 40.87289918174896]}",,,
34432172,2016-09-29T21:19:17.000,,DPR,Department of Parks and Recreation,New Tree Request,For One Address,Street,10461,2540 EAST TREMONT AVENUE,EAST TREMONT AVENUE,LURTING AVENUE,MONTGOMERY PLACE,ADDRESS,BRONX,N/A,Assigned,2017-04-19T09:37:05.000,The Department of Parks and Recreation has reviewed this request and will visit the location to investigate the condition.,2016-10-21T09:37:47.000,10 BRONX,BRONX,1025897,246404,Unspecified,BRONX,40.84289902044268,-73.84947938223313,"{'type': 'Point', 'coordinates': [-73.84947938223313, 40.84289902044268]}",,,
34430375,2016-09-29T21:19:00.000,2016-09-29T23:40:00.000,DOT,Department of Transportation,Traffic Signal Condition,Veh Signal Lamp,,10012,,,LAFAYETTE ST,KENMARE ST,INTERSECTION,NEW YORK,N/A,Closed,,Service Request status for this request is available on the Department of Transportationâs website. Please click the âLearn Moreâ link below.,2016-09-29T23:40:00.000,02 MANHATTAN,MANHATTAN,984871,202166,Unspecified,MANHATTAN,40.72157566514923,-73.99775966826135,"{'type': 'Point', 'coordinates': [-73.99775966826135, 40.72157566514923]}",LAFAYETTE STREET,KENMARE STREET,
34435380,2016-09-29T21:19:00.000,2016-09-29T22:45:00.000,DEP,Department of Environmental Protection,Sewer,Sewer Backup (Use Comments) (SA),,11413,121-05 MILBURN STREET,MILBURN STREET,121 AVE,122 AVE,ADDRESS,Springfield Gardens,N/A,Closed,,The Department of Environmental Protection investigated this complaint and found there was no sewer back up in the city system at the time of the inspection.,2016-09-29T22:45:00.000,12 QUEENS,QUEENS,1050867,188953,Unspecified,QUEENS,40.68505841463139,-73.75980251834858,"{'type': 'Point', 'coordinates': [-73.75980251834858, 40.68505841463139]}",,,
34430214,2016-09-29T21:18:51.000,2016-09-29T22:47:37.000,NYPD,New York City Police Department,Blocked Driveway,No Access,Street/Sidewalk,11354,33-02 PARSONS BOULEVARD,PARSONS BOULEVARD,33 AVENUE,34 AVENUE,ADDRESS,FLUSHING,Precinct,Closed,2016-09-30T05:18:51.000,The Police Department responded to the complaint and with the information available observed no evidence of the violation at that time.,2016-09-29T22:47:37.000,07 QUEENS,QUEENS,1032952,219113,Unspecified,QUEENS,40.767956806627,-73.82417923494432,"{'type': 'Point', 'coordinates': [-73.82417923494432, 40.767956806627]}",,,
34430787,2016-09-29T21:18:40.000,2017-01-05T15:04:17.000,DOT,Department of Transportation,Street Condition,"Rough, Pitted or Cracked Roads",Street,10024,,,,,INTERSECTION,NEW YORK,N/A,Closed,2016-12-28T21:18:40.000,"The Department of Transportation inspected the condition and made the determination that the street meets resurfacing standards and will be planned for either the next or future resurfacing seasons (2 - 3 years).  The Department of Transportation works with Community Boards and elected officials to determine resurfacing priority.  For specific scheduling information regarding your street, contact your Community Board.",2017-01-05T15:04:17.000,07 MANHATTAN,MANHATTAN,991169,226253,Unspecified,MANHATTAN,40.78768566806202,-73.97501409492868,"{'type': 'Point', 'coordinates': [-73.97501409492868, 40.78768566806202]}",AMSTERDAM AVENUE,WEST   86 STREET,
34432188,2016-09-29T21:18:35.000,2016-10-15T01:06:46.000,DCWP,Department of Consumer and Worker Protection,Consumer Complaint,Rates Not Posted,,10019,900 8 AVENUE,8 AVENUE,WEST 53 STREET,WEST 54 STREET,ADDRESS,NEW YORK,N/A,Closed,2016-10-18T11:33:33.000,"The Department of Consumer Affairs mailed you a complaint form. If you received the form and have not yet completed it, please do so. Be sure to follow the instructions on the form and return it to DCA with all required documentation.     311 can assist those who have not received the complaint form by creating a new Service Request. Additionally, 311 can assist those who returned the form but want to inquire about the status of the filed complaint.",2016-10-15T01:06:46.000,05 MANHATTAN,MANHATTAN,988549,217806,Unspecified,MANHATTAN,40.764502536970305,-73.98448084752273,"{'type': 'Point', 'coordinates': [-73.98448084752273, 40.764502536970305]}",,,
34437189,2016-09-29T21:18:00.000,2016-09-29T22:40:00.000,DOT,Department of Transportation,Traffic Signal Condition,Veh Signal Lamp,,10012,,,MULBERRY ST,KENMARE ST,INTERSECTION,NEW YORK,N/A,Closed,,"Service Request status for this request is available on the Department of Transportation's website. Please click the ""Learn More"" link below.",2016-09-29T22:40:00.000,02 MANHATTAN,MANHATTAN,985199,202019,Unspecified,MANHATTAN,40.721172156527956,-73.99657638977774,"{'type': 'Point', 'coordinates': [-73.99657638977774, 40.721172156527956]}",MULBERRY STREET,KENMARE STREET,
34434947,2016-09-29T21:17:43.000,2016-09-30T03:25:21.000,NYPD,New York City Police Department,Noise - Commercial,Loud Music/Party,Club/Bar/Restaurant,10034,600 WEST 218 STREET,WEST 218 STREET,SEAMAN AVENUE,INDIAN ROAD,ADDRESS,NEW YORK,Precinct,Closed,2016-09-30T05:17:43.000,The Police Department responded to the complaint and took action to fix the condition.,2016-09-30T03:25:21.000,12 MANHATTAN,MANHATTAN,1006878,257309,Unspecified,MANHATTAN,40.87289918174896,-73.91818099611028,"{'type': 'Point', 'coordinates': [-73.91818099611028, 40.87289918174896]}",,,
34430382,2016-09-29T21:17:27.000,2016-09-29T21:42:45.000,NYPD,New York City Police Department,Noise - Commercial,Loud Music/Party,Club/Bar/Restaurant,10026,2194 FREDERICK DOUGLASS BOULEVARD,FREDERICK DOUGLASS BOULEVARD,WEST 118 STREET,WEST 119 STREET,ADDRESS,NEW YORK,Precinct,Closed,2016-09-30T05:17:27.000,The Police Department responded to the complaint and with the information available observed no evidence of the violation at that time.,2016-09-29T21:42:45.000,10 MANHATTAN,MANHATTAN,996914,232901,Unspecified,MANHATTAN,40.8059262544307,-73.95425520664358,"{'type': 'Point', 'coordinates': [-73.95425520664358, 40.8059262544307]}",,,
34434092,2016-09-29T21:16:51.000,2016-09-29T23:32:35.000,NYPD,New York City Police Department,Noise - Street/Sidewalk,Loud Music/Party,Street/Sidewalk,11213,,,,,INTERSECTION,BROOKLYN,Precinct,Closed,2016-09-30T05:16:51.000,The Police Department responded to the complaint and with the information available observed no evidence of the violation at that time.,2016-09-29T23:32:36.000,08 BROOKLYN,BROOKLYN,999564,183868,Unspecified,BROOKLYN,40.67133868641598,-73.9447945237456,"{'type': 'Point', 'coordinates': [-73.9447945237456, 40.67133868641598]}",SAINT JOHNS PLACE,BROOKLYN AVENUE,
34431287,2016-09-29T21:16:28.000,2016-09-30T11:14:21.000,NYPD,New York City Police Department,Noise - Residential,Loud Music/Party,Residential Building/House,11230,2080 OCEAN AVENUE,OCEAN AVENUE,AVENUE O,AVENUE P,ADDRESS,BROOKLYN,Precinct,Closed,2016-09-30T05:16:28.000,The Police Department responded to the complaint and with the information available observed no evidence of the violation at that time.,2016-09-30T11:14:21.000,14 BROOKLYN,BROOKLYN,997104,162044,Unspecified,BROOKLYN,40.611440411539604,-73.9537041614975,"{'type': 'Point', 'coordinates': [-73.9537041614975, 40.611440411539604]}",,,
34431048,2016-09-29T21:16:24.000,2016-10-07T12:19:21.000,HPD,Department of Housing Preservation and Development,PLUMBING,WATER SUPPLY,RESIDENTIAL BUILDING,10466,645 EAST  228 STREET,EAST  228 STREET,,,ADDRESS,BRONX,N/A,Closed,,The Department of Housing Preservation and Development inspected the following conditions. No violations were issued. The complaint has been closed.,2016-10-07T12:19:21.000,12 BRONX,BRONX,1022593,263770,Unspecified,BRONX,40.8905783149278,-73.86132131619321,"{'type': 'Point', 'coordinates': [-73.86132131619321, 40.8905783149278]}",,,
34436570,2016-09-29T21:16:24.000,2016-10-04T02:16:15.000,HPD,Department of Housing Preservation and Development,HEAT/HOT WATER,ENTIRE BUILDING,RESIDENTIAL BUILDING,10466,645 EAST  228 STREET,EAST  228 STREET,,,ADDRESS,BRONX,N/A,Closed,,"The Department of Housing Preservation and Development was not able to gain access to your apartment or others in the building to inspect for a lack of heat or hot water. The complaint has been closed. If the condition still exists, please file a new complaint.",2016-10-04T02:16:15.000,12 BRONX,BRONX,1022593,263770,Unspecified,BRONX,40.8905783149278,-73.86132131619321,"{'type': 'Point', 'coordinates': [-73.86132131619321, 40.8905783149278]}",,,
34433180,2016-09-29T21:16:14.000,2016-09-30T10:01:34.000,NYPD,New York City Police Department,Noise - Commercial,Loud Music/Party,Club/Bar/Restaurant,11101,47-38 VERNON BOULEVARD,VERNON BOULEVARD,47 ROAD,48 AVENUE,ADDRESS,LONG ISLAND CITY,Precinct,Closed,2016-09-30T05:16:14.000,The Police Department responded to the complaint and with the information available observed no evidence of the violation at that time.,2016-09-30T10:01:34.000,02 QUEENS,QUEENS,997138,210558,Unspecified,QUEENS,40.744600272928615,-73.95348892859415,"{'type': 'Point', 'coordinates': [-73.95348892859415, 40.744600272928615]}",,,
34432045,2016-09-29T21:16:00.000,2016-09-30T11:08:00.000,DOT,Department of Transportation,Street Light Condition,Lamppost Base Door/Cover Damaged,,,1890 14 ST E,14 ST E,AVE R,AVE S,ADDRESS,,N/A,Closed,,Service Request status for this request is available on the Department of Transportationâs website. Please click the âLearn Moreâ link below.,2016-09-30T11:08:00.000,Unspecified BROOKLYN,BROOKLYN,,,Unspecified,BROOKLYN,,,,,,
34437165,2016-09-29T21:15:42.000,2016-09-29T21:42:51.000,NYPD,New York City Police Department,Illegal Parking,Blocked Sidewalk,Street/Sidewalk,11357,149-33 23 AVENUE,23 AVENUE,149 STREET,150 STREET,ADDRESS,WHITESTONE,Precinct,Closed,2016-09-30T05:15:42.000,The Police Department responded and upon arrival those responsible for the condition were gone.,2016-09-29T21:42:51.000,07 QUEENS,QUEENS,1035106,222793,Unspecified,QUEENS,40.77804529272643,-73.81637517863743,"{'type': 'Point', 'coordinates': [-73.81637517863743, 40.77804529272643]}",,,
34432889,2016-09-29T21:15:41.000,2016-09-29T23:04:47.000,NYPD,New York City Police Department,Blocked Driveway,No Access,Street/Sidewalk,11434,178-21 SELOVER ROAD,SELOVER ROAD,BEND,SIDWAY PLACE,ADDRESS,JAMAICA,Precinct,Closed,2016-09-30T05:15:41.000,The Police Department issued a summons in response to the complaint.,2016-09-29T23:04:47.000,12 QUEENS,QUEENS,1049392,187903,Unspecified,QUEENS,40.682187392860186,-73.76513097496574,"{'type': 'Point', 'coordinates': [-73.76513097496574, 40.682187392860186]}",,,
34434343,2016-09-29T21:15:36.000,2016-09-30T03:45:38.000,NYPD,New York City Police Department,Illegal Parking,Blocked Hydrant,Street/Sidewalk,10462,1911 BARNES AVENUE,BARNES AVENUE,RHINELANDER AVENUE,BRONXDALE AVENUE,ADDRESS,BRONX,Precinct,Closed,2016-09-30T05:15:36.000,The Police Department responded to the complaint and with the information available observed no evidence of the violation at that time.,2016-09-30T03:45:38.000,11 BRONX,BRONX,1021975,248575,Unspecified,BRONX,40.84887539647779,-73.86364203929503,"{'type': 'Point', 'coordinates': [-73.86364203929503, 40.84887539647779]}",,,
34431697,2016-09-29T21:14:59.000,2016-10-12T10:29:05.000,DOT,Department of Transportation,Street Condition,Blocked - Construction,Street,11209,232 78 STREET,78 STREET,RIDGE BOULEVARD,3 AVENUE,ADDRESS,BROOKLYN,N/A,Closed,2016-10-09T21:14:59.000,"The Department of Transportation inspected the location for the condition you reported and could not find the problem. It you would like to pursue the complaint, please call 311 or (212)  639-9675 with additional information.",2016-10-12T10:29:05.000,10 BROOKLYN,BROOKLYN,975826,168688,Unspecified,BROOKLYN,40.62968212520559,-74.03034874210798,"{'type': 'Point', 'coordinates': [-74.03034874210798, 40.62968212520559]}",,,
34430393,2016-09-29T21:14:51.000,2016-09-29T22:28:11.000,NYPD,New York City Police Department,Noise - Residential,Loud Talking,Residential Building/House,10468,2505 UNIVERSITY AVENUE,UNIVERSITY AVENUE,WEST 190 STREET,WEST 192 STREET,ADDRESS,BRONX,Precinct,Closed,2016-09-30T05:14:51.000,The Police Department responded to the complaint and took action to fix the condition.,2016-09-29T22:28:11.000,07 BRONX,BRONX,1011060,254680,Unspecified,BRONX,40.865671671756864,-73.90307012473059,"{'type': 'Point', 'coordinates': [-73.90307012473059, 40.865671671756864]}",,,
34434653,2016-09-29T21:14:31.000,2016-10-07T20:28:36.000,HPD,Department of Housing Preservation and Development,DOOR/WINDOW,DOOR,RESIDENTIAL BUILDING,10466,654 EAST  224 STREET,EAST  224 STREET,,,ADDRESS,BRONX,N/A,Closed,,The Department of Housing Preservation and Development inspected the following conditions. Violations were issued. Information about specific violations is available at www.nyc.gov/hpd.,2016-10-07T20:28:36.000,12 BRONX,BRONX,1022296,262678,Unspecified,BRONX,40.887582408318465,-73.86240170581544,"{'type': 'Point', 'coordinates': [-73.86240170581544, 40.887582408318465]}",,,
34431929,2016-09-29T21:14:31.000,2016-10-07T20:28:36.000,HPD,Department of Housing Preservation and Development,PLUMBING,BATHTUB/SHOWER,RESIDENTIAL BUILDING,10466,654 EAST  224 STREET,EAST  224 STREET,,,ADDRESS,BRONX,N/A,Closed,,The Department of Housing Preservation and Development inspected the following conditions. Violations were issued. Information about specific violations is available at www.nyc.gov/hpd.,2016-10-07T20:28:36.000,12 BRONX,BRONX,1022296,262678,Unspecified,BRONX,40.887582408318465,-73.86240170581544,"{'type': 'Point', 'coordinates': [-73.86240170581544, 40.887582408318465]}",,,
34433704,2016-09-29T21:14:31.000,2016-10-07T20:28:35.000,HPD,Department of Housing Preservation and Development,FLOORING/STAIRS,FLOOR,RESIDENTIAL BUILDING,10466,654 EAST  224 STREET,EAST  224 STREET,,,ADDRESS,BRONX,N/A,Closed,,The Department of Housing Preservation and Development inspected the following conditions. Violations were issued. Information about specific violations is available at www.nyc.gov/hpd.,2016-10-07T20:28:35.000,12 BRONX,BRONX,1022296,262678,Unspecified,BRONX,40.887582408318465,-73.86240170581544,"{'type': 'Point', 'coordinates': [-73.86240170581544, 40.887582408318465]}",,,
34430917,2016-09-29T21:14:31.000,2016-10-07T20:28:35.000,HPD,Department of Housing Preservation and Development,APPLIANCE,ELECTRIC/GAS RANGE,RESIDENTIAL BUILDING,10466,654 EAST  224 STREET,EAST  224 STREET,,,ADDRESS,BRONX,N/A,Closed,,The Department of Housing Preservation and Development inspected the following conditions. Violations were issued. Information about specific violations is available at www.nyc.gov/hpd.,2016-10-07T20:28:35.000,12 BRONX,BRONX,1022296,262678,Unspecified,BRONX,40.887582408318465,-73.86240170581544,"{'type': 'Point', 'coordinates': [-73.86240170581544, 40.887582408318465]}",,,
34436613,2016-09-29T21:14:31.000,2016-10-07T20:28:36.000,HPD,Department of Housing Preservation and Development,PAINT/PLASTER,WALL,RESIDENTIAL BUILDING,10466,654 EAST  224 STREET,EAST  224 STREET,,,ADDRESS,BRONX,N/A,Closed,,The following complaint conditions are still open. HPD may attempt to contact you to verify the correction of the condition or may conduct an inspection.,2016-10-07T20:28:36.000,12 BRONX,BRONX,1022296,262678,Unspecified,BRONX,40.887582408318465,-73.86240170581544,"{'type': 'Point', 'coordinates': [-73.86240170581544, 40.887582408318465]}",,,
34434684,2016-09-29T21:14:31.000,2016-10-07T20:28:35.000,HPD,Department of Housing Preservation and Development,ELECTRIC,WIRING,RESIDENTIAL BUILDING,10466,654 EAST  224 STREET,EAST  224 STREET,,,ADDRESS,BRONX,N/A,Closed,,The Department of Housing Preservation and Development inspected the following conditions. No violations were issued. The complaint has been closed.,2016-10-07T20:28:35.000,12 BRONX,BRONX,1022296,262678,Unspecified,BRONX,40.887582408318465,-73.86240170581544,"{'type': 'Point', 'coordinates': [-73.86240170581544, 40.887582408318465]}",,,
34431821,2016-09-29T21:14:31.000,2016-10-07T20:28:36.000,HPD,Department of Housing Preservation and Development,ELECTRIC,OUTLET/SWITCH,RESIDENTIAL BUILDING,10466,654 EAST  224 STREET,EAST  224 STREET,,,ADDRESS,BRONX,N/A,Closed,,The Department of Housing Preservation and Development inspected the following conditions. Violations were issued. Information about specific violations is available at www.nyc.gov/hpd.,2016-10-07T20:28:36.000,12 BRONX,BRONX,1022296,262678,Unspecified,BRONX,40.887582408318465,-73.86240170581544,"{'type': 'Point', 'coordinates': [-73.86240170581544, 40.887582408318465]}",,,
34431565,2016-09-29T21:14:00.000,2016-09-29T21:43:59.000,NYPD,New York City Police Department,Illegal Parking,Posted Parking Sign Violation,Street/Sidewalk,10019,603 WEST 50 STREET,WEST 50 STREET,11 AVENUE,12 AVENUE,ADDRESS,NEW YORK,Precinct,Closed,2016-09-30T05:14:00.000,The Police Department responded to the complaint and with the information available observed no evidence of the violation at that time.,2016-09-29T21:43:59.000,04 MANHATTAN,MANHATTAN,985646,218362,Unspecified,MANHATTAN,40.76602954830418,-73.99496040160967,"{'type': 'Point', 'coordinates': [-73.99496040160967, 40.76602954830418]}",,,
34436172,2016-09-29T21:14:00.000,2016-09-30T09:15:00.000,DEP,Department of Environmental Protection,Water System,Excessive Water In Basement (WEFB),,11369,32-49 106 STREET,106 STREET,32 AVE,NORTHERN BLVD,ADDRESS,East Elmhurst,N/A,Closed,,"The Department of Environment Protection inspected your complaint but could not find the problem you reported. If the condition persists, please call 311 (or 212-639-9675 if calling from a non-New York City area code) with more detailed information to submit a new complaint.",2016-09-30T09:15:00.000,03 QUEENS,QUEENS,1022209,215752,Unspecified,QUEENS,40.75878439563175,-73.86298181573609,"{'type': 'Point', 'coordinates': [-73.86298181573609, 40.75878439563175]}",,,
34435095,2016-09-29T21:13:38.000,2016-09-29T23:40:14.000,NYPD,New York City Police Department,Noise - Vehicle,Engine Idling,Street/Sidewalk,10002,9 ALLEN STREET,ALLEN STREET,DIVISION STREET,CANAL STREET,ADDRESS,NEW YORK,Precinct,Closed,2016-09-30T05:13:38.000,The Police Department responded to the complaint and with the information available observed no evidence of the violation at that time.,2016-09-29T23:40:14.000,03 MANHATTAN,MANHATTAN,986300,199723,Unspecified,MANHATTAN,40.71487000132079,-73.99260512396494,"{'type': 'Point', 'coordinates': [-73.99260512396494, 40.71487000132079]}",,,
34437283,2016-09-29T21:13:00.000,2016-10-04T22:00:00.000,DEP,Department of Environmental Protection,Water System,Leak (Use Comments) (WA2),,10001,,,W 29 ST,9 AVE,INTERSECTION,NEW YORK,N/A,Closed,,The Department of Environmental Protection investigated this complaint and resolved the leak.,2016-10-04T22:00:00.000,04 MANHATTAN,MANHATTAN,984639,212610,Unspecified,MANHATTAN,40.750241879952384,-73.99859603211085,"{'type': 'Point', 'coordinates': [-73.99859603211085, 40.750241879952384]}",WEST 29 STREET,9 AVENUE,
34435302,2016-09-29T21:12:45.000,2016-11-12T14:06:04.000,DPR,Department of Parks and Recreation,Illegal Tree Damage,Trunk Damaged,Street,10461,2540 EAST TREMONT AVENUE,EAST TREMONT AVENUE,LURTING AVENUE,MONTGOMERY PLACE,ADDRESS,BRONX,N/A,Closed,2016-10-07T21:12:45.000,The Department of Parks and Recreation visited the site and inspected the condition. No work is necessary at this time.,2016-11-12T14:06:04.000,10 BRONX,BRONX,1025897,246404,Unspecified,BRONX,40.84289902044268,-73.84947938223313,"{'type': 'Point', 'coordinates': [-73.84947938223313, 40.84289902044268]}",,,
34440103,2016-09-29T21:12:06.000,2016-10-04T00:00:00.000,DOB,Department of Buildings,Elevator,Elevator - Defective/Not Working,,11377,41-25 50 STREET,50 STREET,,,ADDRESS,Woodside,N/A,Closed,,The Department of Buildings investigated this complaint and issued an Office of Administrative Trials and Hearings (OATH) summons.,2016-10-04T00:00:00.000,02 QUEENS,QUEENS,1007984,211026,Unspecified,QUEENS,40.74586235743115,-73.91434553033177,"{'type': 'Point', 'coordinates': [-73.91434553033177, 40.74586235743115]}",,,
34434960,2016-09-29T21:12:02.000,2016-09-30T04:56:07.000,NYPD,New York City Police Department,Noise - Residential,Banging/Pounding,Residential Building/House,10461,1628 SEDDON STREET,SEDDON STREET,DORSEY STREET,MACLAY AVENUE,ADDRESS,BRONX,Precinct,Closed,2016-09-30T05:12:02.000,The Police Department responded to the complaint and with the information available observed no evidence of the violation at that time.,2016-09-30T04:56:07.000,10 BRONX,BRONX,1025966,245652,Unspecified,BRONX,40.84083467740504,-73.8492346806653,"{'type': 'Point', 'coordinates': [-73.8492346806653, 40.84083467740504]}",,,
34430326,2016-09-29T21:11:58.000,2016-09-29T21:55:42.000,NYPD,New York City Police Department,Derelict Vehicle,With License Plate,Street/Sidewalk,10306,436 FALCON AVENUE,FALCON AVENUE,TYSENS LANE,PENN AVENUE,ADDRESS,STATEN ISLAND,Precinct,Closed,2016-09-30T05:11:58.000,The Police Department responded to the complaint and took action to fix the condition.,2016-09-29T21:55:43.000,03 STATEN ISLAND,STATEN ISLAND,952363,144114,Unspecified,STATEN ISLAND,40.562178124588094,-74.1147617236593,"{'type': 'Point', 'coordinates': [-74.1147617236593, 40.562178124588094]}",,,
34436997,2016-09-29T21:11:51.000,2016-09-29T23:42:19.000,NYPD,New York City Police Department,Noise - Commercial,Loud Music/Party,Store/Commercial,10012,ELIZABETH STREET,ELIZABETH STREET,PRINCE STREET,EAST HOUSTON STREET,BLOCKFACE,NEW YORK,Precinct,Closed,2016-09-30T05:11:51.000,The Police Department responded to the complaint and with the information available observed no evidence of the violation at that time.,2016-09-29T23:42:19.000,02 MANHATTAN,MANHATTAN,985961,202878,Unspecified,MANHATTAN,40.72352978929708,-73.99382718195774,"{'type': 'Point', 'coordinates': [-73.99382718195774, 40.72352978929708]}",,,
34434101,2016-09-29T21:11:36.000,2016-09-29T22:41:06.000,NYPD,New York City Police Department,Noise - Residential,Banging/Pounding,Residential Building/House,10002,70 PITT STREET,PITT STREET,DELANCEY STREET,RIVINGTON STREET,ADDRESS,NEW YORK,Precinct,Closed,2016-09-30T05:11:36.000,The Police Department responded to the complaint and took action to fix the condition.,2016-09-29T22:41:06.000,03 MANHATTAN,MANHATTAN,989083,200905,Unspecified,MANHATTAN,40.718113225498,-73.98256528039764,"{'type': 'Point', 'coordinates': [-73.98256528039764, 40.718113225498]}",,,
34435157,2016-09-29T21:10:50.000,2016-09-29T21:59:05.000,NYPD,New York City Police Department,Noise - Residential,Loud Music/Party,Residential Building/House,10032,530 WEST 163 STREET,WEST 163 STREET,ST NICHOLAS AVENUE,BROADWAY,ADDRESS,NEW YORK,Precinct,Closed,2016-09-30T05:10:50.000,The Police Department responded to the complaint and with the information available observed no evidence of the violation at that time.,2016-09-29T21:59:05.000,12 MANHATTAN,MANHATTAN,1000671,244286,Unspecified,MANHATTAN,40.8371686702629,-73.94065634637518,"{'type': 'Point', 'coordinates': [-73.94065634637518, 40.8371686702629]}",,,
34437043,2016-09-29T21:10:36.000,2016-09-30T07:00:17.000,NYPD,New York City Police Department,Noise - Residential,Loud Television,Residential Building/House,10030,2430 ADAM CLAYTON POWELL JR BOULEVARD,ADAM CLAYTON POWELL JR BOULEVARD,WEST 141 STREET,WEST 142 STREET,ADDRESS,NEW YORK,Precinct,Closed,2016-09-30T05:10:36.000,The Police Department responded to the complaint and determined that police action was not necessary.,2016-09-30T07:00:17.000,10 MANHATTAN,MANHATTAN,1000686,237865,Unspecified,MANHATTAN,40.81954483621709,-73.94061786857885,"{'type': 'Point', 'coordinates': [-73.94061786857885, 40.81954483621709]}",,,
34436190,2016-09-29T21:10:05.000,2016-09-30T00:47:49.000,NYPD,New York City Police Department,Illegal Parking,Overnight Commercial Storage,Street/Sidewalk,11414,159-48 80 STREET,80 STREET,159 AVENUE,160 AVENUE,ADDRESS,HOWARD BEACH,Precinct,Closed,2016-09-30T05:10:05.000,The Police Department issued a summons in response to the complaint.,2016-09-30T00:47:49.000,10 QUEENS,QUEENS,1025334,178518,Unspecified,QUEENS,40.65657205861998,-73.85192890955929,"{'type': 'Point', 'coordinates': [-73.85192890955929, 40.65657205861998]}",,,
34432643,2016-09-29T21:09:56.000,2016-09-30T04:02:40.000,DOT,Department of Transportation,Street Condition,Plate Condition - Noisy,Street,10471,6065 BROADWAY,BROADWAY,MANHATTAN COLLEGE PARKWAY,WEST 251 STREET,ADDRESS,BRONX,N/A,Closed,2016-10-09T21:09:56.000,The Department of Transportation inspected the condition you reported and temporarily addressed the condition. The Agency will notify the responsible party.,2016-09-30T04:02:40.000,08 BRONX,BRONX,1012765,264452,Unspecified,BRONX,40.89248741963043,-73.89686421247286,"{'type': 'Point', 'coordinates': [-73.89686421247286, 40.89248741963043]}",,,
34433850,2016-09-29T21:09:54.000,2016-09-29T21:25:30.000,NYPD,New York City Police Department,Blocked Driveway,Partial Access,Street/Sidewalk,11434,172-11 144 ROAD,144 ROAD,169 STREET,FARMERS BOULEVARD,ADDRESS,JAMAICA,Precinct,Closed,2016-09-30T05:09:54.000,The Police Department reviewed your complaint and provided additional information below.,2016-09-29T21:25:30.000,12 QUEENS,QUEENS,1048804,182714,Unspecified,QUEENS,40.66794911426032,-73.76730069432858,"{'type': 'Point', 'coordinates': [-73.76730069432858, 40.66794911426032]}",,,
34432497,2016-09-29T21:09:45.000,2016-09-30T09:39:15.000,HPD,Department of Housing Preservation and Development,HPD Literature Request,The ABCs of Housing,,,,,,,,,N/A,Closed,2016-10-07T09:39:06.000,"The literature has been mailed. If it has not been received, please request it again from 311.",2016-09-30T09:39:15.000,0 Unspecified,Unspecified,,,Unspecified,Unspecified,,,,,,
34431267,2016-09-29T21:09:41.000,2016-09-29T21:42:52.000,NYPD,New York City Police Department,Noise - Commercial,Loud Music/Party,Store/Commercial,10036,251 WEST 48 STREET,WEST 48 STREET,BROADWAY,8 AVENUE,ADDRESS,NEW YORK,Precinct,Closed,2016-09-30T05:09:41.000,The Police Department responded to the complaint and took action to fix the condition.,2016-09-29T21:42:52.000,05 MANHATTAN,MANHATTAN,988150,216378,Unspecified,MANHATTAN,40.76058322950115,-73.98592204392392,"{'type': 'Point', 'coordinates': [-73.98592204392392, 40.76058322950115]}",,,
34430682,2016-09-29T21:09:00.000,2016-10-07T20:15:00.000,DEP,Department of Environmental Protection,Noise,Noise: Construction Equipment (NC1),,10019,211 WEST   56 STREET,WEST   56 STREET,7 AVE,BROADWAY,ADDRESS,NEW YORK,N/A,Closed,,The Department of Environmental Protection determined that this complaint is a duplicate of a previously filed complaint. The original complaint is being addressed.,2016-10-07T20:15:00.000,05 MANHATTAN,MANHATTAN,989456,218038,Unspecified,MANHATTAN,40.765138829467396,-73.98120644804382,"{'type': 'Point', 'coordinates': [-73.98120644804382, 40.765138829467396]}",,,
34435317,2016-09-29T21:08:59.000,2016-09-30T07:59:10.000,NYPD,New York City Police Department,Illegal Parking,Blocked Hydrant,Street/Sidewalk,11214,2075 SHORE PARKWAY,SHORE PARKWAY,BAY 48 STREET,BAY 49 STREET,ADDRESS,BROOKLYN,Precinct,Closed,2016-09-30T05:08:59.000,The Police Department responded to the complaint and took action to fix the condition.,2016-09-30T07:59:10.000,13 BROOKLYN,BROOKLYN,987209,152638,Unspecified,BROOKLYN,40.58563167338428,-73.98934678391892,"{'type': 'Point', 'coordinates': [-73.98934678391892, 40.58563167338428]}",,,
34430243,2016-09-29T21:08:40.000,2016-09-30T00:10:23.000,NYPD,New York City Police Department,Blocked Driveway,No Access,Street/Sidewalk,10452,1543 JESUP AVENUE,JESUP AVENUE,BEND,CROSS BX EP NB EN WASHINGTON BR,ADDRESS,BRONX,Precinct,Closed,2016-09-30T05:08:40.000,Your request can not be processed at this time because of insufficient contact information. Please create a new Service Request on NYC.gov and provide more detailed contact information.,2016-09-30T00:10:23.000,04 BRONX,BRONX,1006806,246985,Unspecified,BRONX,40.8445630965667,-73.91847607738937,"{'type': 'Point', 'coordinates': [-73.91847607738937, 40.8445630965667]}",,,
34438233,2016-09-29T21:08:00.000,2016-10-06T00:00:00.000,DOB,Department of Buildings,Building/Use,No Certificate Of Occupancy/Illegal/Contrary To CO,,11435,109-09 139 STREET,139 STREET,,,ADDRESS,Jamaica,N/A,Closed,,"The Department of Buildings determined that the conditions described in this complaint were addressed under another service request number. Click on ""Learn More"" in the ""Did You Know"" section below for more information.",2016-10-06T00:00:00.000,12 QUEENS,QUEENS,1037922,189700,Unspecified,QUEENS,40.68719671602106,-73.80647151656123,"{'type': 'Point', 'coordinates': [-73.80647151656123, 40.68719671602106]}",,,
34436852,2016-09-29T21:07:51.000,2016-10-07T11:27:46.000,DOT,Department of Transportation,Broken Muni Meter,Coin or Card Did Not Register,Street,10019,729 7 AVENUE,7 AVENUE,WEST 48 STREET,WEST 49 STREET,ADDRESS,NEW YORK,N/A,Closed,2016-10-19T21:07:51.000,"The Department of Transportation inspected the condition you reported. You can find additional information in the ""Notes to Customer"" field.",2016-10-07T11:27:46.000,05 MANHATTAN,MANHATTAN,988690,216203,Unspecified,MANHATTAN,40.76010264469332,-73.98397290408673,"{'type': 'Point', 'coordinates': [-73.98397290408673, 40.76010264469332]}",,,
34436277,2016-09-29T21:07:38.000,2016-09-29T21:39:33.000,NYPD,New York City Police Department,Illegal Parking,Blocked Hydrant,Street/Sidewalk,11221,18 CORNELIA STREET,CORNELIA STREET,BROADWAY,BUSHWICK AVENUE,ADDRESS,BROOKLYN,Precinct,Closed,2016-09-30T05:07:38.000,The Police Department responded to the complaint and with the information available observed no evidence of the violation at that time.,2016-09-29T21:39:33.000,04 BROOKLYN,BROOKLYN,1007051,189895,Unspecified,BROOKLYN,40.68786531101494,-73.91778424030653,"{'type': 'Point', 'coordinates': [-73.91778424030653, 40.68786531101494]}",,,
34431172,2016-09-29T21:07:26.000,2016-09-30T08:09:04.000,NYPD,New York City Police Department,Blocked Driveway,Partial Access,Street/Sidewalk,11365,61-41 163 STREET,163 STREET,LONG ISLAND EXPRESSWAY,65 AVENUE,ADDRESS,FRESH MEADOWS,Precinct,Closed,2016-09-30T05:07:26.000,The Police Department responded to the complaint and with the information available observed no evidence of the violation at that time.,2016-09-30T08:09:04.000,08 QUEENS,QUEENS,1038101,208189,Unspecified,QUEENS,40.73794340392105,-73.80567819645044,"{'type': 'Point', 'coordinates': [-73.80567819645044, 40.73794340392105]}",,,
34437021,2016-09-29T21:07:20.000,2016-09-30T00:00:47.000,NYPD,New York City Police Department,Noise - Residential,Loud Music/Party,Residential Building/House,10456,1255 WEBSTER AVENUE,WEBSTER AVENUE,EAST 168 STREET,EAST 169 STREET,ADDRESS,BRONX,Precinct,Closed,2016-09-30T05:07:20.000,The Police Department responded to the complaint and with the information available observed no evidence of the violation at that time.,2016-09-30T00:00:47.000,04 BRONX,BRONX,1009383,242809,Unspecified,BRONX,40.833094237517365,-73.9091777076508,"{'type': 'Point', 'coordinates': [-73.9091777076508, 40.833094237517365]}",,,
34437018,2016-09-29T21:07:04.000,2016-09-30T00:01:50.000,NYPD,New York City Police Department,Noise - Residential,Loud Music/Party,Residential Building/House,10456,1255 WEBSTER AVENUE,WEBSTER AVENUE,EAST 168 STREET,EAST 169 STREET,ADDRESS,BRONX,Precinct,Closed,2016-09-30T05:07:04.000,The Police Department responded to the complaint and with the information available observed no evidence of the violation at that time.,2016-09-30T00:01:50.000,04 BRONX,BRONX,1009383,242809,Unspecified,BRONX,40.833094237517365,-73.9091777076508,"{'type': 'Point', 'coordinates': [-73.9091777076508, 40.833094237517365]}",,,
34435968,2016-09-29T21:06:57.000,2016-09-30T14:57:30.000,NYPD,New York City Police Department,Noise - Residential,Banging/Pounding,Residential Building/House,11235,2750 HOMECREST AVENUE,HOMECREST AVENUE,NASSAU COURT,BEND,ADDRESS,BROOKLYN,Precinct,Closed,2016-09-30T05:06:57.000,The Police Department responded to the complaint and determined that police action was not necessary.,2016-09-30T14:57:30.000,15 BROOKLYN,BROOKLYN,996391,152155,Unspecified,BROOKLYN,40.58429811390181,-73.95628992267918,"{'type': 'Point', 'coordinates': [-73.95628992267918, 40.58429811390181]}",,,
34442254,2016-09-29T21:06:56.000,2016-10-07T00:00:00.000,DOB,Department of Buildings,Elevator,Elevator - Defective/Not Working,,10458,2412 CROTONA AVENUE,CROTONA AVENUE,,,ADDRESS,BRONX,N/A,Closed,,The Department of Buildings investigated this complaint and determined that no further action was necessary.,2016-10-07T00:00:00.000,06 BRONX,BRONX,1016525,250607,Unspecified,BRONX,40.854474232016244,-73.88333139377762,"{'type': 'Point', 'coordinates': [-73.88333139377762, 40.854474232016244]}",,,
34436101,2016-09-29T21:06:45.000,2016-09-30T00:01:51.000,NYPD,New York City Police Department,Noise - Residential,Loud Music/Party,Residential Building/House,10456,1255 WEBSTER AVENUE,WEBSTER AVENUE,EAST 168 STREET,EAST 169 STREET,ADDRESS,BRONX,Precinct,Closed,2016-09-30T05:06:45.000,The Police Department responded to the complaint and with the information available observed no evidence of the violation at that time.,2016-09-30T00:01:51.000,04 BRONX,BRONX,1009383,242809,Unspecified,BRONX,40.833094237517365,-73.9091777076508,"{'type': 'Point', 'coordinates': [-73.9091777076508, 40.833094237517365]}",,,
34437053,2016-09-29T21:06:20.000,2016-09-29T21:42:50.000,NYPD,New York City Police Department,Noise - Commercial,Loud Music/Party,Club/Bar/Restaurant,10019,785 9 AVENUE,9 AVENUE,WEST 52 STREET,WEST 53 STREET,ADDRESS,NEW YORK,Precinct,Closed,2016-09-30T05:06:20.000,The Police Department responded to the complaint and took action to fix the condition.,2016-09-29T21:42:50.000,04 MANHATTAN,MANHATTAN,987603,217967,Unspecified,MANHATTAN,40.76494484979438,-73.98789577489536,"{'type': 'Point', 'coordinates': [-73.98789577489536, 40.76494484979438]}",,,
34431804,2016-09-29T21:06:07.000,2016-10-06T10:47:14.000,HPD,Department of Housing Preservation and Development,APPLIANCE,ELECTRIC/GAS RANGE,RESIDENTIAL BUILDING,10455,585 TINTON AVENUE,TINTON AVENUE,,,ADDRESS,BRONX,N/A,Closed,,The Department of Housing Preservation and Development inspected the following conditions. No violations were issued. The complaint has been closed.,2016-10-06T10:47:14.000,01 BRONX,BRONX,1010277,235744,Unspecified,BRONX,40.81370023715671,-73.90597449589764,"{'type': 'Point', 'coordinates': [-73.90597449589764, 40.81370023715671]}",,,
34430920,2016-09-29T21:06:07.000,2016-10-06T10:47:14.000,HPD,Department of Housing Preservation and Development,DOOR/WINDOW,DOOR,RESIDENTIAL BUILDING,10455,585 TINTON AVENUE,TINTON AVENUE,,,ADDRESS,BRONX,N/A,Closed,,The Department of Housing Preservation and Development inspected the following conditions. No violations were issued. The complaint has been closed.,2016-10-06T10:47:14.000,01 BRONX,BRONX,1010277,235744,Unspecified,BRONX,40.81370023715671,-73.90597449589764,"{'type': 'Point', 'coordinates': [-73.90597449589764, 40.81370023715671]}",,,
34433223,2016-09-29T21:06:02.000,2016-09-30T00:01:52.000,NYPD,New York City Police Department,Noise - Residential,Loud Music/Party,Residential Building/House,10456,1255 WEBSTER AVENUE,WEBSTER AVENUE,EAST 168 STREET,EAST 169 STREET,ADDRESS,BRONX,Precinct,Closed,2016-09-30T05:06:02.000,The Police Department responded to the complaint and with the information available observed no evidence of the violation at that time.,2016-09-30T00:01:52.000,04 BRONX,BRONX,1009383,242809,Unspecified,BRONX,40.833094237517365,-73.9091777076508,"{'type': 'Point', 'coordinates': [-73.9091777076508, 40.833094237517365]}",,,
34431307,2016-09-29T21:06:01.000,2016-09-30T00:01:52.000,NYPD,New York City Police Department,Noise - Residential,Loud Music/Party,Residential Building/House,10456,1255 WEBSTER AVENUE,WEBSTER AVENUE,EAST 168 STREET,EAST 169 STREET,ADDRESS,BRONX,Precinct,Closed,2016-09-30T05:06:01.000,The Police Department responded to the complaint and with the information available observed no evidence of the violation at that time.,2016-09-30T00:01:52.000,04 BRONX,BRONX,1009383,242809,Unspecified,BRONX,40.833094237517365,-73.9091777076508,"{'type': 'Point', 'coordinates': [-73.9091777076508, 40.833094237517365]}",,,
34435430,2016-09-29T21:05:43.000,2016-10-06T16:43:23.000,DOT,Department of Transportation,Sidewalk Condition,Broken Sidewalk,Sidewalk,11373,40-50 DENMAN STREET,DENMAN STREET,ELMHURST AVENUE,WHITNEY AVENUE,ADDRESS,ELMHURST,N/A,Closed,2016-10-29T21:05:43.000,"The Department of Transportation will inspect the complaint location  and notify the property owner within 180 days if a defective sidewalk condition exists.   The property owner is responsible for maintaining, repairing and installing sidewalks adjoining their property, according to Section 19-152 of the New York City Administrative Code.",2016-10-06T16:43:23.000,04 QUEENS,QUEENS,1018495,211574,Unspecified,QUEENS,40.747332021515504,-73.87640926401075,"{'type': 'Point', 'coordinates': [-73.87640926401075, 40.747332021515504]}",,,
34433222,2016-09-29T21:05:27.000,2016-09-30T00:01:53.000,NYPD,New York City Police Department,Noise - Residential,Loud Music/Party,Residential Building/House,10456,1255 WEBSTER AVENUE,WEBSTER AVENUE,EAST 168 STREET,EAST 169 STREET,ADDRESS,BRONX,Precinct,Closed,2016-09-30T05:05:27.000,The Police Department responded to the complaint and with the information available observed no evidence of the violation at that time.,2016-09-30T00:01:53.000,04 BRONX,BRONX,1009383,242809,Unspecified,BRONX,40.833094237517365,-73.9091777076508,"{'type': 'Point', 'coordinates': [-73.9091777076508, 40.833094237517365]}",,,
34433121,2016-09-29T21:05:22.000,2016-09-29T21:26:34.000,NYPD,New York City Police Department,Noise - Street/Sidewalk,Loud Music/Party,Street/Sidewalk,11370,,,,,INTERSECTION,EAST ELMHURST,Precinct,Closed,2016-09-30T05:05:22.000,The Police Department responded and upon arrival those responsible for the condition were gone.,2016-09-29T21:26:34.000,03 QUEENS,QUEENS,1014356,215126,Unspecified,QUEENS,40.75709641452947,-73.89133105990379,"{'type': 'Point', 'coordinates': [-73.89133105990379, 40.75709641452947]}",32 AVENUE,76 STREET,
34435848,2016-09-29T21:05:13.000,2016-10-05T07:59:50.000,HPD,Department of Housing Preservation and Development,UNSANITARY CONDITION,GARBAGE/RECYCLING STORAGE,RESIDENTIAL BUILDING,11235,3126 CONEY ISLAND AVENUE,CONEY ISLAND AVENUE,,,ADDRESS,BROOKLYN,N/A,Closed,,The Department of Housing Preservation and Development inspected the following conditions. No violations were issued. The complaint has been closed.,2016-10-05T07:59:50.000,13 BROOKLYN,BROOKLYN,995418,150530,Unspecified,BROOKLYN,40.57983909026725,-73.95979560582175,"{'type': 'Point', 'coordinates': [-73.95979560582175, 40.57983909026725]}",,,
34437019,2016-09-29T21:04:49.000,2016-09-30T00:01:54.000,NYPD,New York City Police Department,Noise - Residential,Loud Music/Party,Residential Building/House,10456,1255 WEBSTER AVENUE,WEBSTER AVENUE,EAST 168 STREET,EAST 169 STREET,ADDRESS,BRONX,Precinct,Closed,2016-09-30T05:04:49.000,The Police Department responded to the complaint and with the information available observed no evidence of the violation at that time.,2016-09-30T00:01:54.000,04 BRONX,BRONX,1009383,242809,Unspecified,BRONX,40.833094237517365,-73.9091777076508,"{'type': 'Point', 'coordinates': [-73.9091777076508, 40.833094237517365]}",,,
34431420,2016-09-29T21:04:20.000,2016-09-29T21:30:57.000,DHS,Operations Unit - Department of Homeless Services,Homeless Person Assistance,N/A,Street/Sidewalk,10026,2125 FREDERICK DOUGLASS BOULEVARD,FREDERICK DOUGLASS BOULEVARD,WEST 114 STREET,WEST 115 STREET,ADDRESS,NEW YORK,N/A,Closed,2016-09-29T22:04:20.000,The individual was found and outreach assistance was offered.,2016-09-29T21:30:57.000,10 MANHATTAN,MANHATTAN,996437,232053,Unspecified,MANHATTAN,40.80359939887022,-73.95597976101979,"{'type': 'Point', 'coordinates': [-73.95597976101979, 40.80359939887022]}",,,
34432609,2016-09-29T21:04:01.000,2016-09-30T00:06:11.000,DOT,Department of Transportation,Street Condition,Plate Condition - Noisy,Street,11221,467 JEFFERSON AVENUE,JEFFERSON AVENUE,THROOP AVENUE,MARCUS GARVEY BOULEVARD,ADDRESS,BROOKLYN,N/A,Closed,2016-10-09T21:04:01.000,"The Department of Transportation inspected the condition and issued a summons to the responsible party.  A re-inspection will be done within 10 days.  If the condition still exists, a second summons will be issued.  In some cases, the Department of Transportation will make the repairs and charge the responsible party for the costs.",2016-09-30T00:06:11.000,03 BROOKLYN,BROOKLYN,1001052,188669,Unspecified,BROOKLYN,40.68451364371473,-73.93941846104678,"{'type': 'Point', 'coordinates': [-73.93941846104678, 40.68451364371473]}",,,
34431357,2016-09-29T21:03:12.000,2016-09-29T22:18:34.000,NYPD,New York City Police Department,Noise - Residential,Loud Music/Party,Residential Building/House,10457,2260 CROTONA AVENUE,CROTONA AVENUE,GROTE STREET,EAST 183 STREET,ADDRESS,BRONX,Precinct,Closed,2016-09-30T05:03:12.000,The Police Department responded to the complaint and with the information available observed no evidence of the violation at that time.,2016-09-29T22:18:34.000,06 BRONX,BRONX,1015998,249425,Unspecified,BRONX,40.85123190691196,-73.88524200401147,"{'type': 'Point', 'coordinates': [-73.88524200401147, 40.85123190691196]}",,,
34439807,2016-09-29T21:03:00.000,2016-10-03T12:00:00.000,DSNY,Department of Sanitation,Other Enforcement,E2A Storage Of Receptacles,Sidewalk,11413,146-43 221 STREET,221 STREET,146 AVENUE,SPRINGFIELD LANE,ADDRESS,Springfield Gardens,N/A,Closed,,The Department of Sanitation investigated this complaint and found no violation at the location.,2016-10-03T12:00:00.000,13 QUEENS,QUEENS,1050987,180072,Unspecified,QUEENS,40.66068125089528,-73.7594577743373,"{'type': 'Point', 'coordinates': [-73.7594577743373, 40.66068125089528]}",,,
34431028,2016-09-29T21:03:00.000,2016-09-30T09:54:00.000,DOT,Department of Transportation,Street Light Condition,Street Light Out,,,,,70 AVE,METROPOLITAN AVE,INTERSECTION,,N/A,Closed,,Service Request status for this request is available on the Department of Transportationâs website. Please click the âLearn Moreâ link below.,2016-09-30T09:54:00.000,Unspecified QUEENS,QUEENS,,,Unspecified,QUEENS,,,,70 AVE,METROPOLITAN AVE,
34431059,2016-09-29T21:02:28.000,2016-11-07T12:19:43.000,EDC,Economic Development Corporation,Noise - Helicopter,NYPD,Above Address,11206,81 CENTRAL AVENUE,CENTRAL AVENUE,MELROSE STREET,JEFFERSON STREET,ADDRESS,BROOKLYN,N/A,Closed,2016-10-09T21:02:28.000,"The New York City Economic Development Corporation determined that this issue is not within its jurisdiction because the helicopter did not belong to a tour operating company. Instead, it was most likely a law enforcement or news gathering helicopter, which is not subject to the routing protocols established for tour helicopters.",2016-11-07T12:19:43.000,04 BROOKLYN,BROOKLYN,1003655,194625,Unspecified,BROOKLYN,40.70085615798661,-73.93001589252529,"{'type': 'Point', 'coordinates': [-73.93001589252529, 40.70085615798661]}",,,
34434362,2016-09-29T21:02:04.000,2016-09-29T22:27:02.000,NYPD,New York City Police Department,Noise - Vehicle,Car/Truck Horn,Street/Sidewalk,11216,175 LEXINGTON AVENUE,LEXINGTON AVENUE,FRANKLIN AVENUE,BEDFORD AVENUE,ADDRESS,BROOKLYN,Precinct,Closed,2016-09-30T05:02:04.000,The Police Department responded to the complaint and with the information available observed no evidence of the violation at that time.,2016-09-29T22:27:02.000,03 BROOKLYN,BROOKLYN,996605,189633,Unspecified,BROOKLYN,40.68716692728975,-73.95545085887102,"{'type': 'Point', 'coordinates': [-73.95545085887102, 40.68716692728975]}",,,
34432210,2016-09-29T21:01:30.000,2016-09-29T22:05:46.000,NYPD,New York City Police Department,Noise - Street/Sidewalk,Loud Music/Party,Street/Sidewalk,10459,1223 PROSPECT AVENUE,PROSPECT AVENUE,EAST 167 STREET,HOME STREET,ADDRESS,BRONX,Precinct,Closed,2016-09-30T05:01:30.000,The Police Department responded to the complaint and with the information available observed no evidence of the violation at that time.,2016-09-29T22:05:46.000,03 BRONX,BRONX,1012360,240731,Unspecified,BRONX,40.82738175333532,-73.89842853729313,"{'type': 'Point', 'coordinates': [-73.89842853729313, 40.82738175333532]}",,,
34435834,2016-09-29T21:01:21.000,2016-09-29T22:07:54.000,NYPD,New York City Police Department,Blocked Driveway,No Access,Street/Sidewalk,10035,502 EAST 118 STREET,EAST 118 STREET,PLEASANT AVENUE,DEAD END,ADDRESS,NEW YORK,Precinct,Closed,2016-09-30T05:01:21.000,The Police Department responded and upon arrival those responsible for the condition were gone.,2016-09-29T22:07:54.000,11 MANHATTAN,MANHATTAN,1003066,229391,Unspecified,MANHATTAN,40.796281307705485,-73.93204284799025,"{'type': 'Point', 'coordinates': [-73.93204284799025, 40.796281307705485]}",,,
34440672,2016-09-29T21:01:00.000,2016-09-30T12:00:00.000,DSNY,Department of Sanitation,Missed Collection (All Materials),1 Missed Collection,Sidewalk,10030,266 WEST  139 STREET,WEST  139 STREET,7 AVENUE,8 AVENUE,ADDRESS,NEW YORK,DSNY Garage,Closed,,The Department of Sanitation investigated this complaint and found no condition at the location.,2016-09-30T12:00:00.000,10 MANHATTAN,MANHATTAN,999712,237596,Unspecified,MANHATTAN,40.818808265676005,-73.9441374820272,"{'type': 'Point', 'coordinates': [-73.9441374820272, 40.818808265676005]}",,,
34436199,2016-09-29T21:00:56.000,2016-09-29T21:39:30.000,NYPD,New York City Police Department,Illegal Parking,Posted Parking Sign Violation,Street/Sidewalk,10310,,,,,INTERSECTION,STATEN ISLAND,Precinct,Closed,2016-09-30T05:00:56.000,The Police Department responded and upon arrival those responsible for the condition were gone.,2016-09-29T21:39:30.000,01 STATEN ISLAND,STATEN ISLAND,953614,173356,Unspecified,STATEN ISLAND,40.6424458113425,-74.1103919920845,"{'type': 'Point', 'coordinates': [-74.1103919920845, 40.6424458113425]}",ARLINGTON COURT,DAVIS AVENUE,
34434959,2016-09-29T21:00:49.000,2016-09-29T21:23:23.000,NYPD,New York City Police Department,Noise - Commercial,Loud Talking,Store/Commercial,10472,1207 BEACH AVENUE,BEACH AVENUE,GLEASON AVENUE,WESTCHESTER AVENUE,ADDRESS,BRONX,Precinct,Closed,2016-09-30T05:00:49.000,The Police Department responded to the complaint and determined that police action was not necessary.,2016-09-29T21:23:23.000,09 BRONX,BRONX,1021327,241829,Unspecified,BRONX,40.83036235589997,-73.86602154214397,"{'type': 'Point', 'coordinates': [-73.86602154214397, 40.83036235589997]}",,,
34436972,2016-09-29T21:00:34.000,2016-09-29T21:32:00.000,DHS,Operations Unit - Department of Homeless Services,Homeless Person Assistance,N/A,Street/Sidewalk,,WEST   73 STREET,WEST   73 STREET,BROADWAY,,,,N/A,Closed,2016-09-29T22:00:34.000,"The mobile outreach response team offered services to the individual, but the individual did not accept assistance.",2016-09-29T21:32:00.000,Unspecified MANHATTAN,MANHATTAN,,,Unspecified,MANHATTAN,,,,,,
34430638,2016-09-29T21:00:27.000,2016-09-30T04:05:49.000,NYPD,New York City Police Department,Illegal Parking,Blocked Hydrant,Street/Sidewalk,11214,7524 18 AVENUE,18 AVENUE,BAY RIDGE PARKWAY,76 STREET,ADDRESS,BROOKLYN,Precinct,Closed,2016-09-30T05:00:27.000,The Police Department issued a summons in response to the complaint.,2016-09-30T04:05:49.000,11 BROOKLYN,BROOKLYN,985308,162681,Unspecified,BROOKLYN,40.61319810545293,-73.99618933526044,"{'type': 'Point', 'coordinates': [-73.99618933526044, 40.61319810545293]}",,,
34430011,2016-09-29T21:00:17.000,2016-10-14T09:43:25.000,HPD,Department of Housing Preservation and Development,GENERAL,COOKING GAS,RESIDENTIAL BUILDING,11216,905 STERLING PLACE,STERLING PLACE,,,ADDRESS,BROOKLYN,N/A,Closed,,The complaint you filed is a duplicate of a condition already reported by another tenant for a building-wide condition. The original complaint is still open. HPD may attempt to contact you to verify the correction of the condition or may conduct an inspection of your unit if the original complainant is not available for verification.,2016-10-14T09:43:25.000,08 BROOKLYN,BROOKLYN,998486,184273,Unspecified,BROOKLYN,40.672452119566984,-73.94867975231742,"{'type': 'Point', 'coordinates': [-73.94867975231742, 40.672452119566984]}",,,
34434397,2016-09-29T21:00:00.000,2016-10-06T19:30:00.000,DEP,Department of Environmental Protection,Noise,Noise: Construction Before/After Hours (NM1),,10128,245 EAST   93 STREET,EAST   93 STREET,3 AVE,2 AVE,ADDRESS,NEW YORK,N/A,Closed,,"The Department of Environmental Protection (DEP) didn't observe a violation of the NYC Air or Noise Code at the time of inspection and couldn't issue a summons.  If the problem still exists, please go to nyc.gov/311 or call 311 to file a new Service Request. If you're outside of New York City, please call (212) NEW-YORK (212-639-9675).",2016-10-06T19:30:00.000,08 MANHATTAN,MANHATTAN,998180,224488,Unspecified,MANHATTAN,40.78283294479902,-73.94969962342734,"{'type': 'Point', 'coordinates': [-73.94969962342734, 40.78283294479902]}",,,
34434384,2016-09-29T21:00:00.000,2016-10-05T21:15:00.000,DEP,Department of Environmental Protection,Noise,Noise: Construction Before/After Hours (NM1),,10013,29 GREENE STREET,GREENE STREET,CANAL ST,GRAND ST,ADDRESS,NEW YORK,N/A,Closed,,The Department of Environmental Protection determined that this complaint is a duplicate of a previously filed complaint. The original complaint is being addressed.,2016-10-05T21:15:00.000,02 MANHATTAN,MANHATTAN,983578,202095,Unspecified,MANHATTAN,40.721380783563525,-74.00242431324658,"{'type': 'Point', 'coordinates': [-74.00242431324658, 40.721380783563525]}",,,
34434665,2016-09-29T20:59:45.000,2016-10-17T14:03:24.000,HPD,Department of Housing Preservation and Development,DOOR/WINDOW,WINDOW FRAME,RESIDENTIAL BUILDING,11367,147-51 72 ROAD,72 ROAD,,,ADDRESS,Flushing,N/A,Closed,,The Department of Housing Preservation and Development inspected the following conditions. Violations were issued. Information about specific violations is available at www.nyc.gov/hpd.,2016-10-17T14:03:24.000,08 QUEENS,QUEENS,1034400,204089,Unspecified,QUEENS,40.72671169487806,-73.81906380734883,"{'type': 'Point', 'coordinates': [-73.81906380734883, 40.72671169487806]}",,,
34433916,2016-09-29T20:59:45.000,2016-10-17T14:03:24.000,HPD,Department of Housing Preservation and Development,UNSANITARY CONDITION,PESTS,RESIDENTIAL BUILDING,11367,147-51 72 ROAD,72 ROAD,,,ADDRESS,Flushing,N/A,Closed,,The Department of Housing Preservation and Development inspected the following conditions. No violations were issued. The complaint has been closed.,2016-10-17T14:03:24.000,08 QUEENS,QUEENS,1034400,204089,Unspecified,QUEENS,40.72671169487806,-73.81906380734883,"{'type': 'Point', 'coordinates': [-73.81906380734883, 40.72671169487806]}",,,
34432881,2016-09-29T20:59:45.000,2016-10-17T14:03:24.000,HPD,Department of Housing Preservation and Development,UNSANITARY CONDITION,PESTS,RESIDENTIAL BUILDING,11367,147-51 72 ROAD,72 ROAD,,,ADDRESS,Flushing,N/A,Closed,,The Department of Housing Preservation and Development inspected the following conditions. No violations were issued. The complaint has been closed.,2016-10-17T14:03:24.000,08 QUEENS,QUEENS,1034400,204089,Unspecified,QUEENS,40.72671169487806,-73.81906380734883,"{'type': 'Point', 'coordinates': [-73.81906380734883, 40.72671169487806]}",,,
34435986,2016-09-29T20:59:44.000,2016-10-17T20:53:44.000,HPD,Department of Housing Preservation and Development,DOOR/WINDOW,WINDOW FRAME,RESIDENTIAL BUILDING,11367,147-51 72 ROAD,72 ROAD,,,ADDRESS,Flushing,N/A,Closed,,The Department of Housing Preservation and Development inspected the following conditions. Violations were issued. Information about specific violations is available at www.nyc.gov/hpd.,2016-10-17T20:53:44.000,08 QUEENS,QUEENS,1034400,204089,Unspecified,QUEENS,40.72671169487806,-73.81906380734883,"{'type': 'Point', 'coordinates': [-73.81906380734883, 40.72671169487806]}",,,
34436535,2016-09-29T20:59:44.000,2016-10-17T20:53:45.000,HPD,Department of Housing Preservation and Development,ELECTRIC,OUTLET/SWITCH,RESIDENTIAL BUILDING,11367,147-51 72 ROAD,72 ROAD,,,ADDRESS,Flushing,N/A,Closed,,The Department of Housing Preservation and Development inspected the following conditions. No violations were issued. The complaint has been closed.,2016-10-17T20:53:45.000,08 QUEENS,QUEENS,1034400,204089,Unspecified,QUEENS,40.72671169487806,-73.81906380734883,"{'type': 'Point', 'coordinates': [-73.81906380734883, 40.72671169487806]}",,,
34434829,2016-09-29T20:59:44.000,2016-10-17T14:03:23.000,HPD,Department of Housing Preservation and Development,UNSANITARY CONDITION,PESTS,RESIDENTIAL BUILDING,11367,147-51 72 ROAD,72 ROAD,,,ADDRESS,Flushing,N/A,Closed,,The Department of Housing Preservation and Development inspected the following conditions. Violations were issued. Information about specific violations is available at www.nyc.gov/hpd.,2016-10-17T14:03:23.000,08 QUEENS,QUEENS,1034400,204089,Unspecified,QUEENS,40.72671169487806,-73.81906380734883,"{'type': 'Point', 'coordinates': [-73.81906380734883, 40.72671169487806]}",,,
34436841,2016-09-29T20:59:39.000,2016-09-29T23:48:50.000,NYPD,New York City Police Department,Noise - Commercial,Loud Music/Party,Club/Bar/Restaurant,10463,238 WEST 238 STREET,WEST 238 STREET,REVIEW PLACE,BROADWAY,ADDRESS,BRONX,Precinct,Closed,2016-09-30T04:59:39.000,The Police Department responded to the complaint and took action to fix the condition.,2016-09-29T23:48:50.000,08 BRONX,BRONX,1011830,261713,Unspecified,BRONX,40.884972704224744,-73.90025728744547,"{'type': 'Point', 'coordinates': [-73.90025728744547, 40.884972704224744]}",,,
34437061,2016-09-29T20:59:28.000,2016-09-30T11:13:18.000,NYPD,New York City Police Department,Noise - Residential,Banging/Pounding,Residential Building/House,11230,1438 OCEAN AVENUE,OCEAN AVENUE,AVENUE I,AVENUE J,ADDRESS,BROOKLYN,Precinct,Closed,2016-09-30T04:59:28.000,The Police Department responded to the complaint and took action to fix the condition.,2016-09-30T11:13:18.000,14 BROOKLYN,BROOKLYN,996282,167730,Unspecified,BROOKLYN,40.627048451469705,-73.9566545983824,"{'type': 'Point', 'coordinates': [-73.9566545983824, 40.627048451469705]}",,,
34436240,2016-09-29T20:59:17.000,2016-09-30T01:36:38.000,NYPD,New York City Police Department,Illegal Parking,Blocked Hydrant,Street/Sidewalk,11206,599 FLUSHING AVENUE,FLUSHING AVENUE,LEE AVENUE,MARCY AVENUE,ADDRESS,BROOKLYN,Precinct,Closed,2016-09-30T04:59:17.000,The Police Department reviewed your complaint and provided additional information below.,2016-09-30T01:36:38.000,01 BROOKLYN,BROOKLYN,997994,194221,Unspecified,BROOKLYN,40.699757875747494,-73.95043310092696,"{'type': 'Point', 'coordinates': [-73.95043310092696, 40.699757875747494]}",,,
34441800,2016-09-29T20:59:00.000,2016-10-03T12:00:00.000,DSNY,Department of Sanitation,Sanitation Condition,15 Street Cond/Dump-Out/Drop-Off,Street,11236,601 EAST   82 STREET,EAST   82 STREET,FARRAGUT ROAD,GLENWOOD ROAD,ADDRESS,BROOKLYN,DSNY Garage,Closed,,The vehicle you reported has been removed by the Department of Sanitation.,2016-10-03T12:00:00.000,18 BROOKLYN,BROOKLYN,1007785,172289,Unspecified,BROOKLYN,40.63953884242323,-73.91519904461434,"{'type': 'Point', 'coordinates': [-73.91519904461434, 40.63953884242323]}",,,
34434510,2016-09-29T20:58:06.000,2016-10-03T15:16:16.000,DOF,Senior Citizen Rent Increase Exemption Unit,SCRIE,Initial Application,Senior Address,10011,,,,,ADDRESS,NEW YORK,N/A,Closed,2016-10-13T20:58:06.000,We have researched your claim.,2016-10-03T15:16:16.000,05 MANHATTAN,MANHATTAN,,,Unspecified,MANHATTAN,,,,,,
34431104,2016-09-29T20:56:43.000,2016-10-31T09:05:20.000,HPD,Department of Housing Preservation and Development,UNSANITARY CONDITION,PESTS,RESIDENTIAL BUILDING,11206,96 HART STREET,HART STREET,,,ADDRESS,BROOKLYN,N/A,Closed,,"The Department of Housing Preservation and Development was not able to gain access to inspect the following conditions. The complaint has been closed. If the condition still exists, please file a new complaint.",2016-10-31T09:05:20.000,03 BROOKLYN,BROOKLYN,998747,191863,Unspecified,BROOKLYN,40.693284513482766,-73.94772252803106,"{'type': 'Point', 'coordinates': [-73.94772252803106, 40.693284513482766]}",,,
34434010,2016-09-29T20:56:43.000,2016-10-31T09:05:20.000,HPD,Department of Housing Preservation and Development,UNSANITARY CONDITION,PESTS,RESIDENTIAL BUILDING,11206,96 HART STREET,HART STREET,,,ADDRESS,BROOKLYN,N/A,Closed,,"The Department of Housing Preservation and Development was not able to gain access to inspect the following conditions. The complaint has been closed. If the condition still exists, please file a new complaint.",2016-10-31T09:05:20.000,03 BROOKLYN,BROOKLYN,998747,191863,Unspecified,BROOKLYN,40.693284513482766,-73.94772252803106,"{'type': 'Point', 'coordinates': [-73.94772252803106, 40.693284513482766]}",,,
34430935,2016-09-29T20:56:42.000,2016-11-04T10:15:30.000,HPD,Department of Housing Preservation and Development,DOOR/WINDOW,WINDOW PANE,RESIDENTIAL BUILDING,11206,96 HART STREET,HART STREET,,,ADDRESS,BROOKLYN,N/A,Closed,,"The Department of Housing Preservation and Development was not able to gain access to inspect the following conditions. The complaint has been closed. If the condition still exists, please file a new complaint.",2016-11-04T10:15:30.000,03 BROOKLYN,BROOKLYN,998747,191863,Unspecified,BROOKLYN,40.693284513482766,-73.94772252803106,"{'type': 'Point', 'coordinates': [-73.94772252803106, 40.693284513482766]}",,,
34436706,2016-09-29T20:56:04.000,2016-11-29T06:16:53.000,DOHMH,Department of Health and Mental Hygiene,Food Establishment,Food Contaminated,Restaurant/Bar/Deli/Bakery,10301,1 BAY STREET,BAY STREET,FERRY TERMINAL DRIVE,BEND,ADDRESS,STATEN ISLAND,N/A,Closed,2016-11-28T20:56:04.000,"The Department of Health and Mental Hygiene has sent official written notification to the Owner/Landlord warning them of potential violations and instructing them to correct the situation.  If the situation persists 21 days after your initial complaint, please make a new complaint.",2016-11-29T06:16:53.000,01 STATEN ISLAND,STATEN ISLAND,963975,173966,Unspecified,STATEN ISLAND,40.64414990835244,-74.07305961838915,"{'type': 'Point', 'coordinates': [-74.07305961838915, 40.64414990835244]}",,,
34437068,2016-09-29T20:55:52.000,2016-09-30T00:35:03.000,NYPD,New York City Police Department,Noise - Residential,Banging/Pounding,Residential Building/House,10003,338 EAST 14 STREET,EAST 14 STREET,2 AVENUE,1 AVENUE,ADDRESS,NEW YORK,Precinct,Closed,2016-09-30T04:55:52.000,The Police Department responded to the complaint and took action to fix the condition.,2016-09-30T00:35:03.000,03 MANHATTAN,MANHATTAN,988797,205882,Unspecified,MANHATTAN,40.73177403385522,-73.98359364327311,"{'type': 'Point', 'coordinates': [-73.98359364327311, 40.73177403385522]}",,,
34434301,2016-09-29T20:55:18.000,2016-09-30T01:48:59.000,NYPD,New York City Police Department,Illegal Parking,Blocked Sidewalk,Street/Sidewalk,11224,3024 WEST 23 STREET,WEST 23 STREET,SURF AVENUE,HIGHLAND VIEW AVENUE,ADDRESS,BROOKLYN,Precinct,Closed,2016-09-30T04:55:18.000,The Police Department responded to the complaint and determined that police action was not necessary.,2016-09-30T01:48:59.000,13 BROOKLYN,BROOKLYN,987145,148176,Unspecified,BROOKLYN,40.573384384934094,-73.98957911265117,"{'type': 'Point', 'coordinates': [-73.98957911265117, 40.573384384934094]}",,,
34434758,2016-09-29T20:54:41.000,2016-10-04T11:29:20.000,HPD,Department of Housing Preservation and Development,PAINT/PLASTER,CEILING,RESIDENTIAL BUILDING,10453,25 WEST TREMONT AVENUE,WEST TREMONT AVENUE,,,ADDRESS,BRONX,N/A,Closed,,The Department of Housing Preservation and Development inspected the following conditions. Violations were issued. Information about specific violations is available at www.nyc.gov/hpd.,2016-10-04T11:29:20.000,05 BRONX,BRONX,1008906,249670,Unspecified,BRONX,40.851927011602015,-73.91087620016408,"{'type': 'Point', 'coordinates': [-73.91087620016408, 40.851927011602015]}",,,
34435603,2016-09-29T20:54:41.000,2016-10-04T11:29:20.000,HPD,Department of Housing Preservation and Development,FLOORING/STAIRS,FLOOR,RESIDENTIAL BUILDING,10453,25 WEST TREMONT AVENUE,WEST TREMONT AVENUE,,,ADDRESS,BRONX,N/A,Closed,,The Department of Housing Preservation and Development inspected the following conditions. No violations were issued. The complaint has been closed.,2016-10-04T11:29:20.000,05 BRONX,BRONX,1008906,249670,Unspecified,BRONX,40.851927011602015,-73.91087620016408,"{'type': 'Point', 'coordinates': [-73.91087620016408, 40.851927011602015]}",,,
34434680,2016-09-29T20:54:41.000,2016-10-04T11:29:20.000,HPD,Department of Housing Preservation and Development,FLOORING/STAIRS,FLOOR,RESIDENTIAL BUILDING,10453,25 WEST TREMONT AVENUE,WEST TREMONT AVENUE,,,ADDRESS,BRONX,N/A,Closed,,The Department of Housing Preservation and Development inspected the following conditions. Violations were issued. Information about specific violations is available at www.nyc.gov/hpd.,2016-10-04T11:29:20.000,05 BRONX,BRONX,1008906,249670,Unspecified,BRONX,40.851927011602015,-73.91087620016408,"{'type': 'Point', 'coordinates': [-73.91087620016408, 40.851927011602015]}",,,
34432037,2016-09-29T20:54:41.000,2016-10-04T11:29:21.000,HPD,Department of Housing Preservation and Development,UNSANITARY CONDITION,MOLD,RESIDENTIAL BUILDING,10453,25 WEST TREMONT AVENUE,WEST TREMONT AVENUE,,,ADDRESS,BRONX,N/A,Closed,,The Department of Housing Preservation and Development inspected the following conditions. No violations were issued. The complaint has been closed.,2016-10-04T11:29:21.000,05 BRONX,BRONX,1008906,249670,Unspecified,BRONX,40.851927011602015,-73.91087620016408,"{'type': 'Point', 'coordinates': [-73.91087620016408, 40.851927011602015]}",,,
34436617,2016-09-29T20:54:41.000,2016-10-05T13:41:11.000,HPD,Department of Housing Preservation and Development,PAINT/PLASTER,WALL,RESIDENTIAL BUILDING,10453,25 WEST TREMONT AVENUE,WEST TREMONT AVENUE,,,ADDRESS,BRONX,N/A,Closed,,The Department of Housing Preservation and Development inspected the following conditions. Violations were issued. Information about specific violations is available at www.nyc.gov/hpd.,2016-10-05T13:41:11.000,05 BRONX,BRONX,1008906,249670,Unspecified,BRONX,40.851927011602015,-73.91087620016408,"{'type': 'Point', 'coordinates': [-73.91087620016408, 40.851927011602015]}",,,
34436604,2016-09-29T20:54:41.000,2016-10-04T11:29:20.000,HPD,Department of Housing Preservation and Development,GENERAL,CABINET,RESIDENTIAL BUILDING,10453,25 WEST TREMONT AVENUE,WEST TREMONT AVENUE,,,ADDRESS,BRONX,N/A,Closed,,The Department of Housing Preservation and Development inspected the following conditions. No violations were issued. The complaint has been closed.,2016-10-04T11:29:20.000,05 BRONX,BRONX,1008906,249670,Unspecified,BRONX,40.851927011602015,-73.91087620016408,"{'type': 'Point', 'coordinates': [-73.91087620016408, 40.851927011602015]}",,,
34433046,2016-09-29T20:54:33.000,2016-12-02T13:39:42.000,TLC,Taxi and Limousine Commission,Taxi Complaint,Driver Complaint,Street,10065,,,,,INTERSECTION,NEW YORK,N/A,Closed,2016-11-14T09:06:33.000,The Taxi and Limousine Commission reviewed your complaint. The driver or owner pled guilty to a violation and paid a fine. TLC has sent you a written confirmation of this outcome.,2016-12-02T13:39:42.000,08 MANHATTAN,MANHATTAN,992675,218386,Unspecified,MANHATTAN,40.76609151781164,-73.96958548941684,"{'type': 'Point', 'coordinates': [-73.96958548941684, 40.76609151781164]}",MADISON AVENUE,EAST   63 STREET,
34436918,2016-09-29T20:54:27.000,2016-09-29T21:57:59.000,NYPD,New York City Police Department,Noise - Street/Sidewalk,Loud Music/Party,Street/Sidewalk,10032,559 WEST 164 STREET,WEST 164 STREET,ST NICHOLAS AVENUE,BROADWAY,ADDRESS,NEW YORK,Precinct,Closed,2016-09-30T04:54:27.000,The Police Department responded to the complaint and with the information available observed no evidence of the violation at that time.,2016-09-29T21:57:59.000,12 MANHATTAN,MANHATTAN,1000658,244596,Unspecified,MANHATTAN,40.838019554325456,-73.9407025685327,"{'type': 'Point', 'coordinates': [-73.9407025685327, 40.838019554325456]}",,,
34434153,2016-09-29T20:54:19.000,2016-09-30T01:30:07.000,NYPD,New York City Police Department,Derelict Vehicle,With License Plate,Street/Sidewalk,11206,50 BUSHWICK PLACE,BUSHWICK PLACE,MONTROSE AVENUE,JOHNSON AVENUE,ADDRESS,BROOKLYN,Precinct,Closed,2016-09-30T04:54:19.000,The Police Department reviewed your complaint and provided additional information below.,2016-09-30T01:30:07.000,01 BROOKLYN,BROOKLYN,1001257,196958,Unspecified,BROOKLYN,40.70726462650949,-73.93865838137158,"{'type': 'Point', 'coordinates': [-73.93865838137158, 40.70726462650949]}",,,
34435348,2016-09-29T20:54:00.000,2016-10-01T12:10:00.000,DEP,Department of Environmental Protection,Sewer,Catch Basin Clogged/Flooding (Use Comments) (SC),,11432,82-70 166 STREET,166 STREET,82 RD,GRAND CENTRAL PKWY,ADDRESS,Jamaica,N/A,Closed,,"The Department of Environment Protection inspected your complaint but could not find the problem you reported. If the condition persists, please call 311 (or 212-639-9675 if calling from a non-New York City area code) with more detailed information to submit a new complaint.",2016-10-01T12:10:00.000,08 QUEENS,QUEENS,1039610,200835,Unspecified,QUEENS,40.717749202612964,-73.80029347499692,"{'type': 'Point', 'coordinates': [-73.80029347499692, 40.717749202612964]}",,,
34434709,2016-09-29T20:53:27.000,2016-10-07T13:28:27.000,HPD,Department of Housing Preservation and Development,HEAT/HOT WATER,ENTIRE BUILDING,RESIDENTIAL BUILDING,11224,3010 WEST   33 STREET,WEST   33 STREET,,,ADDRESS,BROOKLYN,N/A,Closed,,"The Department of Housing Preservation and Development contacted a tenant in the building and verified that the following conditions were corrected. The complaint has been closed. If the condition still exists, please file a new complaint.",2016-10-07T13:28:27.000,13 BROOKLYN,BROOKLYN,984499,147842,Unspecified,BROOKLYN,40.5724680894399,-73.99910370799694,"{'type': 'Point', 'coordinates': [-73.99910370799694, 40.5724680894399]}",,,
34430347,2016-09-29T20:53:09.000,2016-09-29T21:41:40.000,NYPD,New York City Police Department,Noise - Commercial,Loud Music/Party,Club/Bar/Restaurant,10026,2149 FREDERICK DOUGLASS BOULEVARD,FREDERICK DOUGLASS BOULEVARD,WEST 115 STREET,WEST 116 STREET,ADDRESS,NEW YORK,Precinct,Closed,2016-09-30T04:53:09.000,The Police Department responded to the complaint and with the information available observed no evidence of the violation at that time.,2016-09-29T21:41:40.000,10 MANHATTAN,MANHATTAN,996575,232302,Unspecified,MANHATTAN,40.80428264394042,-73.95548083900286,"{'type': 'Point', 'coordinates': [-73.95548083900286, 40.80428264394042]}",,,
34436095,2016-09-29T20:53:04.000,2016-09-29T23:03:42.000,NYPD,New York City Police Department,Noise - Residential,Banging/Pounding,Residential Building/House,11212,1169 EAST NEW YORK AVENUE,EAST NEW YORK AVENUE,PORTAL STREET,RALPH AVENUE,ADDRESS,BROOKLYN,Precinct,Closed,2016-09-30T04:53:04.000,The Police Department responded to the complaint but officers were unable to gain entry into the premises.,2016-09-29T23:03:42.000,08 BROOKLYN,BROOKLYN,1005405,182173,Unspecified,BROOKLYN,40.666674260725195,-73.92374361688577,"{'type': 'Point', 'coordinates': [-73.92374361688577, 40.666674260725195]}",,,
34436251,2016-09-29T20:53:00.000,2016-10-05T20:00:00.000,DEP,Department of Environmental Protection,Noise,Noise: Construction Before/After Hours (NM1),,10013,381 BROADWAY,BROADWAY,WHITE ST,WALKER ST,ADDRESS,NEW YORK,N/A,Closed,,The Department of Environmental Protection has inspected your complaint and determined that further investigation is required. More information will be available once the condition is resolved. Please visit nyc.gov/311 or call 311 at a later time to check the status of your complaint.,2016-10-05T22:18:00.000,01 MANHATTAN,MANHATTAN,983424,200907,Unspecified,MANHATTAN,40.71811999658421,-74.00297973924319,"{'type': 'Point', 'coordinates': [-74.00297973924319, 40.71811999658421]}",,,
34436611,2016-09-29T20:52:50.000,2016-10-13T10:23:15.000,HPD,Department of Housing Preservation and Development,GENERAL,COOKING GAS,RESIDENTIAL BUILDING,10003,340 EAST   18 STREET,EAST   18 STREET,,,ADDRESS,NEW YORK,N/A,Closed,,The complaint you filed is a duplicate of a condition already reported by another tenant for a building-wide condition. The original complaint is still open. HPD may attempt to contact you to verify the correction of the condition or may conduct an inspection of your unit if the original complainant is not available for verification.,2016-10-13T10:23:15.000,06 MANHATTAN,MANHATTAN,989214,206836,Unspecified,MANHATTAN,40.734392305130264,-73.98208833186195,"{'type': 'Point', 'coordinates': [-73.98208833186195, 40.734392305130264]}",,,
34434324,2016-09-29T20:51:52.000,2016-09-30T12:51:20.000,NYPD,New York City Police Department,Illegal Parking,Commercial Overnight Parking,Street/Sidewalk,11375,90-37 70 DRIVE,70 DRIVE,SYBILLA STREET,METROPOLITAN AVENUE,ADDRESS,FOREST HILLS,Precinct,Closed,2016-09-30T04:51:52.000,The Police Department responded to the complaint and with the information available observed no evidence of the violation at that time.,2016-09-30T12:51:20.000,06 QUEENS,QUEENS,1025196,197658,Unspecified,QUEENS,40.70910756220749,-73.85230996984177,"{'type': 'Point', 'coordinates': [-73.85230996984177, 40.70910756220749]}",,,
34432777,2016-09-29T20:51:32.000,2016-10-04T10:44:45.000,HPD,Department of Housing Preservation and Development,HEAT/HOT WATER,ENTIRE BUILDING,RESIDENTIAL BUILDING,10033,4161 BROADWAY,BROADWAY,,,ADDRESS,NEW YORK,N/A,Closed,,The complaint you filed is a duplicate of a condition already reported by another tenant for a building-wide condition. The original complaint is still open. HPD may attempt to contact you to verify the correction of the condition or may conduct an inspection of your unit if the original complainant is not available for verification.,2016-10-04T10:44:45.000,12 MANHATTAN,MANHATTAN,1001344,247872,Unspecified,MANHATTAN,40.847009913201276,-73.93821505994052,"{'type': 'Point', 'coordinates': [-73.93821505994052, 40.847009913201276]}",,,
34430384,2016-09-29T20:51:00.000,2016-09-30T11:09:00.000,DOT,Department of Transportation,Street Light Condition,Street Light Out,,,1890 14 ST E,14 ST E,AVE S,14 ST E,INTERSECTION,,N/A,Closed,,Service Request status for this request is available on the Department of Transportationâs website. Please click the âLearn Moreâ link below.,2016-09-30T11:09:00.000,Unspecified BROOKLYN,BROOKLYN,,,Unspecified,BROOKLYN,,,,AVE S,14 ST E,
34435621,2016-09-29T20:50:46.000,2016-10-13T10:23:15.000,HPD,Department of Housing Preservation and Development,GENERAL,COOKING GAS,RESIDENTIAL BUILDING,10003,340 EAST   18 STREET,EAST   18 STREET,,,ADDRESS,NEW YORK,N/A,Closed,,The complaint you filed is a duplicate of a condition already reported by another tenant for a building-wide condition. The original complaint is still open. HPD may attempt to contact you to verify the correction of the condition or may conduct an inspection of your unit if the original complainant is not available for verification.,2016-10-13T10:23:15.000,06 MANHATTAN,MANHATTAN,989214,206836,Unspecified,MANHATTAN,40.734392305130264,-73.98208833186195,"{'type': 'Point', 'coordinates': [-73.98208833186195, 40.734392305130264]}",,,
34432145,2016-09-29T20:50:41.000,2016-09-29T21:42:49.000,NYPD,New York City Police Department,Noise - Commercial,Loud Music/Party,Club/Bar/Restaurant,10019,737 9 AVENUE,9 AVENUE,WEST 49 STREET,WEST 50 STREET,ADDRESS,NEW YORK,Precinct,Closed,2016-09-30T04:50:41.000,The Police Department responded to the complaint and took action to fix the condition.,2016-09-29T21:42:49.000,04 MANHATTAN,MANHATTAN,987281,217385,Unspecified,MANHATTAN,40.76334752620899,-73.98905844724008,"{'type': 'Point', 'coordinates': [-73.98905844724008, 40.76334752620899]}",,,
34431150,2016-09-29T20:50:19.000,2016-09-29T22:12:08.000,NYPD,New York City Police Department,Blocked Driveway,No Access,Street/Sidewalk,11225,47 BALFOUR PLACE,BALFOUR PLACE,EMPIRE BOULEVARD,LEFFERTS AVENUE,ADDRESS,BROOKLYN,Precinct,Closed,2016-09-30T04:50:19.000,The Police Department responded and upon arrival those responsible for the condition were gone.,2016-09-29T22:12:08.000,09 BROOKLYN,BROOKLYN,999510,180793,Unspecified,BROOKLYN,40.6628985906541,-73.944996148941,"{'type': 'Point', 'coordinates': [-73.944996148941, 40.6628985906541]}",,,
34434570,2016-09-29T20:49:28.000,2016-10-06T16:34:43.000,DOT,Department of Transportation,Sidewalk Condition,Broken Sidewalk,Sidewalk,11372,37-30 89 STREET,89 STREET,37 AVENUE,ROOSEVELT AVENUE,ADDRESS,JACKSON HEIGHTS,N/A,Closed,2016-10-29T20:49:28.000,"The Department of Transportation will inspect the complaint location  and notify the property owner within 180 days if a defective sidewalk condition exists.   The property owner is responsible for maintaining, repairing and installing sidewalks adjoining their property, according to Section 19-152 of the New York City Administrative Code.",2016-10-06T16:34:43.000,03 QUEENS,QUEENS,1018144,212422,Unspecified,QUEENS,40.74966091808148,-73.87767175293384,"{'type': 'Point', 'coordinates': [-73.87767175293384, 40.74966091808148]}",,,
34433172,2016-09-29T20:49:11.000,2016-09-30T03:25:19.000,NYPD,New York City Police Department,Noise - Vehicle,Car/Truck Music,Street/Sidewalk,10033,550 WEST 180 STREET,WEST 180 STREET,AUDUBON AVENUE,ST NICHOLAS AVENUE,ADDRESS,NEW YORK,Precinct,Closed,2016-09-30T04:49:11.000,The Police Department responded and upon arrival those responsible for the condition were gone.,2016-09-30T03:25:20.000,12 MANHATTAN,MANHATTAN,1002690,248321,Unspecified,MANHATTAN,40.84823957716344,-73.93334881410216,"{'type': 'Point', 'coordinates': [-73.93334881410216, 40.84823957716344]}",,,
34434061,2016-09-29T20:49:04.000,2016-09-30T03:40:15.000,NYPD,New York City Police Department,Noise - Commercial,Banging/Pounding,Store/Commercial,10016,200 EAST 32 STREET,EAST 32 STREET,3 AVENUE,2 AVENUE,ADDRESS,NEW YORK,Precinct,Closed,2016-09-30T04:49:04.000,The Police Department responded to the complaint and with the information available observed no evidence of the violation at that time.,2016-09-30T03:40:15.000,06 MANHATTAN,MANHATTAN,990147,210442,Unspecified,MANHATTAN,40.744289307079065,-73.97871861439347,"{'type': 'Point', 'coordinates': [-73.97871861439347, 40.744289307079065]}",,,
34431244,2016-09-29T20:49:01.000,2016-09-29T23:39:10.000,NYPD,New York City Police Department,Noise - Commercial,Loud Music/Party,Store/Commercial,10012,ELIZABETH STREET,ELIZABETH STREET,PRINCE STREET,EAST HOUSTON STREET,BLOCKFACE,NEW YORK,Precinct,Closed,2016-09-30T04:49:01.000,The Police Department responded to the complaint and with the information available observed no evidence of the violation at that time.,2016-09-29T23:39:10.000,02 MANHATTAN,MANHATTAN,985961,202878,Unspecified,MANHATTAN,40.72352978929708,-73.99382718195774,"{'type': 'Point', 'coordinates': [-73.99382718195774, 40.72352978929708]}",,,
34434131,2016-09-29T20:49:00.000,2016-10-04T15:13:00.000,DOT,Department of Transportation,Street Light Condition,Street Light Out,,,1890 14 ST E,14 ST E,AVE R,AVE S,ADDRESS,,N/A,Closed,,Service Request status for this request is available on the Department of Transportationâs website. Please click the âLearn Moreâ link below.,2016-10-04T15:13:00.000,Unspecified BROOKLYN,BROOKLYN,,,Unspecified,BROOKLYN,,,,,,
34436609,2016-09-29T20:48:12.000,2016-10-01T02:20:33.000,HPD,Department of Housing Preservation and Development,HEAT/HOT WATER,ENTIRE BUILDING,RESIDENTIAL BUILDING,10458,2410 WASHINGTON AVENUE,WASHINGTON AVENUE,,,ADDRESS,BRONX,N/A,Closed,,"The Department of Housing Preservation and Development responded to a complaint of no heat or hot water and was advised by a tenant in the building that heat and hot water had been restored. If the condition still exists, please file a new complaint.",2016-10-01T02:20:33.000,06 BRONX,BRONX,1014426,251908,Unspecified,BRONX,40.858052508996636,-73.8909130551251,"{'type': 'Point', 'coordinates': [-73.8909130551251, 40.858052508996636]}",,,
34437263,2016-09-29T20:48:00.000,2016-10-06T01:45:00.000,DEP,Department of Environmental Protection,Noise,Noise: Jack Hammering (NC2),,10006,125 GREENWICH STREET,GREENWICH STREET,ALBANY ST,THAMES ST,ADDRESS,NEW YORK,N/A,Closed,,"The Department of Environmental Protection (DEP) didn't observe a violation of the NYC Air or Noise Code at the time of inspection and couldn't issue a summons.  If the problem still exists, please go to nyc.gov/311 or call 311 to file a new Service Request. If you're outside of New York City, please call (212) NEW-YORK (212-639-9675).",2016-10-06T01:45:00.000,01 MANHATTAN,MANHATTAN,980630,197648,Unspecified,MANHATTAN,40.7091741170758,-74.01305715312026,"{'type': 'Point', 'coordinates': [-74.01305715312026, 40.7091741170758]}",,,
34435794,2016-09-29T20:48:00.000,2017-01-23T09:49:00.000,DOT,Department of Transportation,Street Light Condition,Lamppost Base Door/Cover Damaged,,,1890 14 ST E,14 ST E,AVE R,AVE S,INTERSECTION,,N/A,Closed,,Service Request status for this request is available on the Department of Transportationâs website. Please click the âLearn Moreâ link below.,2016-12-06T12:08:00.000,Unspecified BROOKLYN,BROOKLYN,,,Unspecified,BROOKLYN,,,,14 ST E,AVE S,
34429944,2016-09-29T20:47:57.000,2016-09-30T13:30:19.000,NYPD,New York City Police Department,Illegal Parking,Commercial Overnight Parking,Street/Sidewalk,11422,,,,,INTERSECTION,ROSEDALE,Precinct,Closed,2016-09-30T04:47:57.000,The Police Department responded and upon arrival those responsible for the condition were gone.,2016-09-30T13:30:19.000,13 QUEENS,QUEENS,1059271,184999,Unspecified,QUEENS,40.67413839153959,-73.72954484804696,"{'type': 'Point', 'coordinates': [-73.72954484804696, 40.67413839153959]}",MERRICK BOULEVARD,244 STREET,
34433511,2016-09-29T20:47:43.000,2016-10-06T16:26:03.000,DOT,Department of Transportation,Sidewalk Condition,Broken Sidewalk,Sidewalk,11372,34-50 88 STREET,88 STREET,34 AVENUE,35 AVENUE,ADDRESS,JACKSON HEIGHTS,N/A,Closed,2016-10-29T20:47:43.000,"The Department of Transportation will inspect the complaint location  and notify the property owner within 180 days if a defective sidewalk condition exists.   The property owner is responsible for maintaining, repairing and installing sidewalks adjoining their property, according to Section 19-152 of the New York City Administrative Code.",2016-10-06T16:26:03.000,03 QUEENS,QUEENS,1017714,213619,Unspecified,QUEENS,40.75294801504915,-73.87921772509625,"{'type': 'Point', 'coordinates': [-73.87921772509625, 40.75294801504915]}",,,
34434568,2016-09-29T20:47:27.000,2016-09-30T10:00:13.000,DOT,Department of Transportation,Street Condition,Plate Condition - Noisy,Street,10023,,,,,INTERSECTION,NEW YORK,N/A,Closed,2016-10-09T20:47:27.000,The Department of Transportation inspected the condition you reported and temporarily addressed the condition. The Agency will notify the responsible party.,2016-09-30T09:59:41.000,07 MANHATTAN,MANHATTAN,989197,220017,Unspecified,MANHATTAN,40.770570819555665,-73.98213997603581,"{'type': 'Point', 'coordinates': [-73.98213997603581, 40.770570819555665]}",WEST   62 STREET,BROADWAY,
34435583,2016-09-29T20:47:00.000,2016-10-02T08:35:19.000,NYPD,New York City Police Department,Illegal Parking,Overnight Commercial Storage,Street/Sidewalk,11422,,,,,INTERSECTION,ROSEDALE,Precinct,Closed,2016-09-30T04:47:00.000,The Police Department reviewed your complaint and provided additional information below.,2016-10-02T08:35:19.000,13 QUEENS,QUEENS,1059823,185009,Unspecified,QUEENS,40.67416114405826,-73.7275547559886,"{'type': 'Point', 'coordinates': [-73.7275547559886, 40.67416114405826]}",MERRICK BOULEVARD,HOOK CREEK BOULEVARD,
34434305,2016-09-29T20:46:56.000,2016-09-30T01:32:43.000,NYPD,New York City Police Department,Illegal Parking,Overnight Commercial Storage,Street/Sidewalk,11432,164 STREET,164 STREET,84 ROAD,84 DRIVE,BLOCKFACE,JAMAICA,Precinct,Closed,2016-09-30T04:46:56.000,The Police Department issued a summons in response to the complaint.,2016-09-30T01:32:43.000,08 QUEENS,QUEENS,1039048,199565,Unspecified,QUEENS,40.71426686445236,-73.80233117386805,"{'type': 'Point', 'coordinates': [-73.80233117386805, 40.71426686445236]}",,,
34431854,2016-09-29T20:46:50.000,2016-10-05T16:08:48.000,HPD,Department of Housing Preservation and Development,GENERAL,COOKING GAS,RESIDENTIAL BUILDING,11203,491 EAST   45 STREET,EAST   45 STREET,,,ADDRESS,BROOKLYN,N/A,Closed,,The complaint you filed is a duplicate of a condition already reported by another tenant for a building-wide condition. The original complaint is still open. HPD may attempt to contact you to verify the correction of the condition or may conduct an inspection of your unit if the original complainant is not available for verification.,2016-10-05T16:08:48.000,17 BROOKLYN,BROOKLYN,1002294,175916,Unspecified,BROOKLYN,40.649507061771146,-73.93497442298529,"{'type': 'Point', 'coordinates': [-73.93497442298529, 40.649507061771146]}",,,
34431231,2016-09-29T20:46:00.000,2016-12-06T11:40:00.000,DOT,Department of Transportation,Street Light Condition,Street Light Out,,,1890 14 ST E,14 ST E,AVE R,AVE S,ADDRESS,,N/A,Closed,,Service Request status for this request is available on the Department of Transportationâs website. Please click the âLearn Moreâ link below.,2016-12-06T11:40:00.000,Unspecified BROOKLYN,BROOKLYN,,,Unspecified,BROOKLYN,,,,,,
34433044,2016-09-29T20:45:20.000,2016-12-07T14:01:31.000,DOHMH,Department of Health and Mental Hygiene,Indoor Sewage,Sewage Odor,3+ Family Apt. Building,10024,486 AMSTERDAM AVENUE,AMSTERDAM AVENUE,WEST 83 STREET,WEST 84 STREET,ADDRESS,NEW YORK,N/A,Closed,2016-10-29T20:45:20.000,The Department of Health and Mental Hygiene has investigated the complaint and issued a violation. The agency will continue to monitor.,2016-12-07T14:01:31.000,07 MANHATTAN,MANHATTAN,990824,225639,Unspecified,MANHATTAN,40.78600066567071,-73.97626056037521,"{'type': 'Point', 'coordinates': [-73.97626056037521, 40.78600066567071]}",,,
34431164,2016-09-29T20:43:36.000,2016-09-30T01:16:08.000,NYPD,New York City Police Department,Blocked Driveway,No Access,Street/Sidewalk,11419,114-09 95 AVENUE,95 AVENUE,BEND,115 STREET,ADDRESS,SOUTH RICHMOND HILL,Precinct,Closed,2016-09-30T04:43:36.000,The Police Department responded and upon arrival those responsible for the condition were gone.,2016-09-30T01:16:08.000,09 QUEENS,QUEENS,1031073,191174,Unspecified,QUEENS,40.691281382081094,-73.83115707369993,"{'type': 'Point', 'coordinates': [-73.83115707369993, 40.691281382081094]}",,,
34435005,2016-09-29T20:43:33.000,2016-09-29T22:32:26.000,NYPD,New York City Police Department,Blocked Driveway,Partial Access,Street/Sidewalk,11377,32-24 68 STREET,68 STREET,32 AVENUE,BROOKLYN QUEENS EXPRESSWAY,ADDRESS,WOODSIDE,Precinct,Closed,2016-09-30T04:43:33.000,The Police Department responded and upon arrival those responsible for the condition were gone.,2016-09-29T22:32:26.000,03 QUEENS,QUEENS,1012282,214585,Unspecified,QUEENS,40.755618327107754,-73.89881950340339,"{'type': 'Point', 'coordinates': [-73.89881950340339, 40.755618327107754]}",,,
34432168,2016-09-29T20:43:18.000,2016-09-30T03:24:16.000,NYPD,New York City Police Department,Noise - Residential,Banging/Pounding,Residential Building/House,10040,570 WEST 189 STREET,WEST 189 STREET,AUDUBON AVENUE,ST NICHOLAS AVENUE,ADDRESS,NEW YORK,Precinct,Closed,2016-09-30T04:43:18.000,The Police Department responded to the complaint and took action to fix the condition.,2016-09-30T03:24:16.000,12 MANHATTAN,MANHATTAN,1003793,250418,Unspecified,MANHATTAN,40.853992846328005,-73.92935592122582,"{'type': 'Point', 'coordinates': [-73.92935592122582, 40.853992846328005]}",,,
34442987,2016-09-29T20:43:03.000,2016-09-30T00:00:00.000,DOB,Department of Buildings,Building/Use,Illegal Conversion Of Residential Building/Space,,11203,538 EAST   52 STREET,EAST   52 STREET,,,ADDRESS,BROOKLYN,N/A,Closed,,"The Department of Buildings reviewed this complaint and closed it. If the problem still exists, please call 311 and file a new complaint. If you are outside of New York City, please call (212) NEW-YORK (212-639-9675).",2016-09-30T00:00:00.000,17 BROOKLYN,BROOKLYN,1004236,175159,Unspecified,BROOKLYN,40.64742509166954,-73.92797823896083,"{'type': 'Point', 'coordinates': [-73.92797823896083, 40.64742509166954]}",,,
34430668,2016-09-29T20:43:00.000,2016-10-04T22:00:00.000,DEP,Department of Environmental Protection,Noise,Noise: Construction Before/After Hours (NM1),,11432,,,WEXFORD TER,EDGERTON BLVD,INTERSECTION,Jamaica,N/A,Closed,,"The Department of Environmental Protection (DEP) didn't observe a violation of the NYC Air or Noise Code at the time of inspection and couldn't issue a summons.  If the problem still exists, please go to nyc.gov/311 or call 311 to file a new Service Request. If you're outside of New York City, please call (212) NEW-YORK (212-639-9675).",2016-10-04T22:00:00.000,08 QUEENS,QUEENS,1043654,199177,Unspecified,QUEENS,40.71317217294801,-73.7857197736384,"{'type': 'Point', 'coordinates': [-73.7857197736384, 40.71317217294801]}",WEXFORD TERRACE,EDGERTON BOULEVARD,
34434380,2016-09-29T20:43:00.000,2016-10-05T21:15:00.000,DEP,Department of Environmental Protection,Noise,Noise: Jack Hammering (NC2),,10002,33 BOWERY,BOWERY,BAYARD ST,CANAL ST,ADDRESS,NEW YORK,N/A,Closed,,The Department of Environmental Protection has inspected your complaint and determined that further investigation is required. More information will be available once the condition is resolved. Please visit nyc.gov/311 or call 311 at a later time to check the status of your complaint.,2016-10-05T22:50:00.000,03 MANHATTAN,MANHATTAN,985167,199846,Unspecified,MANHATTAN,40.715207796896316,-73.99669212893443,"{'type': 'Point', 'coordinates': [-73.99669212893443, 40.715207796896316]}",,,
34430664,2016-09-29T20:43:00.000,2016-10-04T19:30:00.000,DEP,Department of Environmental Protection,Noise,Noise: Construction Before/After Hours (NM1),,11216,50 JEFFERSON AVENUE,JEFFERSON AVENUE,FRANKLIN AVE,BEDFORD AVE,ADDRESS,BROOKLYN,N/A,Closed,,The Department of Environmental Protection has inspected your complaint and determined that further investigation is required. More information will be available once the condition is resolved. Please visit nyc.gov/311 or call 311 at a later time to check the status of your complaint.,2016-10-04T22:29:00.000,03 BROOKLYN,BROOKLYN,996637,187992,Unspecified,BROOKLYN,40.682662713043264,-73.9553384914436,"{'type': 'Point', 'coordinates': [-73.9553384914436, 40.682662713043264]}",,,
34433834,2016-09-29T20:42:52.000,2016-09-30T01:58:43.000,NYPD,New York City Police Department,Blocked Driveway,No Access,Street/Sidewalk,10303,31 WOODCREST ROAD,WOODCREST ROAD,SPARTAN AVENUE,ALBERT COURT,ADDRESS,STATEN ISLAND,Precinct,Closed,2016-09-30T04:42:52.000,The Police Department responded and upon arrival those responsible for the condition were gone.,2016-09-30T01:58:44.000,01 STATEN ISLAND,STATEN ISLAND,939275,166978,Unspecified,STATEN ISLAND,40.62487837793849,-74.16201770990484,"{'type': 'Point', 'coordinates': [-74.16201770990484, 40.62487837793849]}",,,
34430160,2016-09-29T20:42:48.000,2016-09-29T21:04:13.000,NYPD,New York City Police Department,Bike/Roller/Skate Chronic,N/A,Street/Sidewalk,10023,165 WEST END AVENUE,WEST END AVENUE,WEST 66 STREET,WEST 70 STREET,ADDRESS,NEW YORK,Precinct,Closed,2016-09-30T04:42:48.000,The Police Department responded to the complaint and took action to fix the condition.,2016-09-29T21:04:13.000,07 MANHATTAN,MANHATTAN,987998,222393,Unspecified,MANHATTAN,40.777092906769276,-73.98646736892418,"{'type': 'Point', 'coordinates': [-73.98646736892418, 40.777092906769276]}",,,
34430992,2016-09-29T20:42:09.000,2016-10-04T10:44:45.000,HPD,Department of Housing Preservation and Development,HEAT/HOT WATER,ENTIRE BUILDING,RESIDENTIAL BUILDING,10033,4161 BROADWAY,BROADWAY,,,ADDRESS,NEW YORK,N/A,Closed,,The complaint you filed is a duplicate of a condition already reported by another tenant for a building-wide condition. The original complaint is still open. HPD may attempt to contact you to verify the correction of the condition or may conduct an inspection of your unit if the original complainant is not available for verification.,2016-10-04T10:44:45.000,12 MANHATTAN,MANHATTAN,1001344,247872,Unspecified,MANHATTAN,40.847009913201276,-73.93821505994052,"{'type': 'Point', 'coordinates': [-73.93821505994052, 40.847009913201276]}",,,
34436116,2016-09-29T20:42:00.000,2016-10-04T15:45:00.000,DEP,Department of Environmental Protection,Air Quality,"Air: Odor/Fumes, Vehicle Idling (AD3)",,11693,304 CROSSBAY BOULEVARD,CROSSBAY BOULEVARD,W 3 RD,E 4 RD,ADDRESS,Far Rockaway,N/A,Closed,,"The Department of Environmental Protection (DEP) didn't observe a violation of the NYC Air or Noise Code at the time of inspection and couldn't issue a summons.  If the problem still exists, please go to nyc.gov/311 or call 311 to file a new Service Request. If you're outside of New York City, please call (212) NEW-YORK (212-639-9675).",2016-10-04T15:45:00.000,14 QUEENS,QUEENS,1034105,162825,Unspecified,QUEENS,40.61345316209868,-73.82043331808887,"{'type': 'Point', 'coordinates': [-73.82043331808887, 40.61345316209868]}",,,
34432116,2016-09-29T20:42:00.000,2016-09-30T11:09:00.000,DOT,Department of Transportation,Street Light Condition,Street Light Out,,,2552 26 ST E,26 ST E,AVE Y,AVE Z,ADDRESS,,N/A,Closed,,Service Request status for this request is available on the Department of Transportationâs website. Please click the âLearn Moreâ link below.,2016-09-30T11:09:00.000,Unspecified BROOKLYN,BROOKLYN,,,Unspecified,BROOKLYN,,,,,,
34432223,2016-09-29T20:41:53.000,2016-09-30T01:28:49.000,NYPD,New York City Police Department,Noise - Vehicle,Engine Idling,Street/Sidewalk,11211,KEAP STREET,KEAP STREET,,,LATLONG,BROOKLYN,Precinct,Closed,2016-09-30T04:41:53.000,The Police Department reviewed your complaint and provided additional information below.,2016-09-30T01:28:49.000,01 BROOKLYN,BROOKLYN,997042,198047,Unspecified,BROOKLYN,40.71026077082741,-73.95385916223518,"{'type': 'Point', 'coordinates': [-73.95385916223518, 40.71026077082741]}",,,
34433487,2016-09-29T20:41:27.000,2016-09-29T20:41:47.000,TLC,Taxi and Limousine Commission,Taxi Report,Driver Report,,11368,102-13 CORONA AVENUE,CORONA AVENUE,102 STREET,103 STREET,ADDRESS,CORONA,N/A,Closed,,Your report has been sent to the Taxi and Limousine Commission (TLC). You are not available to participate in a hearing so TLC cannot take any action against the driver or car service company. No further information will be available for your report.,2016-09-29T20:41:47.000,04 QUEENS,QUEENS,1022677,210459,Unspecified,QUEENS,40.744254445938495,-73.86132275558013,"{'type': 'Point', 'coordinates': [-73.86132275558013, 40.744254445938495]}",,,Other
34436885,2016-09-29T20:41:08.000,2016-09-29T23:02:38.000,NYPD,New York City Police Department,Blocked Driveway,No Access,Street/Sidewalk,11373,42-22 79 STREET,79 STREET,WOODSIDE AVENUE,45 AVENUE,ADDRESS,ELMHURST,Precinct,Closed,2016-09-30T04:41:08.000,The Police Department responded to the complaint and with the information available observed no evidence of the violation at that time.,2016-09-29T23:02:38.000,04 QUEENS,QUEENS,1015800,210132,Unspecified,QUEENS,40.74338412196562,-73.88614231372001,"{'type': 'Point', 'coordinates': [-73.88614231372001, 40.74338412196562]}",,,
34435296,2016-09-29T20:41:00.000,2016-10-05T21:15:00.000,DEP,Department of Environmental Protection,Noise,Noise: Construction Before/After Hours (NM1),,10013,,,CANAL ST,GREENE ST,INTERSECTION,NEW YORK,N/A,Closed,,The Department of Environmental Protection determined that this complaint is a duplicate of a previously filed complaint. The original complaint is being addressed.,2016-10-05T21:15:00.000,02 MANHATTAN,MANHATTAN,983346,201729,Unspecified,MANHATTAN,40.720376181179745,-74.00326122937571,"{'type': 'Point', 'coordinates': [-74.00326122937571, 40.720376181179745]}",CANAL STREET,GREENE STREET,
34439224,2016-09-29T20:40:52.000,2016-09-30T00:00:00.000,DOB,Department of Buildings,Building/Use,Zoning - Non-Conforming/Illegal Vehicle Storage,,11225,1874 BEDFORD AVENUE,BEDFORD AVENUE,,,ADDRESS,BROOKLYN,N/A,Closed,,The Department of Buildings reviewed this complaint and determined that no further action was necessary.,2016-09-30T00:00:00.000,09 BROOKLYN,BROOKLYN,996237,179580,Unspecified,BROOKLYN,40.65957420975857,-73.95679565605309,"{'type': 'Point', 'coordinates': [-73.95679565605309, 40.65957420975857]}",,,
34432937,2016-09-29T20:40:51.000,2016-10-07T14:53:22.000,HPD,Department of Housing Preservation and Development,UNSANITARY CONDITION,GARBAGE/RECYCLING STORAGE,RESIDENTIAL BUILDING,10065,340 EAST   63 STREET,EAST   63 STREET,,,ADDRESS,NEW YORK,N/A,Closed,,The Department of Housing Preservation and Development inspected the following conditions. No violations were issued. The complaint has been closed.,2016-10-07T14:53:22.000,08 MANHATTAN,MANHATTAN,995022,217082,Unspecified,MANHATTAN,40.76250982641631,-73.96111483750735,"{'type': 'Point', 'coordinates': [-73.96111483750735, 40.76250982641631]}",,,
34436067,2016-09-29T20:40:46.000,2016-09-30T15:41:07.000,NYPD,New York City Police Department,Noise - Residential,Loud Music/Party,Residential Building/House,10467,630 EAST 221 STREET,EAST 221 STREET,CARPENTER AVENUE,WHITE PLAINS ROAD,ADDRESS,BRONX,Precinct,Closed,2016-09-30T04:40:46.000,The Police Department responded to the complaint and with the information available observed no evidence of the violation at that time.,2016-09-30T15:41:07.000,12 BRONX,BRONX,1021896,261940,Unspecified,BRONX,40.88555854789667,-73.86385250374747,"{'type': 'Point', 'coordinates': [-73.86385250374747, 40.88555854789667]}",,,
34434038,2016-09-29T20:40:22.000,2016-09-29T21:42:46.000,NYPD,New York City Police Department,Noise - Residential,Loud Music/Party,Residential Building/House,10305,200A MARYLAND AVENUE,MARYLAND AVENUE,WINGHAM STREET,VERMONT AVENUE,ADDRESS,STATEN ISLAND,Precinct,Closed,2016-09-30T04:40:22.000,The Police Department responded to the complaint and with the information available observed no evidence of the violation at that time.,2016-09-29T21:42:46.000,01 STATEN ISLAND,STATEN ISLAND,965270,162233,Unspecified,STATEN ISLAND,40.61194817321117,-74.06836017944413,"{'type': 'Point', 'coordinates': [-74.06836017944413, 40.61194817321117]}",,,
34430303,2016-09-29T20:40:00.000,2016-10-03T08:41:00.000,DOT,Department of Transportation,Street Light Condition,Street Light Out,,,2552 26 ST E,26 ST E,AVE Y,AVE Z,ADDRESS,,N/A,Closed,,Service Request status for this request is available on the Department of Transportationâs website. Please click the âLearn Moreâ link below.,2016-10-03T08:41:00.000,Unspecified BROOKLYN,BROOKLYN,,,Unspecified,BROOKLYN,,,,,,
34432994,2016-09-29T20:40:00.000,2016-10-03T08:41:00.000,DOT,Department of Transportation,Street Light Condition,Street Light Out,,,2552 26 ST E,26 ST E,AVE Y,AVE Z,ADDRESS,,N/A,Closed,,Service Request status for this request is available on the Department of Transportationâs website. Please click the âLearn Moreâ link below.,2016-10-03T08:41:00.000,Unspecified BROOKLYN,BROOKLYN,,,Unspecified,BROOKLYN,,,,,,
34436660,2016-09-29T20:39:47.000,2016-10-07T14:53:22.000,HPD,Department of Housing Preservation and Development,UNSANITARY CONDITION,GARBAGE/RECYCLING STORAGE,RESIDENTIAL BUILDING,10065,340 EAST   63 STREET,EAST   63 STREET,,,ADDRESS,NEW YORK,N/A,Closed,,The Department of Housing Preservation and Development inspected the following conditions. No violations were issued. The complaint has been closed.,2016-10-07T14:53:22.000,08 MANHATTAN,MANHATTAN,995022,217082,Unspecified,MANHATTAN,40.76250982641631,-73.96111483750735,"{'type': 'Point', 'coordinates': [-73.96111483750735, 40.76250982641631]}",,,
34435065,2016-09-29T20:39:41.000,2016-09-29T21:23:21.000,NYPD,New York City Police Department,Noise - Street/Sidewalk,Loud Talking,Street/Sidewalk,10031,3646A BROADWAY,BROADWAY,WEST 150 STREET,WEST 151 STREET,ADDRESS,NEW YORK,Precinct,Closed,2016-09-30T04:39:41.000,The Police Department reviewed your complaint and provided additional information below.,2016-09-29T21:23:21.000,09 MANHATTAN,MANHATTAN,998657,241619,Unspecified,MANHATTAN,40.82985204021861,-73.94794044288575,"{'type': 'Point', 'coordinates': [-73.94794044288575, 40.82985204021861]}",,,
34432214,2016-09-29T20:39:40.000,2016-09-30T03:24:12.000,NYPD,New York City Police Department,Noise - Vehicle,Car/Truck Music,Street/Sidewalk,10033,547 WEST 180 STREET,WEST 180 STREET,AUDUBON AVENUE,ST NICHOLAS AVENUE,ADDRESS,NEW YORK,Precinct,Closed,2016-09-30T04:39:40.000,The Police Department responded and upon arrival those responsible for the condition were gone.,2016-09-30T03:24:12.000,12 MANHATTAN,MANHATTAN,1002721,248311,Unspecified,MANHATTAN,40.84821206532693,-73.93323679252005,"{'type': 'Point', 'coordinates': [-73.93323679252005, 40.84821206532693]}",,,
34429946,2016-09-29T20:39:25.000,2016-10-12T12:26:16.000,DFTA,HealthCare Connections,Housing Options,Other Housing Options,Senior Address,11207,,,,,ADDRESS,BROOKLYN,N/A,Closed,2016-10-13T20:39:25.000,"The Department for the Aging contacted you and provided the assistance requested.Â  No further updates will be available through 311.   If further assistance is needed, please open a new Service Request.",2016-10-12T12:26:16.000,05 BROOKLYN,BROOKLYN,,,Unspecified,BROOKLYN,,,,,,
34432926,2016-09-29T20:39:13.000,2016-09-29T22:42:12.000,NYPD,New York City Police Department,Blocked Driveway,No Access,Street/Sidewalk,11208,260 RIDGEWOOD AVENUE,RIDGEWOOD AVENUE,NORWOOD AVENUE,LOGAN STREET,ADDRESS,BROOKLYN,Precinct,Closed,2016-09-30T04:39:13.000,The Police Department issued a summons in response to the complaint.,2016-09-29T22:42:12.000,05 BROOKLYN,BROOKLYN,1017803,188440,Unspecified,BROOKLYN,40.6838374431705,-73.87902200640521,"{'type': 'Point', 'coordinates': [-73.87902200640521, 40.6838374431705]}",,,
34440278,2016-09-29T20:39:00.000,2016-10-03T12:00:00.000,DSNY,Department of Sanitation,Sanitation Condition,15 Street Cond/Dump-Out/Drop-Off,Street,10030,246 WEST  137 STREET,WEST  137 STREET,7 AVENUE,8 AVENUE,ADDRESS,NEW YORK,DSNY Garage,Closed,,The Department of Sanitation investigated this complaint and found no condition at the location.,2016-10-03T12:00:00.000,10 MANHATTAN,MANHATTAN,999706,237004,Unspecified,MANHATTAN,40.81718340287447,-73.94416052277937,"{'type': 'Point', 'coordinates': [-73.94416052277937, 40.81718340287447]}",,,
34431597,2016-09-29T20:39:00.000,2016-10-05T00:30:00.000,DEP,Department of Environmental Protection,Noise,Noise: Private Carting Noise (NQ1),,10045,33 LIBERTY STREET,LIBERTY STREET,WILLIAM ST,NASSAU ST,ADDRESS,NEW YORK,N/A,Closed,,"The Department of Environmental Protection (DEP) didn't observe a violation of the NYC Air or Noise Code at the time of inspection and couldn't issue a summons.  If the problem still exists, please go to nyc.gov/311 or call 311 to file a new Service Request. If you're outside of New York City, please call (212) NEW-YORK (212-639-9675).",2016-10-05T00:30:00.000,01 MANHATTAN,MANHATTAN,981813,197277,Unspecified,MANHATTAN,40.70815621483442,-74.00878999894705,"{'type': 'Point', 'coordinates': [-74.00878999894705, 40.70815621483442]}",,,
34436608,2016-09-29T20:38:54.000,2016-10-04T10:44:45.000,HPD,Department of Housing Preservation and Development,HEAT/HOT WATER,ENTIRE BUILDING,RESIDENTIAL BUILDING,10033,4161 BROADWAY,BROADWAY,,,ADDRESS,NEW YORK,N/A,Closed,,"The Department of Housing Preservation and Development was not able to gain access to your apartment or others in the building to inspect for a lack of heat or hot water. The complaint has been closed. If the condition still exists, please file a new complaint.",2016-10-04T10:44:45.000,12 MANHATTAN,MANHATTAN,1001344,247872,Unspecified,MANHATTAN,40.847009913201276,-73.93821505994052,"{'type': 'Point', 'coordinates': [-73.93821505994052, 40.847009913201276]}",,,
40809139,2016-09-29T20:38:39.000,2016-12-13T00:00:00.000,DOB,Department of Buildings,General Construction/Plumbing,Building Permit - None,,,47-24 BOWNE STREET,BOWNE STREET,,,,,N/A,Closed,,The Department of Buildings investigated this complaint and determined that no further action was necessary.,2016-12-13T00:00:00.000,Unspecified QUEENS,QUEENS,,,Unspecified,QUEENS,,,,,,
34443003,2016-09-29T20:38:39.000,2017-02-27T00:00:00.000,DOB,Department of Buildings,Building/Use,Illegal Conversion Of Residential Building/Space,,11222,937 LORIMER STREET,LORIMER STREET,,,ADDRESS,BROOKLYN,N/A,Closed,,"The Department of Buildings attempted to investigate this complaint twice but could not gain access to the location. If the problem still exists, please call 311 and file a new complaint with additional access information. If you are outside of New York City, please call (212) NEW-YORK (212-639-9675).",2017-02-27T00:00:00.000,01 BROOKLYN,BROOKLYN,997526,203150,Unspecified,BROOKLYN,40.72426656662708,-73.9521033066332,"{'type': 'Point', 'coordinates': [-73.9521033066332, 40.72426656662708]}",,,
34432280,2016-09-29T20:38:19.000,2016-09-29T22:21:44.000,NYPD,New York City Police Department,Noise - Street/Sidewalk,Loud Music/Party,Street/Sidewalk,10468,2305 LORING PLACE NORTH,LORING PLACE NORTH,WEST 183 STREET,WEST FORDHAM ROAD,ADDRESS,BRONX,Precinct,Closed,2016-09-30T04:38:19.000,The Police Department responded to the complaint and took action to fix the condition.,2016-09-29T22:21:44.000,07 BRONX,BRONX,1009600,253264,Unspecified,BRONX,40.86178949569016,-73.90835401537336,"{'type': 'Point', 'coordinates': [-73.90835401537336, 40.86178949569016]}",,,
34432717,2016-09-29T20:38:17.000,2016-10-15T01:06:49.000,DCWP,Department of Consumer and Worker Protection,Consumer Complaint,Contract Dispute,,10314,,,,,INTERSECTION,STATEN ISLAND,N/A,Closed,2016-10-18T13:03:30.000,"The Department of Consumer Affairs mailed you a complaint form. If you received the form and have not yet completed it, please do so. Be sure to follow the instructions on the form and return it to DCA with all required documentation.     311 can assist those who have not received the complaint form by creating a new Service Request. Additionally, 311 can assist those who returned the form but want to inquire about the status of the filed complaint.",2016-10-15T01:06:49.000,02 STATEN ISLAND,STATEN ISLAND,937067,147309,Unspecified,STATEN ISLAND,40.570879566184864,-74.1698344031231,"{'type': 'Point', 'coordinates': [-74.1698344031231, 40.570879566184864]}",RICHMOND AVENUE,FOREST HILL ROAD,
34434143,2016-09-29T20:38:03.000,2016-09-30T09:46:59.000,NYPD,New York City Police Department,Noise - Commercial,Loud Music/Party,Club/Bar/Restaurant,10128,1742 2 AVENUE,2 AVENUE,EAST 90 STREET,EAST 91 STREET,ADDRESS,NEW YORK,Precinct,Closed,2016-09-30T04:38:03.000,The Police Department reviewed your complaint and provided additional information below.,2016-09-30T09:46:59.000,08 MANHATTAN,MANHATTAN,998215,223760,Unspecified,MANHATTAN,40.78083472302135,-73.94957475384402,"{'type': 'Point', 'coordinates': [-73.94957475384402, 40.78083472302135]}",,,
34437023,2016-09-29T20:38:00.000,2016-10-04T01:10:00.000,DOT,Department of Transportation,Street Light Condition,Street Light Out,,,301 69 ST E,69 ST E,69 ST E,2 AVE,INTERSECTION,,N/A,Closed,,Service Request status for this request is available on the Department of Transportationâs website. Please click the âLearn Moreâ link below.,2016-10-04T01:10:00.000,Unspecified MANHATTAN,MANHATTAN,,,Unspecified,MANHATTAN,,,,69 ST E,2 AVE,
34432176,2016-09-29T20:38:00.000,2016-10-03T08:41:00.000,DOT,Department of Transportation,Street Light Condition,Street Light Out,,,2552 26 ST E,26 ST E,AVE Y,AVE Z,ADDRESS,,N/A,Closed,,Service Request status for this request is available on the Department of Transportationâs website. Please click the âLearn Moreâ link below.,2016-10-03T08:41:00.000,Unspecified BROOKLYN,BROOKLYN,,,Unspecified,BROOKLYN,,,,,,
34430810,2016-09-29T20:37:52.000,2016-09-30T07:55:00.000,DOT,Department of Transportation,Street Condition,Pothole,,10021,EAST   74 STREET,EAST   74 STREET,LEXINGTON AVENUE,PARK AVENUE,BLOCKFACE,NEW YORK,N/A,Closed,,The Department of Transportation inspected this complaint and repaired the problem.,2016-09-30T07:55:00.000,08 MANHATTAN,MANHATTAN,994775,220559,Unspecified,MANHATTAN,40.772053586590836,-73.96200102239715,"{'type': 'Point', 'coordinates': [-73.96200102239715, 40.772053586590836]}",,,
34439985,2016-09-29T20:37:35.000,2017-01-19T00:00:00.000,DOB,Department of Buildings,Building/Use,Illegal Conversion Of Residential Building/Space,,11207,87 PILLING STREET,PILLING STREET,,,ADDRESS,BROOKLYN,N/A,Closed,,"The Department of Buildings attempted to investigate this complaint twice but could not gain access to the location. If the problem still exists, please call 311 and file a new complaint with additional access information. If you are outside of New York City, please call (212) NEW-YORK (212-639-9675).",2017-01-19T00:00:00.000,04 BROOKLYN,BROOKLYN,1010014,188654,Unspecified,BROOKLYN,40.68445092287809,-73.90710501906631,"{'type': 'Point', 'coordinates': [-73.90710501906631, 40.68445092287809]}",,,
34431232,2016-09-29T20:37:00.000,2016-10-03T14:05:00.000,DOT,Department of Transportation,Street Light Condition,Street Light Out,,10306,200 LOCUST AVENUE,LOCUST AVENUE,EDISON ST,ROYAL ST,ADDRESS,STATEN ISLAND,N/A,Closed,,Service Request status for this request is available on the Department of Transportationâs website. Please click the âLearn Moreâ link below.,2016-10-03T14:05:00.000,02 STATEN ISLAND,STATEN ISLAND,953194,148759,Unspecified,STATEN ISLAND,40.574930684676005,-74.11179228213365,"{'type': 'Point', 'coordinates': [-74.11179228213365, 40.574930684676005]}",,,
34431415,2016-09-29T20:36:42.000,2016-09-29T21:16:59.000,DHS,Operations Unit - Department of Homeless Services,Homeless Person Assistance,N/A,Street/Sidewalk,11216,,,,,INTERSECTION,BROOKLYN,N/A,Closed,2016-09-29T23:09:36.000,The individual was found and outreach assistance was offered.,2016-09-29T21:16:59.000,03 BROOKLYN,BROOKLYN,999853,187937,Unspecified,BROOKLYN,40.68250666581666,-73.9437432869102,"{'type': 'Point', 'coordinates': [-73.9437432869102, 40.68250666581666]}",TOMPKINS AVENUE,HALSEY STREET,
34440629,2016-09-29T20:36:35.000,2016-10-05T00:00:00.000,DOB,Department of Buildings,Electrical,Electrical Wiring Defective/Exposed,,11222,937 LORIMER STREET,LORIMER STREET,,,ADDRESS,BROOKLYN,N/A,Closed,,"The Department of Buildings attempted to investigate this complaint twice but could not gain access to the location. If the problem still exists, please call 311 and file a new complaint with additional access information. If you are outside of New York City, please call (212) NEW-YORK (212-639-9675).",2016-10-05T00:00:00.000,Unspecified BROOKLYN,BROOKLYN,997526,203150,Unspecified,BROOKLYN,40.72426656662708,-73.9521033066332,"{'type': 'Point', 'coordinates': [-73.9521033066332, 40.72426656662708]}",,,
34431721,2016-09-29T20:36:31.000,2016-09-30T00:17:02.000,DOT,Department of Transportation,Street Condition,Plate Condition - Noisy,Street,10023,165 WEST END AVENUE,WEST END AVENUE,WEST 66 STREET,WEST 70 STREET,ADDRESS,NEW YORK,N/A,Closed,2016-10-09T17:43:43.000,"The  Department of Transportation inspected the condition you reported and issued a Corrective Action Repair (CAR) to the contractor or utility company. The responsible party has a maximum of 30 days to correct the condition. If after that time the condition still exists, the Agency may issue the responsible party a summons and/or correct the condition.",2016-09-30T00:11:18.000,07 MANHATTAN,MANHATTAN,987998,222393,Unspecified,MANHATTAN,40.777092906769276,-73.98646736892418,"{'type': 'Point', 'coordinates': [-73.98646736892418, 40.777092906769276]}",,,
34430367,2016-09-29T20:36:11.000,2016-09-29T23:55:09.000,NYPD,New York City Police Department,Noise - Residential,Banging/Pounding,Residential Building/House,11101,40-05 VERNON BOULEVARD,VERNON BOULEVARD,40 AVENUE,41 AVENUE,ADDRESS,LONG ISLAND CITY,Precinct,Closed,2016-09-30T04:36:11.000,The Police Department responded to the complaint and took action to fix the condition.,2016-09-29T23:55:09.000,01 QUEENS,QUEENS,999240,215344,Unspecified,QUEENS,40.75773331739229,-73.94589242432106,"{'type': 'Point', 'coordinates': [-73.94589242432106, 40.75773331739229]}",,,
34433331,2016-09-29T20:35:08.000,2016-09-29T20:56:48.000,NYPD,New York City Police Department,Illegal Parking,Blocked Hydrant,Street/Sidewalk,11421,92-14 91 AVENUE,91 AVENUE,92 STREET,WOODHAVEN BOULEVARD,ADDRESS,WOODHAVEN,Precinct,Closed,2016-09-30T04:35:08.000,The Police Department responded to the complaint and with the information available observed no evidence of the violation at that time.,2016-09-29T20:56:48.000,09 QUEENS,QUEENS,1025533,190525,Unspecified,QUEENS,40.689527604691925,-73.85113815366682,"{'type': 'Point', 'coordinates': [-73.85113815366682, 40.689527604691925]}",,,
34438237,2016-09-29T20:35:00.000,2016-09-30T12:00:00.000,DSNY,Department of Sanitation,Literature Request,GREEN MIXED PAPER DECALS,Other,10312,,,,,ADDRESS,STATEN ISLAND,N/A,Closed,,The Department of Sanitation mailed the literature. Please allow one week for delivery.,2016-09-30T07:57:00.000,03 STATEN ISLAND,STATEN ISLAND,,,Unspecified,STATEN ISLAND,,,,,,
34433366,2016-09-29T20:35:00.000,2016-10-04T21:30:00.000,DEP,Department of Environmental Protection,Noise,Noise: Construction Before/After Hours (NM1),,10457,620 EAST  178 STREET,EAST  178 STREET,ARTHUR AVE,HUGHES AVE,ADDRESS,BRONX,N/A,Closed,,The Department of Environmental Protection has inspected your complaint and determined that further investigation is required. More information will be available once the condition is resolved. Please visit nyc.gov/311 or call 311 at a later time to check the status of your complaint.,2016-10-04T22:51:00.000,06 BRONX,BRONX,1014009,247793,Unspecified,BRONX,40.846759480267366,-73.89243878444907,"{'type': 'Point', 'coordinates': [-73.89243878444907, 40.846759480267366]}",,,
34441999,2016-09-29T20:35:00.000,2016-09-30T12:00:00.000,DSNY,Department of Sanitation,Literature Request,BLUE RECYCLING DECAL,Other,10312,,,,,ADDRESS,STATEN ISLAND,N/A,Closed,,The Department of Sanitation mailed the literature. Please allow one week for delivery.,2016-09-30T07:57:00.000,03 STATEN ISLAND,STATEN ISLAND,,,Unspecified,STATEN ISLAND,,,,,,
34436303,2016-09-29T20:35:00.000,2016-10-06T19:15:00.000,DEP,Department of Environmental Protection,Noise,Noise: Construction Before/After Hours (NM1),,10003,226 EAST   14 STREET,EAST   14 STREET,3 AVE,2 AVE,ADDRESS,NEW YORK,N/A,Closed,,The Department of Environmental Protection researched this complaint and determined that it could be closed.,2016-10-06T19:15:00.000,03 MANHATTAN,MANHATTAN,988009,206317,Unspecified,MANHATTAN,40.73296837203397,-73.98643663949736,"{'type': 'Point', 'coordinates': [-73.98643663949736, 40.73296837203397]}",,,
34434098,2016-09-29T20:34:54.000,2016-09-29T23:20:53.000,NYPD,New York City Police Department,Noise - Residential,Banging/Pounding,Residential Building/House,11225,1798 BEDFORD AVENUE,BEDFORD AVENUE,STERLING STREET,LEFFERTS AVENUE,ADDRESS,BROOKLYN,Precinct,Closed,2016-09-30T04:34:54.000,The Police Department responded to the complaint and took action to fix the condition.,2016-09-29T23:20:53.000,09 BROOKLYN,BROOKLYN,996162,180493,Unspecified,BROOKLYN,40.6620802943404,-73.95706436307724,"{'type': 'Point', 'coordinates': [-73.95706436307724, 40.6620802943404]}",,,
34432849,2016-09-29T20:34:50.000,2016-09-29T20:35:26.000,HRA,HRA Benefit Card Replacement,Benefit Card Replacement,Food Stamp,Address Outside of NYC,,,,,,,,N/A,Closed,,"The Human Resources Administration received your request. If you are eligible for a benefit card replacement, you will receive it in 7 to 10 business days. No further updates will be available by calling 311 or on 311 Online.",,0 Unspecified,Unspecified,,,Unspecified,Unspecified,,,,,,
34434385,2016-09-29T20:34:00.000,2016-10-05T21:15:00.000,DEP,Department of Environmental Protection,Noise,Noise: Construction Before/After Hours (NM1),,10013,29 GREENE STREET,GREENE STREET,CANAL ST,GRAND ST,ADDRESS,NEW YORK,N/A,Closed,,The Department of Environmental Protection determined that this complaint is a duplicate of a previously filed complaint. The original complaint is being addressed.,2016-10-05T21:15:00.000,02 MANHATTAN,MANHATTAN,983578,202095,Unspecified,MANHATTAN,40.721380783563525,-74.00242431324658,"{'type': 'Point', 'coordinates': [-74.00242431324658, 40.721380783563525]}",,,
34431608,2016-09-29T20:34:00.000,2016-09-29T21:45:00.000,DEP,Department of Environmental Protection,Sewer,Sewer Backup (Use Comments) (SA),,11435,147-08 GRAND CENTRAL PARKWAY,GRAND CENTRAL PARKWAY,DANIELS ST,SMEDLEY ST,ADDRESS,Jamaica,N/A,Closed,,The Department of Environmental Protection investigated this complaint and found there was no sewer back up in the city system at the time of the inspection.,2016-09-29T21:45:00.000,08 QUEENS,QUEENS,1036016,200066,Unspecified,QUEENS,40.7156602464147,-73.81326439954091,"{'type': 'Point', 'coordinates': [-73.81326439954091, 40.7156602464147]}",,,
34435030,2016-09-29T20:32:21.000,2016-09-29T23:09:10.000,NYPD,New York City Police Department,Homeless Encampment,N/A,Street/Sidewalk,11435,147-14 106 AVENUE,106 AVENUE,SUTPHIN BOULEVARD,148 STREET,ADDRESS,JAMAICA,Precinct,Closed,2016-09-30T04:32:21.000,The Police Department responded to the complaint and took action to fix the condition.,2016-09-29T23:09:10.000,12 QUEENS,QUEENS,1038966,192646,Unspecified,QUEENS,40.6952763937032,-73.80268318534621,"{'type': 'Point', 'coordinates': [-73.80268318534621, 40.6952763937032]}",,,
34432319,2016-09-29T20:32:04.000,2016-09-29T20:32:25.000,TLC,Taxi and Limousine Commission,Taxi Report,Driver Report,,10023,60 WEST 76 STREET,WEST 76 STREET,CENTRAL PARK WEST,COLUMBUS AVENUE,ADDRESS,NEW YORK,N/A,Closed,,Your report has been sent to the Taxi and Limousine Commission (TLC). You are not available to participate in a hearing so TLC cannot take any action against the driver or car service company. No further information will be available for your report.,2016-09-29T20:32:25.000,07 MANHATTAN,MANHATTAN,990980,223264,Unspecified,MANHATTAN,40.779481804455166,-73.9756996063648,"{'type': 'Point', 'coordinates': [-73.9756996063648, 40.779481804455166]}",,,Other
34442362,2016-09-29T20:32:00.000,2016-09-30T12:00:00.000,DSNY,Department of Sanitation,Other Enforcement,E10 Street Obstruction,Sidewalk,10309,710 MAGUIRE AVENUE,MAGUIRE AVENUE,MASON BOULEVARD,DEAD END,ADDRESS,STATEN ISLAND,DSNY Garage,Closed,,The Department of Sanitation investigated this complaint and found no condition at the location.,2016-09-30T12:00:00.000,03 STATEN ISLAND,STATEN ISLAND,925319,137648,Unspecified,STATEN ISLAND,40.54429175173492,-74.21203680499403,"{'type': 'Point', 'coordinates': [-74.21203680499403, 40.54429175173492]}",,,
34439429,2016-09-29T20:31:00.000,2016-09-30T12:00:00.000,DSNY,Department of Sanitation,Sanitation Condition,15 Street Cond/Dump-Out/Drop-Off,Street,11230,1481 EAST   13 STREET,EAST   13 STREET,AVENUE N,AVENUE O,ADDRESS,BROOKLYN,DSNY Garage,Closed,,The vehicle you reported has been removed by the Department of Sanitation.,2016-09-30T12:00:00.000,14 BROOKLYN,BROOKLYN,995063,162793,Unspecified,BROOKLYN,40.61349898771899,-73.96105396512846,"{'type': 'Point', 'coordinates': [-73.96105396512846, 40.61349898771899]}",,,
34430283,2016-09-29T20:30:48.000,2016-10-06T15:32:09.000,DPR,Department of Parks and Recreation,Maintenance or Facility,Unsecured Facility,Park,10039,,,,,INTERSECTION,NEW YORK,N/A,Closed,2016-10-02T20:30:48.000,The Department of Parks and Recreation has completed the requested work order and corrected the problem.,2016-10-06T15:32:09.000,10 MANHATTAN,MANHATTAN,1001248,238873,Unspecified,MANHATTAN,40.82231044736728,-73.93858484877643,"{'type': 'Point', 'coordinates': [-73.93858484877643, 40.82231044736728]}",WEST  146 STREET,ADAM CLAYTON POWELL JR BOULEVARD,
34431793,2016-09-29T20:30:47.000,2016-10-04T11:50:01.000,DPR,Department of Parks and Recreation,Maintenance or Facility,Rodent Sighting,Park,10021,,,,,,NEW YORK,N/A,Closed,2016-10-09T20:30:47.000,The Department of Parks and Recreation has completed the requested work order and corrected the problem.,2016-10-04T11:50:01.000,Unspecified MANHATTAN,MANHATTAN,,,John Jay Park,MANHATTAN,,,,,,
34436711,2016-09-29T20:30:32.000,2016-09-30T04:56:03.000,NYPD,New York City Police Department,Blocked Driveway,No Access,Street/Sidewalk,10461,1357 ELLISON AVENUE,ELLISON AVENUE,WATERBURY AVENUE,LATTING STREET,ADDRESS,BRONX,Precinct,Closed,2016-09-30T04:30:32.000,The Police Department responded to the complaint and with the information available observed no evidence of the violation at that time.,2016-09-30T04:56:04.000,10 BRONX,BRONX,1029576,244346,Unspecified,BRONX,40.83723230189712,-73.83619667628561,"{'type': 'Point', 'coordinates': [-73.83619667628561, 40.83723230189712]}",,,
34433198,2016-09-29T20:30:24.000,2016-09-29T22:38:54.000,NYPD,New York City Police Department,Noise - Commercial,Loud Music/Party,Store/Commercial,10012,161 PRINCE STREET,PRINCE STREET,WEST BROADWAY,THOMPSON STREET,ADDRESS,NEW YORK,Precinct,Closed,2016-09-30T04:30:24.000,The Police Department responded to the complaint and took action to fix the condition.,2016-09-29T22:38:54.000,02 MANHATTAN,MANHATTAN,983883,203775,Unspecified,MANHATTAN,40.72599199449931,-74.00132408411478,"{'type': 'Point', 'coordinates': [-74.00132408411478, 40.72599199449931]}",,,
34434095,2016-09-29T20:30:22.000,2016-09-29T21:40:38.000,NYPD,New York City Police Department,Noise - Commercial,Loud Music/Party,Store/Commercial,10026,2149 FREDERICK DOUGLASS BOULEVARD,FREDERICK DOUGLASS BOULEVARD,WEST 115 STREET,WEST 116 STREET,ADDRESS,NEW YORK,Precinct,Closed,2016-09-30T04:30:22.000,The Police Department responded to the complaint and with the information available observed no evidence of the violation at that time.,2016-09-29T21:40:38.000,10 MANHATTAN,MANHATTAN,996575,232302,Unspecified,MANHATTAN,40.80428264394042,-73.95548083900286,"{'type': 'Point', 'coordinates': [-73.95548083900286, 40.80428264394042]}",,,
34432841,2016-09-29T20:29:15.000,2016-11-02T13:18:28.000,DPR,Department of Parks and Recreation,Maintenance or Facility,Structure - Outdoors,Park,11379,,,,,,QUEENS,N/A,Closed,2016-10-13T20:29:15.000,The Department of Parks and Recreation has completed the requested work order and corrected the problem.,2016-11-02T13:18:28.000,Unspecified QUEENS,QUEENS,,,Juniper South Playground,QUEENS,,,,,,
34430436,2016-09-29T20:29:13.000,2016-09-29T21:39:31.000,NYPD,New York City Police Department,Noise - Vehicle,Car/Truck Music,Street/Sidewalk,11221,735 KNICKERBOCKER AVENUE,KNICKERBOCKER AVENUE,HANCOCK STREET,WEIRFIELD STREET,ADDRESS,BROOKLYN,Precinct,Closed,2016-09-30T04:29:13.000,The Police Department responded to the complaint and with the information available observed no evidence of the violation at that time.,2016-09-29T21:39:31.000,04 BROOKLYN,BROOKLYN,1009350,192050,Unspecified,BROOKLYN,40.69377406504088,-73.90948649123597,"{'type': 'Point', 'coordinates': [-73.90948649123597, 40.69377406504088]}",,,
34429956,2016-09-29T20:29:04.000,2016-10-15T01:07:00.000,DCWP,Department of Consumer and Worker Protection,Consumer Complaint,Exchange/Refund/Return,,11354,36-45 MAIN STREET,MAIN STREET,NORTHERN BOULEVARD,37 AVENUE,ADDRESS,FLUSHING,N/A,Closed,2016-10-18T14:03:30.000,"The Department of Consumer Affairs mailed you a complaint form. If you received the form and have not yet completed it, please do so. Be sure to follow the instructions on the form and return it to DCA with all required documentation.     311 can assist those who have not received the complaint form by creating a new Service Request. Additionally, 311 can assist those who returned the form but want to inquire about the status of the filed complaint.",2016-10-15T01:07:00.000,07 QUEENS,QUEENS,1030923,217026,Unspecified,QUEENS,40.762239486552765,-73.83151867044023,"{'type': 'Point', 'coordinates': [-73.83151867044023, 40.762239486552765]}",,,
34432459,2016-09-29T20:29:00.000,2016-10-05T21:45:00.000,DEP,Department of Environmental Protection,Noise,Noise: Construction Before/After Hours (NM1),,10006,,,CARLISLE ST,GREENWICH ST,INTERSECTION,NEW YORK,N/A,Closed,,The Department of Environmental Protection has inspected your complaint and determined that further investigation is required. More information will be available once the condition is resolved. Please visit nyc.gov/311 or call 311 at a later time to check the status of your complaint.,2016-10-05T22:21:00.000,01 MANHATTAN,MANHATTAN,980573,197487,Unspecified,MANHATTAN,40.70873218671085,-74.01326266125083,"{'type': 'Point', 'coordinates': [-74.01326266125083, 40.70873218671085]}",CARLISLE STREET,GREENWICH STREET,
34431449,2016-09-29T20:29:00.000,2016-10-05T15:45:00.000,DEP,Department of Environmental Protection,Noise,Noise: Alarms (NR3),,10458,2934 VALENTINE AVENUE,VALENTINE AVENUE,E 199 ST,BEDFORD PARK BLVD,ADDRESS,BRONX,N/A,Closed,,"The Department of Environmental Protection (DEP) didn't observe a violation of the NYC Air or Noise Code at the time of inspection and couldn't issue a summons.  If the problem still exists, please go to nyc.gov/311 or call 311 to file a new Service Request. If you're outside of New York City, please call (212) NEW-YORK (212-639-9675).",2016-10-05T15:45:00.000,07 BRONX,BRONX,1015413,256645,Unspecified,BRONX,40.87105069956268,-73.8873230037505,"{'type': 'Point', 'coordinates': [-73.8873230037505, 40.87105069956268]}",,,
34434434,2016-09-29T20:29:00.000,2016-11-07T11:15:00.000,DEP,Department of Environmental Protection,Water System,Hydrant Defective (WC2),,,,,WHITESTONE EXPY,DOWNING ST,INTERSECTION,,N/A,Closed,,The Department of Environmental Protection investigated this complaint and repaired or replaced the hydrant.,2016-11-07T11:15:00.000,Unspecified QUEENS,QUEENS,,,Unspecified,QUEENS,,,,WHITESTONE EXPY,DOWNING ST,
34431033,2016-09-29T20:29:00.000,2016-10-03T08:43:00.000,DOT,Department of Transportation,Street Light Condition,Street Light Out,,11417,,,79 ST,GLENMORE AVE,INTERSECTION,Ozone Park,N/A,Closed,,Service Request status for this request is available on the Department of Transportationâs website. Please click the âLearn Moreâ link below.,2016-10-03T08:43:00.000,10 QUEENS,QUEENS,1023562,186366,Unspecified,QUEENS,40.678121087393954,-73.85826960947183,"{'type': 'Point', 'coordinates': [-73.85826960947183, 40.678121087393954]}",79 STREET,GLENMORE AVENUE,
34435066,2016-09-29T20:28:46.000,2016-09-29T21:56:47.000,NYPD,New York City Police Department,Noise - Street/Sidewalk,Loud Talking,Street/Sidewalk,10472,,,,,INTERSECTION,BRONX,Precinct,Closed,2016-09-30T04:28:46.000,The Police Department responded to the complaint and determined that police action was not necessary.,2016-09-29T21:56:47.000,09 BRONX,BRONX,1021357,241672,Unspecified,BRONX,40.829931310404646,-73.86591400513787,"{'type': 'Point', 'coordinates': [-73.86591400513787, 40.829931310404646]}",BEACH AVENUE,GLEASON AVENUE,
34434620,2016-09-29T20:28:41.000,2016-09-30T11:02:57.000,DFTA,Department for the Aging,Housing - Low Income Senior,N/A,Senior Address,11212,,,,,ADDRESS,BROOKLYN,N/A,Closed,2016-10-13T20:28:41.000,"The Department for the Aging contacted you and provided the assistance requested.Â  No further updates will be available through 311.   If further assistance is needed, please open a new Service Request.",2016-09-30T11:02:57.000,16 BROOKLYN,BROOKLYN,,,Unspecified,BROOKLYN,,,,,,
34435282,2016-09-29T20:28:22.000,2016-09-29T21:35:15.000,NYPD,New York City Police Department,Illegal Parking,Double Parked Blocking Traffic,Street/Sidewalk,10308,109 PEMBERTON AVENUE,PEMBERTON AVENUE,GURLEY AVENUE,DEAD END,ADDRESS,STATEN ISLAND,Precinct,Closed,2016-09-30T04:28:22.000,The Police Department responded to the complaint and with the information available observed no evidence of the violation at that time.,2016-09-29T21:35:15.000,03 STATEN ISLAND,STATEN ISLAND,940834,144122,Unspecified,STATEN ISLAND,40.56215113010365,-74.15625471816425,"{'type': 'Point', 'coordinates': [-74.15625471816425, 40.56215113010365]}",,,
34434272,2016-09-29T20:28:20.000,2016-09-29T21:09:33.000,NYPD,New York City Police Department,Illegal Parking,Commercial Overnight Parking,Street/Sidewalk,11377,,,,,INTERSECTION,WOODSIDE,Precinct,Closed,2016-09-30T04:28:20.000,The Police Department responded to the complaint and determined that police action was not necessary.,2016-09-29T21:09:33.000,03 QUEENS,QUEENS,1012769,216895,Unspecified,QUEENS,40.761957124422196,-73.89705189699337,"{'type': 'Point', 'coordinates': [-73.89705189699337, 40.761957124422196]}",25 AVENUE,BOODY STREET,
34431723,2016-09-29T20:28:18.000,2016-10-03T15:20:54.000,DOT,Department of Transportation,Street Condition,Cave-in,Street,10028,,,,,INTERSECTION,NEW YORK,N/A,Closed,2016-10-10T11:21:15.000,The Department of Transportation inspected the condition you reported and found that the condition meets its standards and/or there is a valid permit to conduct work.,2016-10-03T15:20:54.000,08 MANHATTAN,MANHATTAN,996551,223272,Unspecified,MANHATTAN,40.77949776479802,-73.95558406794517,"{'type': 'Point', 'coordinates': [-73.95558406794517, 40.77949776479802]}",LEXINGTON AVENUE,EAST   86 STREET,
34430387,2016-09-29T20:28:05.000,2016-09-30T09:09:37.000,NYPD,New York City Police Department,Noise - Vehicle,Car/Truck Horn,Street/Sidewalk,11101,37-34 29 STREET,29 STREET,37 AVENUE,38 AVENUE,ADDRESS,LONG ISLAND CITY,Precinct,Closed,2016-09-30T04:28:05.000,The Police Department responded to the complaint and with the information available observed no evidence of the violation at that time.,2016-09-30T09:09:37.000,01 QUEENS,QUEENS,1002820,214477,Unspecified,QUEENS,40.75534682982586,-73.93297253391762,"{'type': 'Point', 'coordinates': [-73.93297253391762, 40.75534682982586]}",,,
34436304,2016-09-29T20:28:00.000,2016-10-06T01:45:00.000,DEP,Department of Environmental Protection,Noise,Noise: Construction Before/After Hours (NM1),,10006,,,GREENWICH ST,ALBANY ST,INTERSECTION,NEW YORK,N/A,Closed,,The Department of Environmental Protection determined that this complaint is a duplicate of a previously filed complaint. The original complaint is being addressed.,2016-10-06T01:45:00.000,01 MANHATTAN,MANHATTAN,980623,197638,Unspecified,MANHATTAN,40.70914666657873,-74.01308239637166,"{'type': 'Point', 'coordinates': [-74.01308239637166, 40.70914666657873]}",GREENWICH STREET,ALBANY STREET,
34435133,2016-09-29T20:27:32.000,2016-09-29T20:36:51.000,DHS,Operations Unit - Department of Homeless Services,Homeless Person Assistance,N/A,Street/Sidewalk,10454,276 EAST 139 STREET,EAST 139 STREET,3 AVENUE,ALEXANDER AVENUE,ADDRESS,BRONX,N/A,Closed,2016-09-29T21:27:32.000,The Department of Homeless Services did not have enough information to act on your request.,2016-09-29T20:36:51.000,01 BRONX,BRONX,1004777,234842,Unspecified,BRONX,40.811238990989,-73.9258466205046,"{'type': 'Point', 'coordinates': [-73.9258466205046, 40.811238990989]}",,,
34435149,2016-09-29T20:27:24.000,2016-09-30T00:54:28.000,NYPD,New York City Police Department,Noise - Residential,Banging/Pounding,Residential Building/House,11206,109 LEWIS AVENUE,LEWIS AVENUE,PULASKI STREET,DEKALB AVENUE,ADDRESS,BROOKLYN,Precinct,Closed,2016-09-30T04:27:24.000,The Police Department responded to the complaint and with the information available observed no evidence of the violation at that time.,2016-09-30T00:54:29.000,03 BROOKLYN,BROOKLYN,1001693,191878,Unspecified,BROOKLYN,40.693320368947624,-73.93709895439275,"{'type': 'Point', 'coordinates': [-73.93709895439275, 40.693320368947624]}",,,
34440840,2016-09-29T20:27:00.000,2016-09-30T12:00:00.000,DSNY,Department of Sanitation,Other Enforcement,E10 Street Obstruction,Sidewalk,10309,720 MAGUIRE AVENUE,MAGUIRE AVENUE,MASON BOULEVARD,DEAD END,ADDRESS,STATEN ISLAND,DSNY Garage,Closed,,The Department of Sanitation investigated this complaint and found no condition at the location.,2016-09-30T12:00:00.000,03 STATEN ISLAND,STATEN ISLAND,925306,137709,Unspecified,STATEN ISLAND,40.54445909833563,-74.21208411087882,"{'type': 'Point', 'coordinates': [-74.21208411087882, 40.54445909833563]}",,,
34433478,2016-09-29T20:27:00.000,2016-09-30T11:25:00.000,DEP,Department of Environmental Protection,Water System,Hydrant Running (WC3),,11231,426 COLUMBIA STREET,COLUMBIA STREET,W 9 ST,MILL ST,ADDRESS,BROOKLYN,N/A,Closed,,"Please call 311 for further information. If you are outside of New York City, please call (212) NEW-YORK (212-639-9675).",2016-09-30T11:25:00.000,06 BROOKLYN,BROOKLYN,982379,185805,Unspecified,BROOKLYN,40.67666836341384,-74.00674531107362,"{'type': 'Point', 'coordinates': [-74.00674531107362, 40.67666836341384]}",,,
34435305,2016-09-29T20:26:39.000,2016-09-29T20:40:00.000,NYPD,New York City Police Department,Illegal Parking,Double Parked Blocking Traffic,Street/Sidewalk,10308,111 PEMBERTON AVENUE,PEMBERTON AVENUE,GURLEY AVENUE,DEAD END,ADDRESS,STATEN ISLAND,Precinct,Closed,2016-09-30T04:26:39.000,The Police Department reviewed your complaint and provided additional information below.,2016-09-29T20:40:00.000,03 STATEN ISLAND,STATEN ISLAND,940830,144133,Unspecified,STATEN ISLAND,40.562181303346584,-74.15626918480795,"{'type': 'Point', 'coordinates': [-74.15626918480795, 40.562181303346584]}",,,
34436070,2016-09-29T20:26:37.000,2016-09-30T15:41:09.000,NYPD,New York City Police Department,Noise - Commercial,Loud Music/Party,Store/Commercial,10470,4636 WHITE PLAINS ROAD,WHITE PLAINS ROAD,EAST 240 STREET,CRANFORD AVENUE,ADDRESS,BRONX,Precinct,Closed,2016-09-30T04:26:37.000,The Police Department responded to the complaint and with the information available observed no evidence of the violation at that time.,2016-09-30T15:41:09.000,12 BRONX,BRONX,1025426,268164,Unspecified,BRONX,40.90262566092676,-73.85104793808206,"{'type': 'Point', 'coordinates': [-73.85104793808206, 40.90262566092676]}",,,
34433159,2016-09-29T20:26:02.000,2016-09-29T21:44:00.000,DHS,Operations Unit - Department of Homeless Services,Homeless Person Assistance,N/A,Street/Sidewalk,10024,250 WEST 89 STREET,WEST 89 STREET,BROADWAY,WEST END AVENUE,ADDRESS,NEW YORK,N/A,Closed,2016-09-29T23:42:07.000,The mobile outreach response team went to the location provided but could not find the individual that you reported.,2016-09-29T21:44:00.000,07 MANHATTAN,MANHATTAN,991024,227249,Unspecified,MANHATTAN,40.79041953302292,-73.97553671469177,"{'type': 'Point', 'coordinates': [-73.97553671469177, 40.79041953302292]}",,,
34431333,2016-09-29T20:25:26.000,2016-09-29T20:26:05.000,HRA,HRA Benefit Card Replacement,Benefit Card Replacement,Cash Assistance,NYC Street Address,,,,,,,,N/A,Closed,,"The Human Resources Administration received your request. If you are eligible for a benefit card replacement, you will receive it in 7 to 10 business days. No further updates will be available by calling 311 or on 311 Online.",,0 Unspecified,Unspecified,,,Unspecified,Unspecified,,,,,,
34429879,2016-09-29T20:25:07.000,2016-09-30T00:17:02.000,DOT,Department of Transportation,Street Condition,Plate Condition - Noisy,Street,10023,165 WEST END AVENUE,WEST END AVENUE,WEST 66 STREET,WEST 70 STREET,ADDRESS,NEW YORK,N/A,Closed,2016-10-09T17:43:43.000,"The  Department of Transportation inspected the condition you reported and issued a Corrective Action Repair (CAR) to the contractor or utility company. The responsible party has a maximum of 30 days to correct the condition. If after that time the condition still exists, the Agency may issue the responsible party a summons and/or correct the condition.",2016-09-30T00:11:18.000,07 MANHATTAN,MANHATTAN,987998,222393,Unspecified,MANHATTAN,40.777092906769276,-73.98646736892418,"{'type': 'Point', 'coordinates': [-73.98646736892418, 40.777092906769276]}",,,
34441555,2016-09-29T20:24:15.000,2016-10-03T00:00:00.000,DOB,Department of Buildings,Elevator,Elevator - Defective/Not Working,,10016,400 EAST   30 STREET,EAST   30 STREET,,,ADDRESS,NEW YORK,N/A,Closed,,The Department of Buildings investigated this complaint and determined that no further action was necessary.,2016-10-03T00:00:00.000,06 MANHATTAN,MANHATTAN,991172,209291,Unspecified,MANHATTAN,40.74112935645106,-73.9750207283191,"{'type': 'Point', 'coordinates': [-73.9750207283191, 40.74112935645106]}",,,
34434374,2016-09-29T20:23:30.000,2016-09-29T22:01:16.000,NYPD,New York City Police Department,Illegal Parking,Double Parked Blocking Traffic,Street/Sidewalk,11236,,,,,INTERSECTION,BROOKLYN,Precinct,Closed,2016-09-30T04:23:30.000,The Police Department responded to the complaint and determined that police action was not necessary.,2016-09-29T22:01:16.000,18 BROOKLYN,BROOKLYN,1009775,173923,Unspecified,BROOKLYN,40.6440183080091,-73.9080225298249,"{'type': 'Point', 'coordinates': [-73.9080225298249, 40.6440183080091]}",EAST   92 STREET,FARRAGUT ROAD,
34432051,2016-09-29T20:23:28.000,2016-09-29T22:45:24.000,NYPD,New York City Police Department,Blocked Driveway,No Access,Street/Sidewalk,11234,3608 FLATLANDS AVENUE,FLATLANDS AVENUE,EAST 35 STREET,EAST 37 STREET,ADDRESS,BROOKLYN,Precinct,Closed,2016-09-30T04:23:28.000,The Police Department issued a summons in response to the complaint.,2016-09-29T22:45:24.000,18 BROOKLYN,BROOKLYN,1000844,164462,Unspecified,BROOKLYN,40.618071105533026,-73.94022798498453,"{'type': 'Point', 'coordinates': [-73.94022798498453, 40.618071105533026]}",,,
34433536,2016-09-29T20:23:00.000,2016-10-01T08:05:00.000,DEP,Department of Environmental Protection,Water System,Dirty Water (WE),,11205,40 SKILLMAN STREET,SKILLMAN STREET,FLUSHING AVE,PARK AVE,ADDRESS,BROOKLYN,N/A,Closed,,"Please call 311 for further information. If you are outside of New York City, please call (212) NEW-YORK (212-639-9675).",2016-10-01T08:05:00.000,03 BROOKLYN,BROOKLYN,995976,193414,Unspecified,BROOKLYN,40.69754575331094,-73.95771229881314,"{'type': 'Point', 'coordinates': [-73.95771229881314, 40.69754575331094]}",,,
34439762,2016-09-29T20:23:00.000,2016-10-01T12:00:00.000,DSNY,Department of Sanitation,Sanitation Condition,22 Weeds,Sidewalk,10309,733 MAGUIRE AVENUE,MAGUIRE AVENUE,MASON BOULEVARD,DEAD END,ADDRESS,STATEN ISLAND,DSNY Garage,Closed,,The Department of Sanitation investigated this complaint and found no condition at the location.,2016-10-01T12:00:00.000,03 STATEN ISLAND,STATEN ISLAND,925295,137783,Unspecified,STATEN ISLAND,40.5446621406465,-74.21212433415785,"{'type': 'Point', 'coordinates': [-74.21212433415785, 40.5446621406465]}",,,
34430392,2016-09-29T20:22:28.000,2016-09-30T07:46:31.000,NYPD,New York City Police Department,Noise - Residential,Loud Music/Party,Residential Building/House,10028,428 EAST 81 STREET,EAST 81 STREET,1 AVENUE,YORK AVENUE,ADDRESS,NEW YORK,Precinct,Closed,2016-09-30T04:22:28.000,The Police Department responded to the complaint and with the information available observed no evidence of the violation at that time.,2016-09-30T07:46:31.000,08 MANHATTAN,MANHATTAN,997892,220991,Unspecified,MANHATTAN,40.77323505266808,-73.95074667360306,"{'type': 'Point', 'coordinates': [-73.95074667360306, 40.77323505266808]}",,,
34430268,2016-09-29T20:22:05.000,2016-11-10T14:20:56.000,TLC,Taxi and Limousine Commission,Taxi Complaint,Driver Complaint,,10456,1112 GRANT AVENUE,GRANT AVENUE,EAST 166 STREET,MC CLELLAN STREET,ADDRESS,BRONX,N/A,Closed,2016-11-14T09:07:25.000,The Taxi and Limousine Commission reviewed your complaint. The driver or owner pled guilty to a violation and paid a fine. TLC has sent you a written confirmation of this outcome.,2016-11-10T14:20:56.000,04 BRONX,BRONX,1007422,242179,Unspecified,BRONX,40.83137043228153,-73.91626628030882,"{'type': 'Point', 'coordinates': [-73.91626628030882, 40.83137043228153]}",,,Other
34435321,2016-09-29T20:22:00.000,2016-09-29T20:28:00.000,DEP,Department of Environmental Protection,Water System,LOW WATER PRESSURE - WLWP,,10451,363 EAST  159 STREET,EAST  159 STREET,COURTLANDT AVE,MELROSE AVE,ADDRESS,BRONX,N/A,Closed,,"Please call 311 for further information. If you are outside of New York City, please call (212) NEW-YORK (212-639-9675).",2016-09-29T20:28:00.000,03 BRONX,BRONX,1007593,239241,Unspecified,BRONX,40.82330601385772,-73.91565858173571,"{'type': 'Point', 'coordinates': [-73.91565858173571, 40.82330601385772]}",,,
34430253,2016-09-29T20:21:45.000,2016-10-08T14:22:37.000,HPD,Department of Housing Preservation and Development,WATER LEAK,HEAVY FLOW,RESIDENTIAL BUILDING,11223,2015 WEST   10 STREET,WEST   10 STREET,,,ADDRESS,BROOKLYN,N/A,Closed,,The Department of Housing Preservation and Development inspected the following conditions. No violations were issued. The complaint has been closed.,2016-10-08T14:22:37.000,11 BROOKLYN,BROOKLYN,989362,157065,Unspecified,BROOKLYN,40.597781920659074,-73.98159204095957,"{'type': 'Point', 'coordinates': [-73.98159204095957, 40.597781920659074]}",,,
34435981,2016-09-29T20:21:43.000,2016-09-29T21:42:48.000,NYPD,New York City Police Department,Noise - Residential,Banging/Pounding,Residential Building/House,10310,806 HENDERSON AVENUE,HENDERSON AVENUE,BROADWAY,CHAPPELL STREET,ADDRESS,STATEN ISLAND,Precinct,Closed,2016-09-30T04:21:43.000,The Police Department responded to the complaint and with the information available observed no evidence of the violation at that time.,2016-09-29T21:42:48.000,01 STATEN ISLAND,STATEN ISLAND,951387,171314,Unspecified,STATEN ISLAND,40.636832980054145,-74.11840667978956,"{'type': 'Point', 'coordinates': [-74.11840667978956, 40.636832980054145]}",,,
34436381,2016-09-29T20:20:55.000,2016-10-12T16:34:43.000,HPD,Department of Housing Preservation and Development,APPLIANCE,REFRIGERATOR,RESIDENTIAL BUILDING,11235,3099 BRIGHTON    6 STREET,BRIGHTON    6 STREET,,,ADDRESS,BROOKLYN,N/A,Closed,,The Department of Housing Preservation and Development inspected the following conditions. No violations were issued. The complaint has been closed.,2016-10-12T16:34:43.000,13 BROOKLYN,BROOKLYN,994992,149498,Unspecified,BROOKLYN,40.57700698029549,-73.96133083017038,"{'type': 'Point', 'coordinates': [-73.96133083017038, 40.57700698029549]}",,,
34432846,2016-09-29T20:20:55.000,2016-10-12T16:34:43.000,HPD,Department of Housing Preservation and Development,UNSANITARY CONDITION,PESTS,RESIDENTIAL BUILDING,11235,3099 BRIGHTON    6 STREET,BRIGHTON    6 STREET,,,ADDRESS,BROOKLYN,N/A,Closed,,The Department of Housing Preservation and Development inspected the following conditions. Violations were previously issued for these conditions. Information about specific violations is available at www.nyc.gov/hpd.,2016-10-12T16:34:43.000,13 BROOKLYN,BROOKLYN,994992,149498,Unspecified,BROOKLYN,40.57700698029549,-73.96133083017038,"{'type': 'Point', 'coordinates': [-73.96133083017038, 40.57700698029549]}",,,
34430069,2016-09-29T20:20:55.000,2016-10-12T07:20:38.000,HPD,Department of Housing Preservation and Development,PAINT/PLASTER,WALL,RESIDENTIAL BUILDING,10040,38 SICKLES STREET,SICKLES STREET,,,ADDRESS,NEW YORK,N/A,Closed,,The Department of Housing Preservation and Development inspected the following conditions. No violations were issued. The complaint has been closed.,2016-10-12T07:20:38.000,12 MANHATTAN,MANHATTAN,1004214,253116,Unspecified,MANHATTAN,40.86139710364104,-73.92782605462875,"{'type': 'Point', 'coordinates': [-73.92782605462875, 40.86139710364104]}",,,
34432837,2016-09-29T20:20:55.000,2016-10-12T07:20:38.000,HPD,Department of Housing Preservation and Development,UNSANITARY CONDITION,MOLD,RESIDENTIAL BUILDING,10040,38 SICKLES STREET,SICKLES STREET,,,ADDRESS,NEW YORK,N/A,Closed,,The Department of Housing Preservation and Development inspected the following conditions. No violations were issued. The complaint has been closed.,2016-10-12T07:20:38.000,12 MANHATTAN,MANHATTAN,1004214,253116,Unspecified,MANHATTAN,40.86139710364104,-73.92782605462875,"{'type': 'Point', 'coordinates': [-73.92782605462875, 40.86139710364104]}",,,
34433051,2016-09-29T20:20:53.000,2016-09-30T02:44:38.000,NYPD,New York City Police Department,Derelict Vehicle,With License Plate,Street/Sidewalk,11204,1645 42 STREET,42 STREET,16 AVENUE,17 AVENUE,ADDRESS,BROOKLYN,Precinct,Closed,2016-09-30T04:20:53.000,The Police Department issued a summons in response to the complaint.,2016-09-30T02:44:38.000,12 BROOKLYN,BROOKLYN,989723,170360,Unspecified,BROOKLYN,40.63427372594908,-73.98028132811268,"{'type': 'Point', 'coordinates': [-73.98028132811268, 40.63427372594908]}",,,
34431067,2016-09-29T20:20:28.000,2016-09-29T23:24:06.000,NYPD,New York City Police Department,Blocked Driveway,No Access,Street/Sidewalk,10027,270 WEST 124 STREET,WEST 124 STREET,7 AVENUE,8 AVENUE,ADDRESS,NEW YORK,Precinct,Closed,2016-09-30T04:20:28.000,The Police Department responded to the complaint and with the information available observed no evidence of the violation at that time.,2016-09-29T23:24:06.000,10 MANHATTAN,MANHATTAN,997897,234050,Unspecified,MANHATTAN,40.8090784777514,-73.95070208734252,"{'type': 'Point', 'coordinates': [-73.95070208734252, 40.8090784777514]}",,,
34431320,2016-09-29T20:20:24.000,2016-09-29T22:53:03.000,NYPD,New York City Police Department,Noise - Street/Sidewalk,Loud Talking,Street/Sidewalk,10032,665 WEST 160 STREET,WEST 160 STREET,FT WASHINGTON AVENUE,RIVERSIDE DRIVE,ADDRESS,NEW YORK,Precinct,Closed,2016-09-30T04:20:24.000,The Police Department responded to the complaint and with the information available observed no evidence of the violation at that time.,2016-09-29T22:53:03.000,12 MANHATTAN,MANHATTAN,999252,244182,Unspecified,MANHATTAN,40.836885744983604,-73.94578468458597,"{'type': 'Point', 'coordinates': [-73.94578468458597, 40.836885744983604]}",,,
34433045,2016-09-29T20:20:00.000,2016-09-29T22:40:00.000,DOT,Department of Transportation,Traffic Signal Condition,Controller,,10012,,,MULBERRY ST,KENMARE ST,INTERSECTION,NEW YORK,N/A,Closed,,Service Request status for this request is available on the Department of Transportationâs website. Please click the âLearn Moreâ link below.,2016-09-29T22:40:00.000,02 MANHATTAN,MANHATTAN,985199,202019,Unspecified,MANHATTAN,40.721172156527956,-73.99657638977774,"{'type': 'Point', 'coordinates': [-73.99657638977774, 40.721172156527956]}",MULBERRY STREET,KENMARE STREET,
34431317,2016-09-29T20:19:55.000,2016-09-30T03:56:16.000,NYPD,New York City Police Department,Noise - Residential,Banging/Pounding,Residential Building/House,10467,3511 HULL AVENUE,HULL AVENUE,EAST GUN HILL ROAD,EAST 211 STREET,ADDRESS,BRONX,Precinct,Closed,2016-09-30T04:19:55.000,The Police Department responded to the complaint and with the information available observed no evidence of the violation at that time.,2016-09-30T03:56:16.000,07 BRONX,BRONX,1019259,259598,Unspecified,BRONX,40.87914134996611,-73.87340149307286,"{'type': 'Point', 'coordinates': [-73.87340149307286, 40.87914134996611]}",,,
34437035,2016-09-29T20:19:37.000,2016-09-29T21:33:03.000,NYPD,New York City Police Department,Noise - Street/Sidewalk,Loud Talking,Street/Sidewalk,11208,53 HALE AVENUE,HALE AVENUE,FORCE TUBE AVENUE,RIDGEWOOD AVENUE,ADDRESS,BROOKLYN,Precinct,Closed,2016-09-30T04:19:37.000,The Police Department responded to the complaint and with the information available observed no evidence of the violation at that time.,2016-09-29T21:33:03.000,05 BROOKLYN,BROOKLYN,1017290,188517,Unspecified,BROOKLYN,40.68405072018463,-73.88087128859057,"{'type': 'Point', 'coordinates': [-73.88087128859057, 40.68405072018463]}",,,
34432901,2016-09-29T20:18:13.000,2016-09-29T23:16:36.000,NYPD,New York City Police Department,Blocked Driveway,Partial Access,Street/Sidewalk,11368,108-64 51 AVENUE,51 AVENUE,108 STREET,111 STREET,ADDRESS,CORONA,Precinct,Closed,2016-09-30T04:18:13.000,The Police Department responded to the complaint and with the information available observed no evidence of the violation at that time.,2016-09-29T23:16:36.000,04 QUEENS,QUEENS,1024851,210539,Unspecified,QUEENS,40.74446431177111,-73.85347664895652,"{'type': 'Point', 'coordinates': [-73.85347664895652, 40.74446431177111]}",,,
34435379,2016-09-29T20:18:00.000,2016-09-30T07:37:00.000,DEP,Department of Environmental Protection,Water System,Hydrant Knocked Over/Missing (WC),,10314,,,VICTORY BLVD,TRAVIS AVE,INTERSECTION,STATEN ISLAND,N/A,Closed,,"Please call 311 for further information. If you are outside of New York City, please call (212) NEW-YORK (212-639-9675).",2016-09-30T07:37:00.000,02 STATEN ISLAND,STATEN ISLAND,934758,157860,Unspecified,STATEN ISLAND,40.59982731534111,-74.17822285597472,"{'type': 'Point', 'coordinates': [-74.17822285597472, 40.59982731534111]}",VICTORY BOULEVARD,TRAVIS AVENUE,
34435835,2016-09-29T20:17:46.000,2016-09-29T22:24:53.000,NYPD,New York City Police Department,Blocked Driveway,No Access,Street/Sidewalk,10468,2822 WEBB AVENUE,WEBB AVENUE,WEST 197 STREET,RESERVOIR AVENUE,ADDRESS,BRONX,Precinct,Closed,2016-09-30T04:17:46.000,The Police Department issued a summons in response to the complaint.,2016-09-29T22:24:53.000,08 BRONX,BRONX,1011682,257252,Unspecified,BRONX,40.872729111271745,-73.9008107951519,"{'type': 'Point', 'coordinates': [-73.9008107951519, 40.872729111271745]}",,,
34431572,2016-09-29T20:17:00.000,2016-10-03T23:00:00.000,DEP,Department of Environmental Protection,Noise,Noise: Construction Before/After Hours (NM1),,10003,,,4 AVE,E 14 ST,INTERSECTION,NEW YORK,N/A,Closed,,The Department of Environmental Protection determined that this complaint is a duplicate of a previously filed complaint. The original complaint is being addressed.,2016-10-03T23:00:00.000,05 MANHATTAN,MANHATTAN,987048,206851,Unspecified,MANHATTAN,40.734434426864034,-73.98990393253564,"{'type': 'Point', 'coordinates': [-73.98990393253564, 40.734434426864034]}",4 AVENUE,EAST 14 STREET,
34432207,2016-09-29T20:16:44.000,2016-09-29T22:45:23.000,NYPD,New York City Police Department,Noise - Residential,Loud Music/Party,Residential Building/House,11236,10607 FLATLANDS AVENUE,FLATLANDS AVENUE,EAST 106 STREET,EAST 107 STREET,ADDRESS,BROOKLYN,Precinct,Closed,2016-09-30T04:16:44.000,This complaint does not fall under the Police Department's jurisdiction.,2016-09-29T22:45:23.000,18 BROOKLYN,BROOKLYN,1013704,175403,Unspecified,BROOKLYN,40.648068390503646,-73.89385821659724,"{'type': 'Point', 'coordinates': [-73.89385821659724, 40.648068390503646]}",,,
34431272,2016-09-29T20:16:39.000,2016-09-29T22:27:01.000,NYPD,New York City Police Department,Noise - Residential,Banging/Pounding,Residential Building/House,10468,2615 GRAND CONCOURSE,GRAND CONCOURSE,EAST 192 STREET,EAST 193 STREET,ADDRESS,BRONX,Precinct,Closed,2016-09-30T04:16:39.000,The Police Department responded to the complaint and took action to fix the condition.,2016-09-29T22:27:01.000,07 BRONX,BRONX,1013236,254437,Unspecified,BRONX,40.864997833971316,-73.89520399133355,"{'type': 'Point', 'coordinates': [-73.89520399133355, 40.864997833971316]}",,,
34434718,2016-09-29T20:16:24.000,2016-10-03T02:14:05.000,HPD,Department of Housing Preservation and Development,HEAT/HOT WATER,ENTIRE BUILDING,RESIDENTIAL BUILDING,10463,237 WEST  230 STREET,WEST  230 STREET,,,ADDRESS,BRONX,N/A,Closed,,"The Department of Housing Preservation and Development responded to a complaint of no heat or hot water and was advised by a tenant in the building that heat and hot water had been restored. If the condition still exists, please file a new complaint.",2016-10-03T02:14:05.000,08 BRONX,BRONX,1009829,259090,Unspecified,BRONX,40.87777941643627,-73.90750388897129,"{'type': 'Point', 'coordinates': [-73.90750388897129, 40.87777941643627]}",,,
34435330,2016-09-29T20:16:00.000,2016-09-30T11:00:00.000,DEP,Department of Environmental Protection,Noise,Noise: Construction Before/After Hours (NM1),,11102,27-14 CRESCENT STREET,CRESCENT STREET,NEWTOWN AVE,28 AVE,ADDRESS,Astoria,N/A,Closed,,"The Department of Environmental Protection (DEP) didn't observe a violation of the NYC Air or Noise Code at the time of inspection and couldn't issue a summons.  If the problem still exists, please go to nyc.gov/311 or call 311 to file a new Service Request. If you're outside of New York City, please call (212) NEW-YORK (212-639-9675).",2016-09-30T11:00:00.000,01 QUEENS,QUEENS,1005369,219925,Unspecified,QUEENS,40.770294460729424,-73.92375493715544,"{'type': 'Point', 'coordinates': [-73.92375493715544, 40.770294460729424]}",,,
34433226,2016-09-29T20:16:00.000,2016-09-30T20:16:00.000,DEP,Department of Environmental Protection,Lead,Lead Kit Request (Residential) (L10),,10024,275 CENTRAL PARK WEST,CENTRAL PARK WEST,W 87 ST,W 88 ST,ADDRESS,NEW YORK,N/A,Closed,,The Department of Environmental Protection (DEP) mailed you the free lead test kit you requested. The kit includes instructions for collecting a water sample and contact information for DEP's Lead Program Unit if you have any questions. Please use the included pre-paid label to mail the sample to the lab for analysis. It may take the lab up to 30 days to complete their analysis and mail you the test results. This Service Request is closed and no further status will be available from 311.,2016-09-30T20:16:00.000,07 MANHATTAN,MANHATTAN,992966,225792,Unspecified,MANHATTAN,40.78641875689259,-73.96852536401029,"{'type': 'Point', 'coordinates': [-73.96852536401029, 40.78641875689259]}",,,
34435954,2016-09-29T20:16:00.000,2016-10-01T08:05:00.000,DEP,Department of Environmental Protection,Water System,Dirty Water (WE),,11205,38 SKILLMAN STREET,SKILLMAN STREET,FLUSHING AVE,PARK AVE,ADDRESS,BROOKLYN,N/A,Closed,,"Please call 311 for further information. If you are outside of New York City, please call (212) NEW-YORK (212-639-9675).",2016-10-01T08:05:00.000,03 BROOKLYN,BROOKLYN,995973,193433,Unspecified,BROOKLYN,40.697597907855936,-73.95772308469991,"{'type': 'Point', 'coordinates': [-73.95772308469991, 40.697597907855936]}",,,
34436947,2016-09-29T20:15:52.000,2016-09-30T03:24:11.000,NYPD,New York City Police Department,Noise - Street/Sidewalk,Loud Music/Party,Street/Sidewalk,10040,560 WEST 188 STREET,WEST 188 STREET,AUDUBON AVENUE,ST NICHOLAS AVENUE,ADDRESS,NEW YORK,Precinct,Closed,2016-09-30T04:15:52.000,The Police Department responded and upon arrival those responsible for the condition were gone.,2016-09-30T03:24:11.000,12 MANHATTAN,MANHATTAN,1003712,250167,Unspecified,MANHATTAN,40.85330410517562,-73.92964944875267,"{'type': 'Point', 'coordinates': [-73.92964944875267, 40.85330410517562]}",,,
34441842,2016-09-29T20:15:16.000,2016-10-03T00:00:00.000,DOB,Department of Buildings,General Construction/Plumbing,Debris - Falling Or In Danger Of Falling,,10466,654 EAST  224 STREET,EAST  224 STREET,,,ADDRESS,BRONX,N/A,Closed,,The Department of Buildings investigated this complaint and determined that no further action was necessary.,2016-10-03T00:00:00.000,12 BRONX,BRONX,1022296,262678,Unspecified,BRONX,40.887582408318465,-73.86240170581544,"{'type': 'Point', 'coordinates': [-73.86240170581544, 40.887582408318465]}",,,
34436181,2016-09-29T20:15:09.000,2016-09-29T20:24:07.000,NYPD,New York City Police Department,Illegal Parking,Blocked Sidewalk,Street/Sidewalk,11201,57 HOYT STREET,HOYT STREET,SCHERMERHORN STREET,STATE STREET,ADDRESS,BROOKLYN,Precinct,Closed,2016-09-30T04:15:09.000,The Police Department responded to the complaint and with the information available observed no evidence of the violation at that time.,2016-09-29T20:24:07.000,02 BROOKLYN,BROOKLYN,988057,190236,Unspecified,BROOKLYN,40.68882982831991,-73.98627253717005,"{'type': 'Point', 'coordinates': [-73.98627253717005, 40.68882982831991]}",,,
34436898,2016-09-29T20:13:26.000,2016-09-30T00:02:57.000,NYPD,New York City Police Department,Noise - Residential,Loud Music/Party,Residential Building/House,10452,1055 DR MARTIN L KING JR BOULEVARD,DR MARTIN L KING JR BOULEVARD,WEST 165 STREET,UNNAMED STREET,ADDRESS,BRONX,Precinct,Closed,2016-09-30T04:13:26.000,The Police Department responded to the complaint and determined that police action was not necessary.,2016-09-30T00:02:57.000,04 BRONX,BRONX,1003546,243380,Unspecified,BRONX,40.834676149253156,-73.93026902903412,"{'type': 'Point', 'coordinates': [-73.93026902903412, 40.834676149253156]}",,,
34433957,2016-09-29T20:13:06.000,2016-09-29T20:13:53.000,HRA,HRA Benefit Card Replacement,Benefit Card Replacement,Medicaid,NYC Street Address,,,,,,,,N/A,Closed,,"The Human Resources Administration received your request. If you are eligible for a benefit card replacement, you will receive it in 7 to 10 business days. No further updates will be available by calling 311 or on 311 Online.",,0 Unspecified,Unspecified,,,Unspecified,Unspecified,,,,,,
34437020,2016-09-29T20:12:50.000,2016-09-29T21:29:51.000,NYPD,New York City Police Department,Noise - Residential,Loud Music/Party,Residential Building/House,10033,700 WEST 176 STREET,WEST 176 STREET,BROADWAY,FT WASHINGTON AVENUE,ADDRESS,NEW YORK,Precinct,Closed,2016-09-30T04:12:50.000,The Police Department responded to the complaint and with the information available observed no evidence of the violation at that time.,2016-09-29T21:29:52.000,12 MANHATTAN,MANHATTAN,1001274,247849,Unspecified,MANHATTAN,40.846946920225996,-73.93846812783478,"{'type': 'Point', 'coordinates': [-73.93846812783478, 40.846946920225996]}",,,
34435248,2016-09-29T20:12:37.000,2016-09-30T00:27:40.000,NYPD,New York City Police Department,Illegal Parking,Commercial Overnight Parking,Street/Sidewalk,11420,129-25 132 STREET,132 STREET,SUTTER AVENUE,131 AVENUE,ADDRESS,SOUTH OZONE PARK,Precinct,Closed,2016-09-30T04:12:37.000,The Police Department responded to the complaint and with the information available observed no evidence of the violation at that time.,2016-09-30T00:27:40.000,10 QUEENS,QUEENS,1037971,184154,Unspecified,QUEENS,40.67197394304019,-73.80633904553413,"{'type': 'Point', 'coordinates': [-73.80633904553413, 40.67197394304019]}",,,
34430579,2016-09-29T20:12:28.000,2016-09-30T12:51:14.000,NYPD,New York City Police Department,Illegal Parking,Posted Parking Sign Violation,Street/Sidewalk,11375,101-01 67 DRIVE,67 DRIVE,BOOTH STREET,QUEENS BOULEVARD,ADDRESS,FOREST HILLS,Precinct,Closed,2016-09-30T04:12:28.000,The Police Department responded to the complaint and with the information available observed no evidence of the violation at that time.,2016-09-30T12:51:14.000,06 QUEENS,QUEENS,1025181,203486,Unspecified,QUEENS,40.725104071180354,-73.85232863630053,"{'type': 'Point', 'coordinates': [-73.85232863630053, 40.725104071180354]}",,,
34434004,2016-09-29T20:11:39.000,2016-09-29T21:23:20.000,NYPD,New York City Police Department,Noise - Residential,Banging/Pounding,Residential Building/House,11691,120 BEACH 19 STREET,BEACH 19 STREET,BEND,SEAGIRT BOULEVARD,ADDRESS,FAR ROCKAWAY,Precinct,Closed,2016-09-30T04:11:39.000,The Police Department responded to the complaint and took action to fix the condition.,2016-09-29T21:23:21.000,14 QUEENS,QUEENS,1052798,155627,Unspecified,QUEENS,40.59357130017884,-73.75317862488698,"{'type': 'Point', 'coordinates': [-73.75317862488698, 40.59357130017884]}",,,
34437229,2016-09-29T20:11:00.000,2016-10-03T15:45:00.000,DEP,Department of Environmental Protection,Noise,Noise: Construction Before/After Hours (NM1),,10461,1056 PIERCE AVENUE,PIERCE AVENUE,HONE AVE,LURTING AVE,ADDRESS,BRONX,N/A,Closed,,"The Department of Environmental Protection (DEP) didn't observe a violation of the NYC Air or Noise Code at the time of inspection and couldn't issue a summons.  If the problem still exists, please go to nyc.gov/311 or call 311 to file a new Service Request. If you're outside of New York City, please call (212) NEW-YORK (212-639-9675).",2016-10-03T15:45:00.000,11 BRONX,BRONX,1025227,247452,Unspecified,BRONX,40.845778603574956,-73.85189448803001,"{'type': 'Point', 'coordinates': [-73.85189448803001, 40.845778603574956]}",,,
34431582,2016-09-29T20:10:39.000,2016-09-30T15:39:59.000,NYPD,New York City Police Department,Blocked Driveway,No Access,Street/Sidewalk,10467,3641 WILLETT AVENUE,WILLETT AVENUE,EAST 213 STREET,EAST 216 STREET,ADDRESS,BRONX,Precinct,Closed,2016-09-30T04:10:39.000,The Police Department issued a summons in response to the complaint.,2016-09-30T15:39:59.000,12 BRONX,BRONX,1021315,260113,Unspecified,BRONX,40.88054646835848,-73.86596380854299,"{'type': 'Point', 'coordinates': [-73.86596380854299, 40.88054646835848]}",,,
34437191,2016-09-29T20:10:18.000,2016-09-30T04:12:06.000,NYPD,New York City Police Department,Illegal Parking,Blocked Hydrant,Street/Sidewalk,11220,7 AVENUE,7 AVENUE,48 STREET,49 STREET,BLOCKFACE,BROOKLYN,Precinct,Closed,2016-09-30T04:10:18.000,The Police Department responded to the complaint and with the information available observed no evidence of the violation at that time.,2016-09-30T04:12:06.000,07 BROOKLYN,BROOKLYN,982851,173643,Unspecified,BROOKLYN,40.643286439746184,-74.00504113793617,"{'type': 'Point', 'coordinates': [-74.00504113793617, 40.643286439746184]}",,,
34436239,2016-09-29T20:10:15.000,2016-09-29T20:44:16.000,NYPD,New York City Police Department,Illegal Parking,Blocked Hydrant,Street/Sidewalk,10463,239 WEST 230 STREET,WEST 230 STREET,GODWIN TERRACE,KINGSBRIDGE AVENUE,ADDRESS,BRONX,Precinct,Closed,2016-09-30T04:10:15.000,The Police Department issued a summons in response to the complaint.,2016-09-29T20:44:16.000,08 BRONX,BRONX,1009812,259114,Unspecified,BRONX,40.87784533822506,-73.90756527097298,"{'type': 'Point', 'coordinates': [-73.90756527097298, 40.87784533822506]}",,,
34430970,2016-09-29T20:10:10.000,2016-09-30T02:17:41.000,HPD,Department of Housing Preservation and Development,HEAT/HOT WATER,APARTMENT ONLY,RESIDENTIAL BUILDING,10453,20 RICHMAN PLAZA,RICHMAN PLAZA,,,ADDRESS,BRONX,N/A,Closed,,The complaint you filed is a duplicate of a condition already reported by another tenant for a building-wide condition. The original complaint is still open. HPD may attempt to contact you to verify the correction of the condition or may conduct an inspection of your unit if the original complainant is not available for verification.,2016-09-30T02:17:41.000,Unspecified BRONX,BRONX,1005625,249604,Unspecified,BRONX,40.85175441394754,-73.92273620228266,"{'type': 'Point', 'coordinates': [-73.92273620228266, 40.85175441394754]}",,,
34434787,2016-09-29T20:09:08.000,2016-09-30T08:17:56.000,NYPD,New York City Police Department,Blocked Driveway,No Access,Street/Sidewalk,10461,2072 HERING AVENUE,HERING AVENUE,BEND,PELHAM PARKWAY,ADDRESS,BRONX,Precinct,Closed,2016-09-30T04:09:08.000,The Police Department responded to the complaint and with the information available observed no evidence of the violation at that time.,2016-09-30T08:17:56.000,11 BRONX,BRONX,1024730,251374,Unspecified,BRONX,40.8565456083446,-73.85366713972172,"{'type': 'Point', 'coordinates': [-73.85366713972172, 40.8565456083446]}",,,
34440353,2016-09-29T20:09:00.000,2016-09-30T12:00:00.000,DSNY,Department of Sanitation,Sanitation Condition,15 Street Cond/Dump-Out/Drop-Off,Street,10025,1047 AMSTERDAM AVENUE,AMSTERDAM AVENUE,WEST 111 STREET,WEST 112 STREET,ADDRESS,NEW YORK,DSNY Garage,Closed,,"The Department of Sanitation has investigated the complaint and addressed the issue. If the problem persists, call 311 to enter a new complaint. If you are outside of New York City, please call (212) NEW-YORK (212-639-9675).",2016-09-30T12:00:00.000,09 MANHATTAN,MANHATTAN,994455,232180,Unspecified,MANHATTAN,40.80395049043714,-73.9631386803454,"{'type': 'Point', 'coordinates': [-73.9631386803454, 40.80395049043714]}",,,
34436108,2016-09-29T20:08:54.000,2016-09-29T21:01:04.000,DHS,Operations Unit - Department of Homeless Services,Homeless Person Assistance,N/A,Street/Sidewalk,,WEST   73 STREET,WEST   73 STREET,BROADWAY,,,,N/A,Closed,2016-09-29T22:52:03.000,"The mobile outreach response team offered services to the individual, but the individual did not accept assistance.",2016-09-29T21:01:04.000,Unspecified MANHATTAN,MANHATTAN,,,Unspecified,MANHATTAN,,,,,,
34432907,2016-09-29T20:08:30.000,2016-09-29T22:19:36.000,NYPD,New York City Police Department,Blocked Driveway,Partial Access,Street/Sidewalk,10030,2593 FREDERICK DOUGLASS BOULEVARD,FREDERICK DOUGLASS BOULEVARD,WEST 138 STREET,WEST 139 STREET,ADDRESS,NEW YORK,Precinct,Closed,2016-09-30T04:08:30.000,The Police Department responded to the complaint and with the information available observed no evidence of the violation at that time.,2016-09-29T22:19:36.000,10 MANHATTAN,MANHATTAN,999458,237506,Unspecified,MANHATTAN,40.818561681985294,-73.94505536000867,"{'type': 'Point', 'coordinates': [-73.94505536000867, 40.818561681985294]}",,,
34430158,2016-09-29T20:07:58.000,2016-09-30T21:48:19.000,NYPD,New York City Police Department,Blocked Driveway,No Access,Street/Sidewalk,11105,27-07 23 AVENUE,23 AVENUE,27 STREET,28 STREET,ADDRESS,ASTORIA,Precinct,Closed,2016-09-30T04:07:58.000,The Police Department reviewed your complaint and provided additional information below.,2016-09-30T21:48:19.000,01 QUEENS,QUEENS,1007766,221986,Unspecified,QUEENS,40.775945312321085,-73.91509393898605,"{'type': 'Point', 'coordinates': [-73.91509393898605, 40.775945312321085]}",,,
34432406,2016-09-29T20:07:00.000,2016-09-29T20:30:00.000,DOT,Department of Transportation,Traffic Signal Condition,Veh Signal Lamp,,10301,,,VICTORY BLVD,LABAU AVE,INTERSECTION,STATEN ISLAND,N/A,Closed,,Service Request status for this request is available on the Department of Transportationâs website. Please click the âLearn Moreâ link below.,2016-09-29T20:30:00.000,01 STATEN ISLAND,STATEN ISLAND,954525,163374,Unspecified,STATEN ISLAND,40.61505044958664,-74.10706538822883,"{'type': 'Point', 'coordinates': [-74.10706538822883, 40.61505044958664]}",VICTORY BOULEVARD,LABAU AVENUE,
34433178,2016-09-29T20:06:32.000,2016-09-29T22:42:11.000,NYPD,New York City Police Department,Animal Abuse,Tortured,Residential Building/House,11208,,,,,INTERSECTION,BROOKLYN,Precinct,Closed,2016-09-30T04:06:32.000,The Police Department responded to the complaint and took action to fix the condition.,2016-09-29T22:42:11.000,05 BROOKLYN,BROOKLYN,1017992,185508,Unspecified,BROOKLYN,40.675789057253795,-73.87835523337097,"{'type': 'Point', 'coordinates': [-73.87835523337097, 40.675789057253795]}",GLENMORE AVENUE,MONTAUK AVENUE,
34436727,2016-09-29T20:06:07.000,2016-09-29T22:59:23.000,NYPD,New York City Police Department,Non-Emergency Police Matter,Trespassing,Residential Building/House,11433,104-64 165 STREET,165 STREET,TUSKEGEE AIRMEN WAY,107 AVENUE,ADDRESS,JAMAICA,Precinct,Closed,2016-09-30T04:06:07.000,The Police Department responded to the complaint and with the information available observed no evidence of the violation at that time.,2016-09-29T22:59:24.000,12 QUEENS,QUEENS,1042224,194321,Unspecified,QUEENS,40.69985312267026,-73.79091981319675,"{'type': 'Point', 'coordinates': [-73.79091981319675, 40.69985312267026]}",,,
34437671,2016-09-29T20:05:59.000,2016-10-03T00:00:00.000,DOB,Department of Buildings,Building/Use,Illegal. Commercial Use In Resident Zone,,11206,101 HUMBOLDT STREET,HUMBOLDT STREET,,,ADDRESS,BROOKLYN,N/A,Closed,,The Department of Buildings reviewed this complaint and determined that no further action was necessary.,2016-10-03T00:00:00.000,01 BROOKLYN,BROOKLYN,1000590,196049,Unspecified,BROOKLYN,40.70477089330443,-73.94106635226046,"{'type': 'Point', 'coordinates': [-73.94106635226046, 40.70477089330443]}",,,
34433192,2016-09-29T20:05:55.000,2016-09-29T22:41:07.000,NYPD,New York City Police Department,Homeless Encampment,N/A,Residential Building/House,11217,168 STERLING PLACE,STERLING PLACE,7 AVENUE,FLATBUSH AVENUE,ADDRESS,BROOKLYN,Precinct,Closed,2016-09-30T04:05:55.000,The Police Department responded to the complaint and with the information available observed no evidence of the violation at that time.,2016-09-29T22:41:07.000,06 BROOKLYN,BROOKLYN,991845,185804,Unspecified,BROOKLYN,40.676662558222816,-73.97261858154556,"{'type': 'Point', 'coordinates': [-73.97261858154556, 40.676662558222816]}",,,
34432094,2016-09-29T20:04:28.000,2016-09-29T23:44:37.000,NYPD,New York City Police Department,Blocked Driveway,Partial Access,Street/Sidewalk,11230,1517 EAST 14 STREET,EAST 14 STREET,AVENUE O,AVENUE P,ADDRESS,BROOKLYN,Precinct,Closed,2016-09-30T04:04:28.000,The Police Department responded and upon arrival those responsible for the condition were gone.,2016-09-29T23:44:37.000,14 BROOKLYN,BROOKLYN,995393,162313,Unspecified,BROOKLYN,40.61218107794768,-73.95986617036397,"{'type': 'Point', 'coordinates': [-73.95986617036397, 40.61218107794768]}",,,
34432481,2016-09-29T20:04:22.000,2016-09-30T16:09:33.000,DCWP,Department of Consumer and Worker Protection,DCA / DOH New License Application Request,Full Term Mobile Food Unit Permit,,,,,,,,,N/A,Closed,2016-10-07T16:08:48.000,"The literature has been mailed. If it has not been received, please request it again from 311.",2016-09-30T16:09:33.000,0 Unspecified,Unspecified,,,Unspecified,Unspecified,,,,,,
34436204,2016-09-29T20:03:51.000,2016-09-29T22:42:10.000,NYPD,New York City Police Department,Illegal Parking,Posted Parking Sign Violation,Street/Sidewalk,11368,108-51 37 DRIVE,37 DRIVE,108 STREET,DEAD END,ADDRESS,CORONA,Precinct,Closed,2016-09-30T04:03:51.000,The Police Department responded to the complaint and with the information available observed no evidence of the violation at that time.,2016-09-29T22:42:10.000,03 QUEENS,QUEENS,1023151,213734,Unspecified,QUEENS,40.75324141228486,-73.85959321977009,"{'type': 'Point', 'coordinates': [-73.85959321977009, 40.75324141228486]}",,,
34435684,2016-09-29T20:03:00.000,2016-10-08T14:22:37.000,HPD,Department of Housing Preservation and Development,PLUMBING,BASIN/SINK,RESIDENTIAL BUILDING,11223,2015 WEST   10 STREET,WEST   10 STREET,,,ADDRESS,BROOKLYN,N/A,Closed,,The Department of Housing Preservation and Development inspected the following conditions. Violations were issued. Information about specific violations is available at www.nyc.gov/hpd.,2016-10-08T14:22:37.000,11 BROOKLYN,BROOKLYN,989362,157065,Unspecified,BROOKLYN,40.597781920659074,-73.98159204095957,"{'type': 'Point', 'coordinates': [-73.98159204095957, 40.597781920659074]}",,,
34435852,2016-09-29T20:02:49.000,2016-09-29T22:59:24.000,NYPD,New York City Police Department,Non-Emergency Police Matter,Trespassing,Residential Building/House,11433,104-62 165 STREET,165 STREET,TUSKEGEE AIRMEN WAY,107 AVENUE,ADDRESS,JAMAICA,Precinct,Closed,2016-09-30T04:02:49.000,The Police Department responded to the complaint and with the information available observed no evidence of the violation at that time.,2016-09-29T22:59:24.000,12 QUEENS,QUEENS,1042217,194333,Unspecified,QUEENS,40.699886105629304,-73.79094495494998,"{'type': 'Point', 'coordinates': [-73.79094495494998, 40.699886105629304]}",,,
34430096,2016-09-29T20:02:00.000,2016-09-30T23:50:00.000,DOT,Department of Transportation,Street Light Condition,Street Light Out,,,,,WOODYCREST AVE,167 ST W,INTERSECTION,,N/A,Closed,,Service Request status for this request is available on the Department of Transportationâs website. Please click the âLearn Moreâ link below.,2016-09-30T23:50:00.000,Unspecified BRONX,BRONX,,,Unspecified,BRONX,,,,WOODYCREST AVE,167 ST W,
34436051,2016-09-29T20:01:56.000,2016-09-30T08:09:05.000,NYPD,New York City Police Department,Noise - Residential,Loud Music/Party,Residential Building/House,11367,155-15 71 AVENUE,71 AVENUE,KISSENA BOULEVARD,156 STREET,ADDRESS,FLUSHING,Precinct,Closed,2016-09-30T04:01:56.000,The Police Department responded to the complaint and with the information available observed no evidence of the violation at that time.,2016-09-30T08:09:05.000,08 QUEENS,QUEENS,1035955,205371,Unspecified,QUEENS,40.73022151142457,-73.81344368874777,"{'type': 'Point', 'coordinates': [-73.81344368874777, 40.73022151142457]}",,,
34430207,2016-09-29T20:01:40.000,2016-09-30T00:27:39.000,NYPD,New York City Police Department,Blocked Driveway,Partial Access,Street/Sidewalk,11420,149-27 118 STREET,118 STREET,149 AVENUE,150 AVENUE,ADDRESS,SOUTH OZONE PARK,Precinct,Closed,2016-09-30T04:01:40.000,The Police Department responded and upon arrival those responsible for the condition were gone.,2016-09-30T00:27:39.000,10 QUEENS,QUEENS,1033471,182800,Unspecified,QUEENS,40.66828368643181,-73.82257111351812,"{'type': 'Point', 'coordinates': [-73.82257111351812, 40.66828368643181]}",,,
34433912,2016-09-29T20:01:24.000,2016-09-30T00:27:39.000,NYPD,New York City Police Department,Blocked Driveway,Partial Access,Street/Sidewalk,11417,79-14 SUTTER AVENUE,SUTTER AVENUE,79 STREET,80 STREET,ADDRESS,OZONE PARK,Precinct,Closed,2016-09-30T04:01:24.000,The Police Department responded to the complaint and with the information available observed no evidence of the violation at that time.,2016-09-30T00:27:39.000,10 QUEENS,QUEENS,1023859,185188,Unspecified,QUEENS,40.674886423525955,-73.85720576918743,"{'type': 'Point', 'coordinates': [-73.85720576918743, 40.674886423525955]}",,,
34437524,2016-09-29T20:01:00.000,2016-09-30T12:00:00.000,DSNY,Department of Sanitation,Dirty Conditions,E3 Dirty Sidewalk,Sidewalk,11226,1600 CORTELYOU ROAD,CORTELYOU ROAD,EAST 16 STREET,EAST 17 STREET,ADDRESS,BROOKLYN,N/A,Closed,,The Department of Sanitation investigated this complaint and issued a Notice of Violation.,2016-09-30T12:00:00.000,14 BROOKLYN,BROOKLYN,994403,173054,Unspecified,BROOKLYN,40.64166405236773,-73.96341570373777,"{'type': 'Point', 'coordinates': [-73.96341570373777, 40.64166405236773]}",,,
34433956,2016-09-29T20:00:47.000,2016-09-30T04:29:03.000,NYPD,New York City Police Department,Blocked Driveway,No Access,Street/Sidewalk,10465,230 BLAIR AVENUE,BLAIR AVENUE,CROSS BRONX EP NB EN BLAIR AV,WISSMAN AVENUE,ADDRESS,BRONX,Precinct,Closed,2016-09-30T04:00:47.000,The Police Department responded to the complaint and determined that police action was not necessary.,2016-09-30T04:29:03.000,10 BRONX,BRONX,1037512,238022,Unspecified,BRONX,40.81983047407307,-73.8075671111509,"{'type': 'Point', 'coordinates': [-73.8075671111509, 40.81983047407307]}",,,
34434841,2016-09-29T20:00:08.000,2016-09-29T23:00:27.000,NYPD,New York City Police Department,Blocked Driveway,No Access,Street/Sidewalk,11433,153-19 107 AVENUE,107 AVENUE,153 STREET,154 STREET,ADDRESS,JAMAICA,Precinct,Closed,2016-09-30T04:00:08.000,The Police Department responded and upon arrival those responsible for the condition were gone.,2016-09-29T23:00:27.000,12 QUEENS,QUEENS,1039798,192578,Unspecified,QUEENS,40.695084566840784,-73.79968339847085,"{'type': 'Point', 'coordinates': [-73.79968339847085, 40.695084566840784]}",,,
34433070,2016-09-29T19:59:55.000,2016-10-08T09:00:45.000,DPR,Department of Parks and Recreation,Damaged Tree,Tree Leaning/Uprooted,Street,10301,219 WESTERVELT AVENUE,WESTERVELT AVENUE,CRESCENT AVENUE,BEND,ADDRESS,STATEN ISLAND,N/A,Closed,2016-11-14T15:00:18.000,The Department of Parks and Recreation performed the work necessary to correct the condition.,2016-10-08T09:00:46.000,01 STATEN ISLAND,STATEN ISLAND,961063,173427,Unspecified,STATEN ISLAND,40.64266332489871,-74.0835509588422,"{'type': 'Point', 'coordinates': [-74.0835509588422, 40.64266332489871]}",,,
34431792,2016-09-29T19:59:48.000,2016-09-30T16:09:29.000,DCWP,Department of Consumer and Worker Protection,DCA / DOH New License Application Request,Full Term Mobile Food Vendor License,,,,,,,,,N/A,Closed,2016-10-07T16:08:45.000,"The literature has been mailed. If it has not been received, please request it again from 311.",2016-09-30T16:09:29.000,0 Unspecified,Unspecified,,,Unspecified,Unspecified,,,,,,
34435791,2016-09-29T19:58:57.000,2016-10-06T12:30:31.000,HPD,Department of Housing Preservation and Development,UNSANITARY CONDITION,SEWAGE,RESIDENTIAL BUILDING,11220,463 52 STREET,52 STREET,,,ADDRESS,BROOKLYN,N/A,Closed,,The Department of Housing Preservation and Development inspected the following conditions. No violations were issued. The complaint has been closed.,2016-10-06T12:30:31.000,07 BROOKLYN,BROOKLYN,980817,174097,Unspecified,BROOKLYN,40.644532017167435,-74.01237065736271,"{'type': 'Point', 'coordinates': [-74.01237065736271, 40.644532017167435]}",,,
34436668,2016-09-29T19:58:57.000,2016-10-06T12:30:31.000,HPD,Department of Housing Preservation and Development,UNSANITARY CONDITION,MOLD,RESIDENTIAL BUILDING,11220,463 52 STREET,52 STREET,,,ADDRESS,BROOKLYN,N/A,Closed,,The Department of Housing Preservation and Development inspected the following conditions. No violations were issued. The complaint has been closed.,2016-10-06T12:30:31.000,07 BROOKLYN,BROOKLYN,980817,174097,Unspecified,BROOKLYN,40.644532017167435,-74.01237065736271,"{'type': 'Point', 'coordinates': [-74.01237065736271, 40.644532017167435]}",,,
34431542,2016-09-29T19:58:43.000,2016-09-29T21:12:46.000,NYPD,New York City Police Department,Illegal Parking,Blocked Sidewalk,Street/Sidewalk,11360,209-10 23 AVENUE,23 AVENUE,CORPORAL KENNEDY STREET,BEND,ADDRESS,BAYSIDE,Precinct,Closed,2016-09-30T03:58:43.000,The Police Department responded to the complaint and determined that police action was not necessary.,2016-09-29T21:12:46.000,07 QUEENS,QUEENS,1044735,223191,Unspecified,QUEENS,40.77907704787153,-73.78160447569216,"{'type': 'Point', 'coordinates': [-73.78160447569216, 40.77907704787153]}",,,
34436865,2016-09-29T19:58:18.000,2016-09-29T19:58:38.000,HRA,HRA Benefit Card Replacement,Benefit Card Replacement,Food Stamp,NYC Street Address,,,,,,,,N/A,Closed,,"The Human Resources Administration received your request. If you are eligible for a benefit card replacement, you will receive it in 7 to 10 business days. No further updates will be available by calling 311 or on 311 Online.",,0 Unspecified,Unspecified,,,Unspecified,Unspecified,,,,,,
34431998,2016-09-29T19:58:13.000,2016-09-29T20:10:29.000,DPR,Department of Parks and Recreation,Violation of Park Rules,Smoking,Park,10463,,,,,,BRONX,N/A,Closed,2016-10-13T19:58:13.000,The Department of Parks and Recreation has limited resources to follow up on this complaint. Your complaint will help the City schedule patrols and target particular areas for enforcement.,2016-09-29T20:10:29.000,08 BRONX,BRONX,,,Ewen Park,BRONX,,,,,,
34435011,2016-09-29T19:58:00.000,2016-11-17T10:58:00.000,DOT,Department of Transportation,Street Light Condition,Multiple Street Lights Out,,,LONG ISL EXPY,LONG ISL EXPY,CLEARVIEW EXPY,SEE COMMENTS FOR CROSS ST,BLOCKFACE,,N/A,Closed,,Service Request status for this request is available on the Department of Transportationâs website. Please click the âLearn Moreâ link below.,2016-11-17T10:58:00.000,Unspecified QUEENS,QUEENS,,,Unspecified,QUEENS,,,,,,
34430378,2016-09-29T19:57:35.000,2016-09-29T20:13:42.000,NYPD,New York City Police Department,Noise - Residential,Banging/Pounding,Residential Building/House,10011,346 WEST 22 STREET,WEST 22 STREET,8 AVENUE,9 AVENUE,ADDRESS,NEW YORK,Precinct,Closed,2016-09-30T03:57:35.000,The Police Department responded to the complaint and determined that police action was not necessary.,2016-09-29T20:13:42.000,04 MANHATTAN,MANHATTAN,984157,210771,Unspecified,MANHATTAN,40.74519429538955,-74.00033562756093,"{'type': 'Point', 'coordinates': [-74.00033562756093, 40.74519429538955]}",,,
34430600,2016-09-29T19:57:14.000,2016-09-29T20:57:50.000,NYPD,New York City Police Department,Illegal Parking,Posted Parking Sign Violation,Street/Sidewalk,11418,82-76 116 STREET,116 STREET,BEND,GROSVENOR ROAD,ADDRESS,RICHMOND HILL,Precinct,Closed,2016-09-30T03:57:14.000,The Police Department responded and upon arrival those responsible for the condition were gone.,2016-09-29T20:57:50.000,09 QUEENS,QUEENS,1029579,196933,Unspecified,QUEENS,40.70709624336016,-73.83650563918924,"{'type': 'Point', 'coordinates': [-73.83650563918924, 40.70709624336016]}",,,
34435284,2016-09-29T19:56:42.000,2016-09-29T23:33:44.000,NYPD,New York City Police Department,Illegal Parking,Double Parked Blocking Vehicle,Street/Sidewalk,10029,3 AVENUE,3 AVENUE,EAST 96 STREET,EAST 97 STREET,BLOCKFACE,NEW YORK,Precinct,Closed,2016-09-30T03:56:42.000,The Police Department responded to the complaint and with the information available observed no evidence of the violation at that time.,2016-09-29T23:33:44.000,11 MANHATTAN,MANHATTAN,998351,225473,Unspecified,MANHATTAN,40.78553623590017,-73.94908008550355,"{'type': 'Point', 'coordinates': [-73.94908008550355, 40.78553623590017]}",,,
34436424,2016-09-29T19:56:40.000,2017-02-07T12:38:22.000,DOT,Department of Transportation,Street Sign - Damaged,"No Parking, Standing, Stopping",Street,11421,89-43 97 STREET,97 STREET,89 AVENUE,91 AVENUE,ADDRESS,WOODHAVEN,N/A,Closed,2017-03-29T10:14:31.000,The Department of Transportation has completed the request or corrected the condition.,2017-02-07T12:38:22.000,09 QUEENS,QUEENS,1026578,191425,Unspecified,QUEENS,40.69199295751085,-73.84736435411426,"{'type': 'Point', 'coordinates': [-73.84736435411426, 40.69199295751085]}",,,
34435823,2016-09-29T19:55:29.000,2016-09-29T22:16:26.000,NYPD,New York City Police Department,Blocked Driveway,No Access,Street/Sidewalk,11356,20-06 126 STREET,126 STREET,20 AVENUE,22 AVENUE,ADDRESS,COLLEGE POINT,Precinct,Closed,2016-09-30T03:55:29.000,The Police Department responded and upon arrival those responsible for the condition were gone.,2016-09-29T22:16:26.000,07 QUEENS,QUEENS,1027914,224021,Unspecified,QUEENS,40.781454276666146,-73.84233515918315,"{'type': 'Point', 'coordinates': [-73.84233515918315, 40.781454276666146]}",,,
34429852,2016-09-29T19:55:12.000,2016-09-30T14:22:00.000,DOT,Department of Transportation,Street Condition,Pothole,,10475,2010 BARTOW AVENUE,BARTOW AVENUE,ASCH LOOP,BAYCHESTER AVENUE,ADDRESS,BRONX,N/A,Closed,,The Department of Transportation inspected this complaint and repaired the problem.,2016-09-30T14:22:00.000,10 BRONX,BRONX,1031089,255945,Unspecified,BRONX,40.86906015265271,-73.83064782994813,"{'type': 'Point', 'coordinates': [-73.83064782994813, 40.86906015265271]}",,,
34434029,2016-09-29T19:55:07.000,2016-09-30T00:47:50.000,NYPD,New York City Police Department,Derelict Vehicle,With License Plate,Street/Sidewalk,11229,,,,,INTERSECTION,BROOKLYN,Precinct,Closed,2016-09-30T03:55:07.000,This complaint does not fall under the Police Department's jurisdiction.,2016-09-30T00:47:50.000,15 BROOKLYN,BROOKLYN,996903,159257,Unspecified,BROOKLYN,40.60379095736712,-73.95443331813115,"{'type': 'Point', 'coordinates': [-73.95443331813115, 40.60379095736712]}",AVENUE S,EAST   18 STREET,
34439980,2016-09-29T19:54:45.000,2017-02-01T00:00:00.000,DOB,Department of Buildings,Building/Use,Illegal Conversion Of Residential Building/Space,,10019,140 WEST   55 STREET,WEST   55 STREET,,,ADDRESS,NEW YORK,N/A,Closed,,The Department of Buildings investigated this complaint and determined that no further action was necessary.,2017-02-01T00:00:00.000,05 MANHATTAN,MANHATTAN,989903,217488,Unspecified,MANHATTAN,40.76362894692173,-73.97959324991847,"{'type': 'Point', 'coordinates': [-73.97959324991847, 40.76362894692173]}",,,
34433529,2016-09-29T19:54:37.000,2016-10-03T15:04:16.000,DOT,Department of Transportation,Street Condition,Defective Hardware,Street,10016,EAST 27 STREET,EAST 27 STREET,3 AVENUE,2 AVENUE,BLOCKFACE,NEW YORK,N/A,Closed,2016-10-09T19:54:37.000,The Department of Transportation inspected the condition you reported and found that the condition meets its standards and/or there is a valid permit to conduct work.,2016-10-03T15:04:16.000,06 MANHATTAN,MANHATTAN,,,Unspecified,MANHATTAN,,,,,,
34434886,2016-09-29T19:54:00.000,2016-09-30T11:14:00.000,DOT,Department of Transportation,Street Light Condition,Lamppost Leaning,,11205,201 SPENCER STREET,SPENCER STREET,SPENCER ST,DE KALB AVE,INTERSECTION,BROOKLYN,N/A,Closed,,Service Request status for this request is available on the Department of Transportationâs website. Please click the âLearn Moreâ link below.,2016-09-30T11:14:00.000,03 BROOKLYN,BROOKLYN,996877,191036,Unspecified,BROOKLYN,40.6910174553822,-73.95446746327114,"{'type': 'Point', 'coordinates': [-73.95446746327114, 40.6910174553822]}",SPENCER STREET,DE KALB AVENUE,
34431413,2016-09-29T19:54:00.000,2016-09-29T19:54:00.000,DEP,Department of Environmental Protection,Hazardous Materials,Chemical Odor (HD1),,11219,1155 60 STREET,60 STREET,11 AVE,12 AVE,ADDRESS,BROOKLYN,N/A,Closed,,The Department of Environmental Protection investigated this complaint and sent it to the Bureau of Environmental Compliance for further action.,2016-09-29T19:54:00.000,12 BROOKLYN,BROOKLYN,983760,169093,Unspecified,BROOKLYN,40.63079775655998,-74.00176532905138,"{'type': 'Point', 'coordinates': [-74.00176532905138, 40.63079775655998]}",,,
34435982,2016-09-29T19:53:16.000,2016-09-29T23:30:28.000,NYPD,New York City Police Department,Noise - Residential,Banging/Pounding,Residential Building/House,11374,94-11 65 ROAD,65 ROAD,AUSTIN STREET,WETHEROLE STREET,ADDRESS,REGO PARK,Precinct,Closed,2016-09-30T03:53:16.000,The Police Department responded to the complaint and took action to fix the condition.,2016-09-29T23:30:28.000,06 QUEENS,QUEENS,1023138,203832,Unspecified,QUEENS,40.726062973162676,-73.85969738443654,"{'type': 'Point', 'coordinates': [-73.85969738443654, 40.726062973162676]}",,,
34434937,2016-09-29T19:53:15.000,2016-09-30T00:47:51.000,NYPD,New York City Police Department,Derelict Vehicle,With License Plate,Street/Sidewalk,11229,1887 EAST 18 STREET,EAST 18 STREET,AVENUE R,AVENUE S,ADDRESS,BROOKLYN,Precinct,Closed,2016-09-30T03:53:15.000,This complaint does not fall under the Police Department's jurisdiction.,2016-09-30T00:47:51.000,15 BROOKLYN,BROOKLYN,996877,159458,Unspecified,BROOKLYN,40.604342698428816,-73.95452657498339,"{'type': 'Point', 'coordinates': [-73.95452657498339, 40.604342698428816]}",,,
34435081,2016-09-29T19:53:12.000,2016-09-29T23:20:51.000,NYPD,New York City Police Department,Noise - Residential,Loud Music/Party,Residential Building/House,10468,2337 GRAND CONCOURSE,GRAND CONCOURSE,EAST 183 STREET,FIELD PLACE,ADDRESS,BRONX,Precinct,Closed,2016-09-30T03:53:12.000,The Police Department responded to the complaint and with the information available observed no evidence of the violation at that time.,2016-09-29T23:20:51.000,05 BRONX,BRONX,1012082,252034,Unspecified,BRONX,40.85840604170503,-73.89938613893433,"{'type': 'Point', 'coordinates': [-73.89938613893433, 40.85840604170503]}",,,
34435115,2016-09-29T19:52:56.000,2016-09-30T22:18:31.000,NYPD,New York City Police Department,Animal Abuse,Other (complaint details),Residential Building/House,10467,2504 BRONX PARK EAST,BRONX PARK EAST,MACE AVENUE,ALLERTON AVENUE,ADDRESS,BRONX,Precinct,Closed,2016-09-30T03:52:56.000,The Police Department responded to the complaint and with the information available observed no evidence of the violation at that time.,2016-09-30T22:18:31.000,11 BRONX,BRONX,1020097,253941,Unspecified,BRONX,40.86361127067218,-73.8704014119872,"{'type': 'Point', 'coordinates': [-73.8704014119872, 40.86361127067218]}",,,
34434831,2016-09-29T19:52:38.000,2016-12-01T09:42:18.000,HPD,Department of Housing Preservation and Development,UNSANITARY CONDITION,SEWAGE,RESIDENTIAL BUILDING,11369,31-08 93 STREET,93 STREET,,,ADDRESS,East Elmhurst,N/A,Closed,,"The Department of Housing Preservation and Development was not able to gain access to inspect the following conditions. The complaint has been closed. If the condition still exists, please file a new complaint.",2016-12-01T09:42:18.000,03 QUEENS,QUEENS,1018669,216179,Unspecified,QUEENS,40.75997088966035,-73.8757577241156,"{'type': 'Point', 'coordinates': [-73.8757577241156, 40.75997088966035]}",,,
34436978,2016-09-29T19:52:38.000,2016-12-01T09:42:18.000,HPD,Department of Housing Preservation and Development,UNSANITARY CONDITION,SEWAGE,RESIDENTIAL BUILDING,11369,31-08 93 STREET,93 STREET,,,ADDRESS,East Elmhurst,N/A,Closed,,"The Department of Housing Preservation and Development was not able to gain access to inspect the following conditions. The complaint has been closed. If the condition still exists, please file a new complaint.",2016-12-01T09:42:18.000,03 QUEENS,QUEENS,1018669,216179,Unspecified,QUEENS,40.75997088966035,-73.8757577241156,"{'type': 'Point', 'coordinates': [-73.8757577241156, 40.75997088966035]}",,,
34431166,2016-09-29T19:52:38.000,2016-12-01T09:42:18.000,HPD,Department of Housing Preservation and Development,WATER LEAK,SLOW LEAK,RESIDENTIAL BUILDING,11369,31-08 93 STREET,93 STREET,,,ADDRESS,East Elmhurst,N/A,Closed,,"The Department of Housing Preservation and Development was not able to gain access to inspect the following conditions. The complaint has been closed. If the condition still exists, please file a new complaint.",2016-12-01T09:42:18.000,03 QUEENS,QUEENS,1018669,216179,Unspecified,QUEENS,40.75997088966035,-73.8757577241156,"{'type': 'Point', 'coordinates': [-73.8757577241156, 40.75997088966035]}",,,
34430013,2016-09-29T19:52:06.000,2016-10-24T09:48:35.000,HPD,Department of Housing Preservation and Development,GENERAL,COOKING GAS,RESIDENTIAL BUILDING,11235,3029 BRIGHTON   12 STREET,BRIGHTON   12 STREET,,,ADDRESS,BROOKLYN,N/A,Closed,,"The Department of Housing Preservation and Development was not able to gain access to inspect the following conditions. The complaint has been closed. If the condition still exists, please file a new complaint.",2016-10-24T09:48:35.000,13 BROOKLYN,BROOKLYN,996179,150335,Unspecified,BROOKLYN,40.579302862451435,-73.95705637804446,"{'type': 'Point', 'coordinates': [-73.95705637804446, 40.579302862451435]}",,,
34437159,2016-09-29T19:52:03.000,2016-09-29T20:57:51.000,NYPD,New York City Police Department,Illegal Parking,Blocked Hydrant,Street/Sidewalk,11421,85-45 80 STREET,80 STREET,85 ROAD,85 DRIVE,ADDRESS,WOODHAVEN,Precinct,Closed,2016-09-30T03:52:03.000,The Police Department responded to the complaint and with the information available observed no evidence of the violation at that time.,2016-09-29T20:57:51.000,09 QUEENS,QUEENS,1022172,192318,Unspecified,QUEENS,40.6944640087123,-73.86324742700113,"{'type': 'Point', 'coordinates': [-73.86324742700113, 40.6944640087123]}",,,
34434094,2016-09-29T19:51:10.000,2016-09-30T19:55:54.000,HPD,Department of Housing Preservation and Development,HPD Literature Request,The ABCs of Housing,,,,,,,,,N/A,Closed,2016-09-30T19:51:10.000,"The literature will be emailed within 24 hours. If it is not received, please call 311 and submit a new request.",2016-09-29T19:55:36.000,0 Unspecified,Unspecified,,,Unspecified,Unspecified,,,,,,
34439690,2016-09-29T19:51:00.000,2016-09-30T12:00:00.000,DSNY,Department of Sanitation,Sanitation Condition,12 Dead Animals,Sidewalk,11368,110-15 37 AVENUE,37 AVENUE,111 STREET,111 STREET,ADDRESS,Corona,N/A,Closed,,The vehicle you reported has been removed by the Department of Sanitation.,2016-09-30T12:00:00.000,03 QUEENS,QUEENS,1023850,214073,Unspecified,QUEENS,40.75416877715931,-73.8570683018564,"{'type': 'Point', 'coordinates': [-73.8570683018564, 40.75416877715931]}",,,
34432838,2016-09-29T19:51:00.000,2016-09-30T09:56:00.000,DOT,Department of Transportation,Street Light Condition,Street Light Out,,11429,213 STREET,213 STREET,102 AVENUE,104 AVENUE,BLOCKFACE,Queens Village,N/A,Closed,,Service Request status for this request is available on the Department of Transportationâs website. Please click the âLearn Moreâ link below.,2016-09-30T09:56:00.000,13 QUEENS,QUEENS,1054908,198925,Unspecified,QUEENS,40.71239777652187,-73.7451275571642,"{'type': 'Point', 'coordinates': [-73.7451275571642, 40.71239777652187]}",,,
34437186,2016-09-29T19:49:40.000,2016-09-29T21:10:41.000,NYPD,New York City Police Department,Illegal Parking,Double Parked Blocking Vehicle,Street/Sidewalk,11421,83-20 98 STREET,98 STREET,WOODHAVEN BOULEVARD,FOREST PARK BOUNDARY,ADDRESS,WOODHAVEN,Precinct,Closed,2016-09-30T03:49:40.000,The Police Department responded and upon arrival those responsible for the condition were gone.,2016-09-29T21:10:41.000,09 QUEENS,QUEENS,1025085,194282,Unspecified,QUEENS,40.69984176251657,-73.85273081228438,"{'type': 'Point', 'coordinates': [-73.85273081228438, 40.69984176251657]}",,,
34430171,2016-09-29T19:49:36.000,2016-10-05T16:14:43.000,HPD,Department of Housing Preservation and Development,UNSANITARY CONDITION,SEWAGE,RESIDENTIAL BUILDING,11217,80 ST MARKS AVENUE,ST MARKS AVENUE,,,ADDRESS,BROOKLYN,N/A,Closed,,The Department of Housing Preservation and Development inspected the following conditions. Violations were issued. Information about specific violations is available at www.nyc.gov/hpd.,2016-10-05T16:14:43.000,06 BROOKLYN,BROOKLYN,991321,186946,Unspecified,BROOKLYN,40.679797523833244,-73.97450650281186,"{'type': 'Point', 'coordinates': [-73.97450650281186, 40.679797523833244]}",,,
34430086,2016-09-29T19:49:36.000,2016-10-05T16:14:42.000,HPD,Department of Housing Preservation and Development,PLUMBING,BASIN/SINK,RESIDENTIAL BUILDING,11217,80 ST MARKS AVENUE,ST MARKS AVENUE,,,ADDRESS,BROOKLYN,N/A,Closed,,The Department of Housing Preservation and Development inspected the following conditions. Violations were issued. Information about specific violations is available at www.nyc.gov/hpd.,2016-10-05T16:14:42.000,06 BROOKLYN,BROOKLYN,991321,186946,Unspecified,BROOKLYN,40.679797523833244,-73.97450650281186,"{'type': 'Point', 'coordinates': [-73.97450650281186, 40.679797523833244]}",,,
34437227,2016-09-29T19:49:00.000,2016-10-07T18:30:00.000,DEP,Department of Environmental Protection,Noise,Noise: Construction Equipment (NC1),,10023,165 WEST END AVENUE,WEST END AVENUE,W 66 ST,W 70 ST,ADDRESS,NEW YORK,N/A,Closed,,"The Department of Environmental Protection (DEP) didn't observe a violation of the NYC Air or Noise Code at the time of inspection and couldn't issue a summons.  If the problem still exists, please go to nyc.gov/311 or call 311 to file a new Service Request. If you're outside of New York City, please call (212) NEW-YORK (212-639-9675).",2016-10-07T18:30:00.000,07 MANHATTAN,MANHATTAN,987998,222393,Unspecified,MANHATTAN,40.777092906769276,-73.98646736892418,"{'type': 'Point', 'coordinates': [-73.98646736892418, 40.777092906769276]}",,,
34431551,2016-09-29T19:48:57.000,2016-09-29T21:05:16.000,NYPD,New York City Police Department,Illegal Parking,Blocked Sidewalk,Street/Sidewalk,10011,400 WEST 17 STREET,WEST 17 STREET,9 AVENUE,10 AVENUE,ADDRESS,NEW YORK,Precinct,Closed,2016-09-30T03:48:57.000,The Police Department responded to the complaint and with the information available observed no evidence of the violation at that time.,2016-09-29T21:05:16.000,04 MANHATTAN,MANHATTAN,983134,209927,Unspecified,MANHATTAN,40.742877656451284,-74.0040273906888,"{'type': 'Point', 'coordinates': [-74.0040273906888, 40.742877656451284]}",,,
34435616,2016-09-29T19:48:44.000,2016-10-09T08:52:21.000,HPD,Department of Housing Preservation and Development,APPLIANCE,ELECTRIC/GAS RANGE,RESIDENTIAL BUILDING,10031,514 WEST  135 STREET,WEST  135 STREET,,,ADDRESS,NEW YORK,N/A,Closed,,The Department of Housing Preservation and Development inspected the following conditions. No violations were issued. The complaint has been closed.,2016-10-09T08:52:21.000,09 MANHATTAN,MANHATTAN,997288,237744,Unspecified,MANHATTAN,40.81921839425427,-73.95289484000992,"{'type': 'Point', 'coordinates': [-73.95289484000992, 40.81921839425427]}",,,
34431541,2016-09-29T19:48:31.000,2016-09-29T21:08:28.000,NYPD,New York City Police Department,Illegal Parking,Blocked Hydrant,Street/Sidewalk,11377,32-30 70 STREET,70 STREET,32 AVENUE,NORTHERN BOULEVARD,ADDRESS,WOODSIDE,Precinct,Closed,2016-09-30T03:48:31.000,The Police Department reviewed your complaint and provided additional information below.,2016-09-29T21:08:28.000,03 QUEENS,QUEENS,1012847,214629,Unspecified,QUEENS,40.75573728651836,-73.89677997093631,"{'type': 'Point', 'coordinates': [-73.89677997093631, 40.75573728651836]}",,,
34432385,2016-09-29T19:48:00.000,2016-10-07T17:45:00.000,DEP,Department of Environmental Protection,Noise,Noise: Alarms (NR3),,11366,159-06 UNION TURNPIKE,UNION TURNPIKE,159 ST,160 ST,ADDRESS,Fresh Meadows,N/A,Closed,,The Department of Environmental Protection determined that this complaint is a duplicate of a previously filed complaint. The original complaint is being addressed.,2016-10-07T17:45:00.000,08 QUEENS,QUEENS,1037538,201770,Unspecified,QUEENS,40.720328269590894,-73.80776061338688,"{'type': 'Point', 'coordinates': [-73.80776061338688, 40.720328269590894]}",,,
34431883,2016-09-29T19:47:58.000,2016-10-03T02:13:07.000,HPD,Department of Housing Preservation and Development,HEAT/HOT WATER,ENTIRE BUILDING,RESIDENTIAL BUILDING,11236,589 EAST   94 STREET,EAST   94 STREET,,,ADDRESS,BROOKLYN,N/A,Closed,,"The Department of Housing Preservation and Development responded to a complaint of no heat or hot water and was advised by a tenant in the building that heat and hot water had been restored. If the condition still exists, please file a new complaint.",2016-10-03T02:13:07.000,17 BROOKLYN,BROOKLYN,1007669,177335,Unspecified,BROOKLYN,40.65338932342679,-73.91559949564412,"{'type': 'Point', 'coordinates': [-73.91559949564412, 40.65338932342679]}",,,
34432761,2016-09-29T19:47:54.000,2016-10-07T20:27:07.000,HPD,Department of Housing Preservation and Development,GENERAL,COOKING GAS,RESIDENTIAL BUILDING,10128,404 EAST   88 STREET,EAST   88 STREET,,,ADDRESS,NEW YORK,N/A,Closed,,The Department of Housing Preservation and Development inspected the following conditions. Violations were issued. Information about specific violations is available at www.nyc.gov/hpd.,2016-10-07T20:27:07.000,08 MANHATTAN,MANHATTAN,998645,222730,Unspecified,MANHATTAN,40.778006955853655,-73.94802430389814,"{'type': 'Point', 'coordinates': [-73.94802430389814, 40.778006955853655]}",,,
34431372,2016-09-29T19:47:47.000,2016-09-29T21:42:49.000,NYPD,New York City Police Department,Noise - Residential,Loud Music/Party,Residential Building/House,10301,26 CARROLL PLACE,CARROLL PLACE,WESTERVELT AVENUE,ST PETERS PLACE,ADDRESS,STATEN ISLAND,Precinct,Closed,2016-09-30T03:47:47.000,The Police Department responded to the complaint and with the information available observed no evidence of the violation at that time.,2016-09-29T21:42:49.000,01 STATEN ISLAND,STATEN ISLAND,960390,175155,Unspecified,STATEN ISLAND,40.64740452261698,-74.08598212603603,"{'type': 'Point', 'coordinates': [-74.08598212603603, 40.64740452261698]}",,,
34434672,2016-09-29T19:47:27.000,2016-10-05T16:14:42.000,HPD,Department of Housing Preservation and Development,ELECTRIC,NO LIGHTING,RESIDENTIAL BUILDING,11217,80 ST MARKS AVENUE,ST MARKS AVENUE,,,ADDRESS,BROOKLYN,N/A,Closed,,The Department of Housing Preservation and Development inspected the following conditions. Violations were issued. Information about specific violations is available at www.nyc.gov/hpd.,2016-10-05T16:14:42.000,06 BROOKLYN,BROOKLYN,991321,186946,Unspecified,BROOKLYN,40.679797523833244,-73.97450650281186,"{'type': 'Point', 'coordinates': [-73.97450650281186, 40.679797523833244]}",,,
34439571,2016-09-29T19:47:22.000,2016-10-02T00:00:00.000,DOB,Department of Buildings,General Construction/Plumbing,Debris - Falling Or In Danger Of Falling,,10013,146 MULBERRY STREET,MULBERRY STREET,,,ADDRESS,NEW YORK,N/A,Closed,,The Department of Buildings investigated this complaint and determined that no further action was necessary.,2016-10-02T00:00:00.000,02 MANHATTAN,MANHATTAN,984934,201164,Unspecified,MANHATTAN,40.718825411940514,-73.99753249005562,"{'type': 'Point', 'coordinates': [-73.99753249005562, 40.718825411940514]}",,,
34434107,2016-09-29T19:47:00.000,2016-09-30T10:00:00.000,DEP,Department of Environmental Protection,Air Quality,"Air: Dust, Construction/Demolition (AE4)",,10463,3103 FAIRFIELD AVENUE,FAIRFIELD AVENUE,W 231 ST,W 232 ST,ADDRESS,BRONX,N/A,Closed,,The Department of Environmental Protection determined that this complaint is a duplicate of a previously filed complaint. The original complaint is being addressed.,2016-09-30T10:00:00.000,08 BRONX,BRONX,1007972,261129,Unspecified,BRONX,40.883381021475124,-73.91421175320944,"{'type': 'Point', 'coordinates': [-73.91421175320944, 40.883381021475124]}",,,
34434190,2016-09-29T19:47:00.000,2016-09-30T15:45:00.000,DEP,Department of Environmental Protection,Air Quality,Air: Other Air Problem (Use Comments) (AZZ),,11219,1155 60 STREET,60 STREET,11 AVE,12 AVE,ADDRESS,BROOKLYN,N/A,Closed,,"The Department of Environmental Protection (DEP) didn't observe a violation of the NYC Air or Noise Code at the time of inspection and couldn't issue a summons.  If the problem still exists, please go to nyc.gov/311 or call 311 to file a new Service Request. If you're outside of New York City, please call (212) NEW-YORK (212-639-9675).",2016-09-30T15:45:00.000,12 BROOKLYN,BROOKLYN,983760,169093,Unspecified,BROOKLYN,40.63079775655998,-74.00176532905138,"{'type': 'Point', 'coordinates': [-74.00176532905138, 40.63079775655998]}",,,
34429827,2016-09-29T19:46:50.000,2016-10-07T14:23:57.000,DOT,Department of Transportation,Curb Condition,Curb Defect-Metal Protruding,Sidewalk,11203,,,,,INTERSECTION,BROOKLYN,N/A,Closed,2016-10-13T19:46:50.000,"The Department of Transportation inspected the condition you reported. You can find additional information in the ""Notes to Customer"" field.",2016-10-07T14:23:57.000,17 BROOKLYN,BROOKLYN,1005454,176287,Unspecified,BROOKLYN,40.650518373489504,-73.92358549749066,"{'type': 'Point', 'coordinates': [-73.92358549749066, 40.650518373489504]}",KINGS HIGHWAY,SNYDER AVENUE,
34436205,2016-09-29T19:46:20.000,2016-09-29T22:28:10.000,NYPD,New York City Police Department,Illegal Parking,Posted Parking Sign Violation,Street/Sidewalk,11209,145 71 STREET,71 STREET,RIDGECREST TERRACE,PERRY TERRACE,ADDRESS,BROOKLYN,Precinct,Closed,2016-09-30T03:46:20.000,The Police Department responded to the complaint and took action to fix the condition.,2016-09-29T22:28:10.000,10 BROOKLYN,BROOKLYN,975629,170715,Unspecified,BROOKLYN,40.63524562102656,-74.03106105394832,"{'type': 'Point', 'coordinates': [-74.03106105394832, 40.63524562102656]}",,,
34434056,2016-09-29T19:46:19.000,2016-09-29T22:22:48.000,NYPD,New York City Police Department,Noise - Residential,Banging/Pounding,Residential Building/House,10451,328 EAST 145 STREET,EAST 145 STREET,COLLEGE AVENUE,3 AVENUE,ADDRESS,BRONX,Precinct,Closed,2016-09-30T03:46:19.000,The Police Department responded to the complaint and a report was prepared.,2016-09-29T22:22:48.000,01 BRONX,BRONX,1005889,236144,Unspecified,BRONX,40.8148099628792,-73.92182534717347,"{'type': 'Point', 'coordinates': [-73.92182534717347, 40.8148099628792]}",,,
34434130,2016-09-29T19:45:47.000,2016-09-30T01:28:58.000,NYPD,New York City Police Department,Noise - Residential,Loud Talking,Residential Building/House,11206,101 HUMBOLDT STREET,HUMBOLDT STREET,SEIGEL STREET,BOERUM STREET,ADDRESS,BROOKLYN,Precinct,Closed,2016-09-30T03:45:47.000,The Police Department reviewed your complaint and provided additional information below.,2016-09-30T01:28:58.000,01 BROOKLYN,BROOKLYN,1000590,196049,Unspecified,BROOKLYN,40.70477089330443,-73.94106635226046,"{'type': 'Point', 'coordinates': [-73.94106635226046, 40.70477089330443]}",,,
34432879,2016-09-29T19:44:00.000,2016-10-03T14:05:00.000,DOT,Department of Transportation,Street Light Condition,Street Light Out,,10301,,,EMERSON AVE,OCEAN TERRACE,INTERSECTION,STATEN ISLAND,N/A,Closed,,Service Request status for this request is available on the Department of Transportationâs website. Please click the âLearn Moreâ link below.,2016-10-03T14:05:00.000,02 STATEN ISLAND,STATEN ISLAND,955977,159762,Unspecified,STATEN ISLAND,40.60514101034912,-74.10182036512778,"{'type': 'Point', 'coordinates': [-74.10182036512778, 40.60514101034912]}",EMERSON AVENUE,OCEAN TERRACE,
34431642,2016-09-29T19:44:00.000,2016-09-29T19:50:00.000,DEP,Department of Environmental Protection,Water System,Possible Water Main Break (Use Comments) (WA1),,11105,26-04 23 AVENUE,23 AVENUE,26 ST,27 ST,ADDRESS,Astoria,N/A,Closed,,"Please call 311 for further information. If you are outside of New York City, please call (212) NEW-YORK (212-639-9675).",2016-09-29T19:50:00.000,01 QUEENS,QUEENS,1007569,222161,Unspecified,QUEENS,40.77642616299447,-73.91580461266146,"{'type': 'Point', 'coordinates': [-73.91580461266146, 40.77642616299447]}",,,
34433809,2016-09-29T19:42:49.000,2016-10-30T16:04:31.000,HPD,Department of Housing Preservation and Development,PLUMBING,WATER SUPPLY,RESIDENTIAL BUILDING,10037,423 LENOX AVENUE,LENOX AVENUE,,,ADDRESS,NEW YORK,N/A,Closed,,The Department of Housing Preservation and Development inspected the following conditions. No violations were issued. The complaint has been closed.,2016-10-30T16:04:31.000,10 MANHATTAN,MANHATTAN,1000141,235026,Unspecified,MANHATTAN,40.8117535749766,-73.94259363725769,"{'type': 'Point', 'coordinates': [-73.94259363725769, 40.8117535749766]}",,,
34430099,2016-09-29T19:42:19.000,,DOHMH,Child Care and Camps Complaint Unit,Day Care,Other,Commercial Building,10027,115 WEST 127 STREET,WEST 127 STREET,LENOX AVENUE,7 AVENUE,ADDRESS,NEW YORK,N/A,Open,2016-10-02T19:42:19.000,The Department of Health and Mental Hygiene will review your complaint to determine the appropriate action. Complaints of this type usually result in an inspection. You can get the status 14 days after filing your complaint  by calling 311 or (646) 632-6101 on weekdays between 9 AM and 5 PM.  Please note your Service Request number for future reference.,,10 MANHATTAN,MANHATTAN,999401,234165,Unspecified,MANHATTAN,40.80939166961704,-73.94526883575034,"{'type': 'Point', 'coordinates': [-73.94526883575034, 40.80939166961704]}",,,
34435142,2016-09-29T19:42:09.000,2016-09-29T20:10:25.000,NYPD,New York City Police Department,Noise - Commercial,Loud Music/Party,Store/Commercial,10002,125 ORCHARD STREET,ORCHARD STREET,DELANCEY STREET,RIVINGTON STREET,ADDRESS,NEW YORK,Precinct,Closed,2016-09-30T03:42:09.000,The Police Department responded to the complaint and took action to fix the condition.,2016-09-29T20:10:25.000,03 MANHATTAN,MANHATTAN,987167,201454,Unspecified,MANHATTAN,40.719620937699304,-73.9894768824007,"{'type': 'Point', 'coordinates': [-73.9894768824007, 40.719620937699304]}",,,
34439749,2016-09-29T19:42:00.000,2016-09-30T12:00:00.000,DSNY,Department of Sanitation,Sanitation Condition,12 Dead Animals,Sidewalk,10306,,,RICHMOND ROAD,ARTHUR KILL ROAD,INTERSECTION,STATEN ISLAND,DSNY Garage,Closed,,The Department of Sanitation investigated this complaint and found no condition at the location.,2016-09-30T12:00:00.000,02 STATEN ISLAND,STATEN ISLAND,943414,147711,Unspecified,STATEN ISLAND,40.572014480870166,-74.14699095927658,"{'type': 'Point', 'coordinates': [-74.14699095927658, 40.572014480870166]}",RICHMOND ROAD,ARTHUR KILL ROAD,
34437121,2016-09-29T19:42:00.000,2016-09-30T19:42:00.000,DEP,Department of Environmental Protection,Lead,Lead Kit Request (Residential) (L10),,10310,367 BEMENT AVENUE,BEMENT AVENUE,CARY AVE,DELAFIELD AVE,ADDRESS,STATEN ISLAND,N/A,Closed,,The Department of Environmental Protection (DEP) mailed you the free lead test kit you requested. The kit includes instructions for collecting a water sample and contact information for DEP's Lead Program Unit if you have any questions. Please use the included pre-paid label to mail the sample to the lab for analysis. It may take the lab up to 30 days to complete their analysis and mail you the test results. This Service Request is closed and no further status will be available from 311.,2016-09-30T19:42:00.000,01 STATEN ISLAND,STATEN ISLAND,953192,169923,Unspecified,STATEN ISLAND,40.63302149674151,-74.11189679906296,"{'type': 'Point', 'coordinates': [-74.11189679906296, 40.63302149674151]}",,,
34433097,2016-09-29T19:41:59.000,2016-09-29T23:21:58.000,NYPD,New York City Police Department,Noise - Residential,Banging/Pounding,Residential Building/House,10025,55 WEST 100 STREET,WEST 100 STREET,MANHATTAN AVENUE,COLUMBUS AVENUE,ADDRESS,NEW YORK,Precinct,Closed,2016-09-30T03:41:59.000,The Police Department responded to the complaint and with the information available observed no evidence of the violation at that time.,2016-09-29T23:21:58.000,07 MANHATTAN,MANHATTAN,994093,228872,Unspecified,MANHATTAN,40.79487134430127,-73.96445110377068,"{'type': 'Point', 'coordinates': [-73.96445110377068, 40.79487134430127]}",,,
34441937,2016-09-29T19:41:00.000,2016-09-30T12:00:00.000,DSNY,Department of Sanitation,Sanitation Condition,12 Dead Animals,Sidewalk,10314,,,RICHMOND HILL ROAD,RICHMOND AVENUE,INTERSECTION,STATEN ISLAND,DSNY Garage,Closed,,The Department of Sanitation investigated this complaint and found no condition at the location.,2016-09-30T12:00:00.000,02 STATEN ISLAND,STATEN ISLAND,937703,153893,Unspecified,STATEN ISLAND,40.588954675167635,-74.16759047831839,"{'type': 'Point', 'coordinates': [-74.16759047831839, 40.588954675167635]}",RICHMOND HILL ROAD,RICHMOND AVENUE,
34432420,2016-09-29T19:40:27.000,2016-09-29T20:03:59.000,NYPD,New York City Police Department,Illegal Parking,Blocked Sidewalk,Street/Sidewalk,11223,2182 EAST 3 STREET,EAST 3 STREET,AVENUE U,AVENUE V,ADDRESS,BROOKLYN,Precinct,Closed,2016-09-30T03:40:27.000,Your request can not be processed at this time because of insufficient contact information. Please create a new Service Request on NYC.gov and provide more detailed contact information.,2016-09-29T20:03:59.000,15 BROOKLYN,BROOKLYN,992977,156686,Unspecified,BROOKLYN,40.59673881984736,-73.96857516603846,"{'type': 'Point', 'coordinates': [-73.96857516603846, 40.59673881984736]}",,,
34430604,2016-09-29T19:40:19.000,2016-09-29T22:31:22.000,NYPD,New York City Police Department,Illegal Parking,Blocked Hydrant,Street/Sidewalk,11377,32-30 70 STREET,70 STREET,32 AVENUE,NORTHERN BOULEVARD,ADDRESS,WOODSIDE,Precinct,Closed,2016-09-30T03:40:19.000,The Police Department responded and upon arrival those responsible for the condition were gone.,2016-09-29T22:31:22.000,03 QUEENS,QUEENS,1012847,214629,Unspecified,QUEENS,40.75573728651836,-73.89677997093631,"{'type': 'Point', 'coordinates': [-73.89677997093631, 40.75573728651836]}",,,
34430328,2016-09-29T19:40:00.000,2016-11-10T09:27:00.000,DOT,Department of Transportation,Street Light Condition,Street Light Out,,10312,4485 HYLAN BOULEVARD,HYLAN BOULEVARD,HYLAN BLVD,WOODS OF ARDEN RD,INTERSECTION,STATEN ISLAND,N/A,Closed,,Service Request status for this request is available on the Department of Transportationâs website. Please click the âLearn Moreâ link below.,2016-11-10T09:27:00.000,03 STATEN ISLAND,STATEN ISLAND,940186,132616,Unspecified,STATEN ISLAND,40.530566195090934,-74.1585119390954,"{'type': 'Point', 'coordinates': [-74.1585119390954, 40.530566195090934]}",HYLAN BOULEVARD,WOODS OF ARDEN ROAD,
34436821,2016-09-29T19:39:25.000,2017-02-09T10:40:12.000,DOE,School - PS 50 Frank Hankinson,School Maintenance,Unclean Condition,School,10306,200 ADELAIDE AVENUE,ADELAIDE AVENUE,ELMIRA STREET,WHITEHALL STREET,,STATEN ISLAND,School,Closed,2016-10-06T19:39:25.000,The Department of Education completed the work and corrected the condition.,2017-02-09T10:40:12.000,03 STATEN ISLAND,STATEN ISLAND,949623,143940,School - PS 50 Frank Hankinson,STATEN ISLAND,40.5616902523158,-74.12462211525013,"{'type': 'Point', 'coordinates': [-74.12462211525013, 40.5616902523158]}",,,
40806138,2016-09-29T19:39:21.000,2016-11-02T00:00:00.000,DOB,Department of Buildings,General Construction/Plumbing,Building Permit - None,,,20 PELTON AVENUE,PELTON AVENUE,,,,,N/A,Closed,,The Department of Buildings investigated this complaint and determined that no further action was necessary.,2016-11-02T00:00:00.000,Unspecified STATEN ISLAND,STATEN ISLAND,,,Unspecified,STATEN ISLAND,,,,,,
34433117,2016-09-29T19:38:47.000,2016-11-29T06:16:47.000,DOHMH,Department of Health and Mental Hygiene,Food Establishment,Letter Grading,Restaurant/Bar/Deli/Bakery,10019,730 10TH AVENUE,10TH AVENUE,,,LATLONG,NEW YORK,N/A,Closed,2016-11-28T19:38:47.000,"The Department of Health and Mental Hygiene has sent official written notification to the Owner/Landlord warning them of potential violations and instructing them to correct the situation.  If the situation persists 21 days after your initial complaint, please make a new complaint.",2016-11-29T06:16:48.000,04 MANHATTAN,MANHATTAN,986559,217793,Unspecified,MANHATTAN,40.764467599037964,-73.9916646419774,"{'type': 'Point', 'coordinates': [-73.9916646419774, 40.764467599037964]}",,,
34434372,2016-09-29T19:38:17.000,,DHS,Operations Unit - Department of Homeless Services,Homeless Person Assistance,N/A,House of Worship,10025,1047 AMSTERDAM AVENUE,AMSTERDAM AVENUE,WEST 111 STREET,WEST 112 STREET,ADDRESS,NEW YORK,N/A,Assigned,2016-09-29T20:38:17.000,The Department of Homeless Services has sent a mobile outreach response team to the location.,2016-09-29T19:45:02.000,09 MANHATTAN,MANHATTAN,994455,232180,Unspecified,MANHATTAN,40.80395049043714,-73.9631386803454,"{'type': 'Point', 'coordinates': [-73.9631386803454, 40.80395049043714]}",,,
34436955,2016-09-29T19:38:00.000,2016-10-05T23:05:00.000,DOT,Department of Transportation,Street Light Condition,Street Light Out,,10001,246 5 AVE,5 AVE,27 ST E,28 ST E,INTERSECTION,NEW YORK,N/A,Closed,,Service Request status for this request is available on the Department of Transportationâs website. Please click the âLearn Moreâ link below.,2016-10-05T23:05:00.000,05 MANHATTAN,MANHATTAN,987749,210552,Unspecified,MANHATTAN,40.744592503483645,-73.98737257815122,"{'type': 'Point', 'coordinates': [-73.98737257815122, 40.744592503483645]}",27 ST W,5 AVE,
34440488,2016-09-29T19:38:00.000,2016-09-30T12:00:00.000,DSNY,Department of Sanitation,Sanitation Condition,12 Dead Animals,Sidewalk,10303,,,MAPLE PARKWAY,SPIRIT LANE,INTERSECTION,STATEN ISLAND,DSNY Garage,Closed,,The vehicle you reported has been removed by the Department of Sanitation.,2016-09-30T12:00:00.000,01 STATEN ISLAND,STATEN ISLAND,940784,168195,Unspecified,STATEN ISLAND,40.62822631417843,-74.1565895448778,"{'type': 'Point', 'coordinates': [-74.1565895448778, 40.62822631417843]}",MAPLE PARKWAY,SPIRIT LANE,
34437199,2016-09-29T19:37:23.000,2016-10-06T08:48:31.000,TLC,Taxi and Limousine Commission,Taxi Complaint,Driver Complaint,,10017,,,,,INTERSECTION,NEW YORK,N/A,Closed,2016-11-14T09:07:25.000,The Taxi and Limousine Commission was unable to identify the driver or medallion owner in relation to your complaint.,2016-10-06T08:48:31.000,06 MANHATTAN,MANHATTAN,991331,212802,Unspecified,MANHATTAN,40.75076604483484,-73.97444325196058,"{'type': 'Point', 'coordinates': [-73.97444325196058, 40.75076604483484]}",EAST   42 STREET,3 AVENUE,Other
34432267,2016-09-29T19:37:06.000,2016-09-29T20:34:43.000,DHS,Operations Unit - Department of Homeless Services,Homeless Person Assistance,N/A,Street/Sidewalk,11239,,,,,INTERSECTION,BROOKLYN,N/A,Closed,2016-09-29T22:04:43.000,The mobile outreach response team went to the location provided but could not find the individual that you reported.,2016-09-29T20:34:43.000,05 BROOKLYN,BROOKLYN,1018240,173942,Unspecified,BROOKLYN,40.644042017082526,-73.87751946067259,"{'type': 'Point', 'coordinates': [-73.87751946067259, 40.644042017082526]}",SEAVIEW AVENUE,PENNSYLVANIA AVENUE,
34436874,2016-09-29T19:37:03.000,2016-09-29T23:21:59.000,NYPD,New York City Police Department,Noise - Residential,Banging/Pounding,Residential Building/House,10002,38 RUTGERS STREET,RUTGERS STREET,MADISON STREET,CHERRY STREET,ADDRESS,NEW YORK,Precinct,Closed,2016-09-30T03:37:03.000,The Police Department responded to the complaint and a report was prepared.,2016-09-29T23:21:59.000,03 MANHATTAN,MANHATTAN,987033,198874,Unspecified,MANHATTAN,40.71253949867867,-73.98996135586496,"{'type': 'Point', 'coordinates': [-73.98996135586496, 40.71253949867867]}",,,
34436252,2016-09-29T19:37:00.000,2016-10-07T22:45:00.000,DEP,Department of Environmental Protection,Noise,Noise: Construction Before/After Hours (NM1),,10011,250 WEST   19 STREET,WEST   19 STREET,7 AVE,8 AVE,ADDRESS,NEW YORK,N/A,Closed,,"The Department of Environmental Protection (DEP) didn't observe a violation of the NYC Air or Noise Code at the time of inspection and couldn't issue a summons.  If the problem still exists, please go to nyc.gov/311 or call 311 to file a new Service Request. If you're outside of New York City, please call (212) NEW-YORK (212-639-9675).",2016-10-07T22:45:00.000,04 MANHATTAN,MANHATTAN,984560,209696,Unspecified,MANHATTAN,40.74224368404842,-73.9988812910098,"{'type': 'Point', 'coordinates': [-73.9988812910098, 40.74224368404842]}",,,
34434172,2016-09-29T19:36:00.000,2016-10-03T22:00:00.000,DEP,Department of Environmental Protection,Noise,Noise: air condition/ventilation equipment (NV1),,10010,305 EAST   24 STREET,EAST   24 STREET,2 AVE,1 AVE,ADDRESS,NEW YORK,N/A,Closed,,"The Department of Environmental Protection (DEP) didn't observe a violation of the NYC Air or Noise Code at the time of inspection and couldn't issue a summons.  If the problem still exists, please go to nyc.gov/311 or call 311 to file a new Service Request. If you're outside of New York City, please call (212) NEW-YORK (212-639-9675).",2016-10-03T22:00:00.000,06 MANHATTAN,MANHATTAN,989768,208304,Unspecified,MANHATTAN,40.73842127408734,-73.98008812218568,"{'type': 'Point', 'coordinates': [-73.98008812218568, 40.73842127408734]}",,,
34435838,2016-09-29T19:34:31.000,2016-09-30T05:05:49.000,NYPD,New York City Police Department,Blocked Driveway,Partial Access,Street/Sidewalk,11378,54-40 66 STREET,66 STREET,54 AVENUE,JAY AVENUE,ADDRESS,MASPETH,Precinct,Closed,2016-09-30T03:34:31.000,The Police Department responded and upon arrival those responsible for the condition were gone.,2016-09-30T05:05:49.000,05 QUEENS,QUEENS,1012320,204521,Unspecified,QUEENS,40.72799505244722,-73.89872434181844,"{'type': 'Point', 'coordinates': [-73.89872434181844, 40.72799505244722]}",,,
